date,no2_zmcdmx,year,month,dayofyear,n_cells_valid,valid_weight_sum
2005-01-01,4072747955261727.0,2005,1,1,18,0.9999999999999988
2005-01-02,6253649106351763.0,2005,1,2,18,0.9999999999999988
2005-01-03,7512596016264147.0,2005,1,3,18,0.9999999999999988
2005-01-04,1.3957575361210208e+16,2005,1,4,18,0.9999999999999988
2005-01-05,1.4933904832458992e+16,2005,1,5,18,0.9999999999999988
2005-01-06,1.3294655892581238e+16,2005,1,6,18,0.9999999999999988
2005-01-07,1.3055861797158442e+16,2005,1,7,18,0.9999999999999988
2005-01-08,7202520449152060.0,2005,1,8,18,0.9999999999999988
2005-01-09,6003538343884372.0,2005,1,9,18,0.9999999999999988
2005-01-10,1.1198657721383856e+16,2005,1,10,18,0.9999999999999988
2005-01-11,1.4248143314361978e+16,2005,1,11,18,0.9999999999999988
2005-01-12,6304848216452656.0,2005,1,12,18,0.9999999999999988
2005-01-13,1.4068326196332498e+16,2005,1,13,18,0.9999999999999988
2005-01-14,1.6758347594340804e+16,2005,1,14,18,0.9999999999999988
2005-01-15,1.3247941329365578e+16,2005,1,15,18,0.9999999999999988
2005-01-16,4536987642136805.0,2005,1,16,18,0.9999999999999988
2005-01-17,9405616938191626.0,2005,1,17,18,0.9999999999999988
2005-01-18,1.3490650506613374e+16,2005,1,18,18,0.9999999999999988
2005-01-19,5684187833533318.0,2005,1,19,18,0.9999999999999988
2005-01-20,,2005,1,20,0,0.0
2005-01-21,1.5783976777278034e+16,2005,1,21,16,0.941057463390498
2005-01-22,4190966493329805.5,2005,1,22,4,0.1620320959933496
2005-01-23,,2005,1,23,0,0.0
2005-01-24,1.4200538997351486e+16,2005,1,24,18,0.9999999999999988
2005-01-25,1.4019069614809754e+16,2005,1,25,18,0.9999999999999988
2005-01-26,1.165392034162598e+16,2005,1,26,18,0.9999999999999988
2005-01-27,1.3985074779814648e+16,2005,1,27,18,0.9999999999999988
2005-01-28,8782452784014150.0,2005,1,28,18,0.9999999999999988
2005-01-29,1.1699595519909696e+16,2005,1,29,18,0.9999999999999988
2005-01-30,7059789856200419.0,2005,1,30,18,0.9999999999999988
2005-01-31,1648116457646915.8,2005,1,31,5,0.1965032700616051
2005-02-01,8786225964183446.0,2005,2,32,16,0.9933970155055594
2005-02-02,3972680191943840.0,2005,2,33,17,0.8994204708653557
2005-02-03,1.4313786967498762e+16,2005,2,34,18,0.9999999999999988
2005-02-04,4326190121431939.0,2005,2,35,18,0.9999999999999988
2005-02-05,4586523778869091.0,2005,2,36,13,0.620701442869302
2005-02-06,5467168204001619.0,2005,2,37,14,0.7471315747426276
2005-02-07,1.055505115228527e+16,2005,2,38,18,0.9999999999999988
2005-02-08,1.0300684669012784e+16,2005,2,39,18,0.9999999999999988
2005-02-09,,2005,2,40,0,0.0
2005-02-10,1.0334637422407948e+16,2005,2,41,18,0.9999999999999988
2005-02-11,1.0173373550557328e+16,2005,2,42,18,0.9999999999999988
2005-02-12,9317980085738208.0,2005,2,43,18,0.9999999999999988
2005-02-13,3095672880463357.5,2005,2,44,18,0.9999999999999988
2005-02-14,1.1175734309360836e+16,2005,2,45,18,0.9999999999999988
2005-02-15,5031671755167029.0,2005,2,46,14,0.678415420211935
2005-02-16,8328296083291094.0,2005,2,47,18,0.9999999999999988
2005-02-17,1.1685658392342602e+16,2005,2,48,18,0.9999999999999988
2005-02-18,5019531420088753.0,2005,2,49,18,0.9999999999999988
2005-02-19,9267617086056318.0,2005,2,50,18,0.9999999999999988
2005-02-20,4437381514028627.0,2005,2,51,18,0.9999999999999988
2005-02-21,,2005,2,52,0,0.0
2005-02-22,2242175122353623.5,2005,2,53,6,0.3283244201841088
2005-02-23,1.1742189310330762e+16,2005,2,54,11,0.7424444771070182
2005-02-24,,2005,2,55,0,0.0
2005-02-25,7495783790767096.0,2005,2,56,15,0.9094921009376266
2005-02-26,,2005,2,57,0,0.0
2005-02-27,1945862212619052.8,2005,2,58,4,0.1262189006315998
2005-02-28,4843279871799355.0,2005,2,59,18,0.9999999999999988
2005-03-01,4424876709859269.0,2005,3,60,18,0.9999999999999988
2005-03-02,1.3212177430535522e+16,2005,3,61,17,0.9783086441716043
2005-03-03,2561679010992208.5,2005,3,62,5,0.2312238125250364
2005-03-04,3269468390652743.0,2005,3,63,16,0.8680667516031939
2005-03-05,1134339900301081.8,2005,3,64,3,0.1193938396746676
2005-03-06,,2005,3,65,0,0.0
2005-03-07,2001158986463920.8,2005,3,66,11,0.5151054691361844
2005-03-08,1334138351639273.5,2005,3,67,18,0.9999999999999988
2005-03-09,5477007937856106.0,2005,3,68,18,0.9999999999999988
2005-03-10,160462187971561.47,2005,3,69,15,0.7761134248748316
2005-03-11,4254071671020206.5,2005,3,70,12,0.4946270202920392
2005-03-12,4599458567474950.0,2005,3,71,18,0.9999999999999988
2005-03-13,4248119282944264.0,2005,3,72,17,0.987618037406628
2005-03-14,2697496878623122.0,2005,3,73,6,0.3191508174835121
2005-03-15,,2005,3,74,0,0.0
2005-03-16,4330966949258279.0,2005,3,75,10,0.5358601141449999
2005-03-17,4538183088308944.0,2005,3,76,18,0.9999999999999988
2005-03-18,1.0040007195705206e+16,2005,3,77,18,0.9999999999999988
2005-03-19,1.1877618663327344e+16,2005,3,78,18,0.9999999999999988
2005-03-20,6711572021654642.0,2005,3,79,18,0.9999999999999988
2005-03-21,7376059569178714.0,2005,3,80,18,0.9999999999999988
2005-03-22,7456394442103258.0,2005,3,81,18,0.9999999999999988
2005-03-23,7886944871602851.0,2005,3,82,18,0.9999999999999988
2005-03-24,3536121306140375.0,2005,3,83,18,0.9999999999999988
2005-03-25,,2005,3,84,0,0.0
2005-03-26,1692170675290112.0,2005,3,85,1,0.00375576018709
2005-03-27,8055193891584410.0,2005,3,86,16,0.9933970155055594
2005-03-28,5897603726081837.0,2005,3,87,9,0.2677691819564424
2005-03-29,7497272611357150.0,2005,3,88,12,0.8565045802551592
2005-03-30,-45151150130379.25,2005,3,89,8,0.318514943057738
2005-03-31,8911421391721518.0,2005,3,90,18,0.9999999999999988
2005-04-01,9456042084959114.0,2005,4,91,18,0.9999999999999988
2005-04-02,5921579334491780.0,2005,4,92,18,0.9999999999999988
2005-04-03,6597807328201359.0,2005,4,93,18,0.9999999999999988
2005-04-04,8146577652018011.0,2005,4,94,17,0.953439425983869
2005-04-05,8347956793332797.0,2005,4,95,18,0.9999999999999988
2005-04-06,8900838291691995.0,2005,4,96,18,0.9999999999999988
2005-04-07,4992918318202565.0,2005,4,97,14,0.8732336990740834
2005-04-08,,2005,4,98,0,0.0
2005-04-09,3033214902772051.0,2005,4,99,18,0.9999999999999988
2005-04-10,3973361980202421.0,2005,4,100,18,0.9999999999999988
2005-04-11,6032980467248632.0,2005,4,101,18,0.9999999999999988
2005-04-12,9367808929705282.0,2005,4,102,18,0.9999999999999988
2005-04-13,9792632799345968.0,2005,4,103,18,0.9999999999999988
2005-04-14,7316710278735614.0,2005,4,104,14,0.8492706941724938
2005-04-15,-603175910674265.9,2005,4,105,4,0.1180483037293552
2005-04-16,6004842426948879.0,2005,4,106,18,0.9999999999999988
2005-04-17,4090350957970505.0,2005,4,107,18,0.9999999999999988
2005-04-18,3515695136041233.0,2005,4,108,10,0.6867333345888292
2005-04-19,5918683096982193.0,2005,4,109,17,0.9870706371123122
2005-04-20,3473148700146560.0,2005,4,110,7,0.2588655379649751
2005-04-21,6770653496684929.0,2005,4,111,18,0.9999999999999988
2005-04-22,3754052324690855.0,2005,4,112,12,0.5648731925095157
2005-04-23,1151690443786661.2,2005,4,113,8,0.378416823768409
2005-04-24,3807212045180209.5,2005,4,114,18,0.9999999999999988
2005-04-25,3262205740522570.5,2005,4,115,18,0.9999999999999988
2005-04-26,,2005,4,116,0,0.0
2005-04-27,8075720670665365.0,2005,4,117,18,0.9999999999999988
2005-04-28,9695088016439910.0,2005,4,118,18,0.9999999999999988
2005-04-29,8626567330922302.0,2005,4,119,17,0.953439425983869
2005-04-30,6562802493510615.0,2005,4,120,18,0.9999999999999988
2005-05-01,2638699104034508.0,2005,5,121,11,0.5019094793818352
2005-05-02,4425214969979879.0,2005,5,122,18,0.9999999999999988
2005-05-03,6599855922593187.0,2005,5,123,18,0.9999999999999988
2005-05-04,4977685728571550.0,2005,5,124,18,0.9999999999999988
2005-05-05,7341361176242435.0,2005,5,125,17,0.9870706371123122
2005-05-06,,2005,5,126,0,0.0
2005-05-07,5211225785582288.0,2005,5,127,7,0.3660348611750381
2005-05-08,3567242938913800.0,2005,5,128,6,0.1769908403388561
2005-05-09,5709148502437205.0,2005,5,129,18,0.9999999999999988
2005-05-10,8567198187349299.0,2005,5,130,13,0.7110020750430263
2005-05-11,4372292664893878.5,2005,5,131,9,0.5671820487853954
2005-05-12,4827459289343234.0,2005,5,132,13,0.6601806699363878
2005-05-13,,2005,5,133,0,0.0
2005-05-14,3412199373654000.5,2005,5,134,14,0.7610548745218972
2005-05-15,2166220842742758.5,2005,5,135,10,0.507702321917483
2005-05-16,5226061247563839.0,2005,5,136,18,0.9999999999999988
2005-05-17,5955194511447205.0,2005,5,137,17,0.953439425983869
2005-05-18,4339401373755119.0,2005,5,138,18,0.9999999999999988
2005-05-19,5980142765990500.0,2005,5,139,18,0.9999999999999988
2005-05-20,2483534300505839.5,2005,5,140,17,0.9962442398129088
2005-05-21,7342104921169390.0,2005,5,141,18,0.9999999999999988
2005-05-22,5280910059609426.0,2005,5,142,18,0.9999999999999988
2005-05-23,5362286885337666.0,2005,5,143,18,0.9999999999999988
2005-05-24,3909227232171905.0,2005,5,144,9,0.2838361599097948
2005-05-25,4400890558918218.5,2005,5,145,15,0.8264729941465789
2005-05-26,7361960105102808.0,2005,5,146,18,0.9999999999999988
2005-05-27,,2005,5,147,0,0.0
2005-05-28,,2005,5,148,0,0.0
2005-05-29,,2005,5,149,0,0.0
2005-05-30,6714480139864325.0,2005,5,150,17,0.9477821863308344
2005-05-31,7215129485816630.0,2005,5,151,11,0.595368422098542
2005-06-01,2986746101315205.0,2005,6,152,7,0.201358783926814
2005-06-02,5027767931387817.0,2005,6,153,15,0.937301703203408
2005-06-03,5359826930213667.0,2005,6,154,18,0.9999999999999988
2005-06-04,5601400846093961.0,2005,6,155,18,0.9999999999999988
2005-06-05,1293385531105673.0,2005,6,156,14,0.8135436312588923
2005-06-06,4558937735104834.0,2005,6,157,18,0.9999999999999988
2005-06-07,6334449445391451.0,2005,6,158,9,0.4949554504742568
2005-06-08,4261328081298521.5,2005,6,159,18,0.9999999999999988
2005-06-09,4291630265909143.0,2005,6,160,18,0.9999999999999988
2005-06-10,4571342238219466.0,2005,6,161,18,0.9999999999999988
2005-06-11,5227887763870550.0,2005,6,162,18,0.9999999999999988
2005-06-12,3121679515553350.0,2005,6,163,7,0.2344953915290004
2005-06-13,4691107398578368.0,2005,6,164,13,0.5011757054042735
2005-06-14,4291523189120887.0,2005,6,165,18,0.9999999999999988
2005-06-15,,2005,6,166,0,0.0
2005-06-16,,2005,6,167,0,0.0
2005-06-17,5461452987379048.0,2005,6,168,18,0.9999999999999988
2005-06-18,4811535655945051.0,2005,6,169,18,0.9999999999999988
2005-06-19,4030876707520632.0,2005,6,170,18,0.9999999999999988
2005-06-20,2171589461688485.2,2005,6,171,14,0.7311655167002749
2005-06-21,,2005,6,172,0,0.0
2005-06-22,,2005,6,173,0,0.0
2005-06-23,1238679439802368.0,2005,6,174,1,0.0463845361880279
2005-06-24,,2005,6,175,0,0.0
2005-06-25,,2005,6,176,0,0.0
2005-06-26,927671798202368.0,2005,6,177,1,0.0008399629398123
2005-06-27,603532467053079.6,2005,6,178,5,0.1721133990896929
2005-06-28,,2005,6,179,0,0.0
2005-06-29,,2005,6,180,0,0.0
2005-06-30,4500669741857936.0,2005,6,181,5,0.1397396595577497
2005-07-01,4200568573082331.0,2005,7,182,13,0.7942599555781849
2005-07-02,4048287561778561.0,2005,7,183,10,0.5824953706307323
2005-07-03,3778909287500805.0,2005,7,184,18,0.9999999999999988
2005-07-04,,2005,7,185,0,0.0
2005-07-05,1566210156134400.0,2005,7,186,1,0.0150585503529344
2005-07-06,1700517675598091.2,2005,7,187,9,0.3874870252702342
2005-07-07,1682050546582307.2,2005,7,188,6,0.4351268074904832
2005-07-08,5126586171344520.0,2005,7,189,18,0.9999999999999988
2005-07-09,5799455017497512.0,2005,7,190,16,0.9440264261437444
2005-07-10,4458834592960605.5,2005,7,191,17,0.9477821863308344
2005-07-11,3099676114525039.5,2005,7,192,4,0.0682221088635039
2005-07-12,4767095466235133.0,2005,7,193,9,0.5061651652206368
2005-07-13,,2005,7,194,0,0.0
2005-07-14,2461907506254959.5,2005,7,195,2,0.0066029844944396
2005-07-15,3250285987993802.0,2005,7,196,18,0.9999999999999988
2005-07-16,1867206430294016.0,2005,7,197,2,0.0066029844944396
2005-07-17,1438410855015290.0,2005,7,198,4,0.0908532513790607
2005-07-18,1621413775577115.0,2005,7,199,4,0.1013587164656903
2005-07-19,3928692753432575.0,2005,7,200,5,0.1397396595577497
2005-07-20,4405302158641965.0,2005,7,201,15,0.98247491398541
2005-07-21,,2005,7,202,0,0.0
2005-07-22,1784352041335041.5,2005,7,203,12,0.6716755797964583
2005-07-23,1432542931930046.2,2005,7,204,5,0.1326296296445673
2005-07-24,,2005,7,205,0,0.0
2005-07-25,1057543489060864.0,2005,7,206,1,0.0150585503529344
2005-07-26,2652430656576478.0,2005,7,207,2,0.0472244991278402
2005-07-27,3008026785087488.0,2005,7,208,1,0.0150585503529344
2005-07-28,2194277782286823.2,2005,7,209,13,0.7397208552712966
2005-07-29,8599640922964176.0,2005,7,210,18,0.9999999999999988
2005-07-30,4010683584952411.0,2005,7,211,18,0.9999999999999988
2005-07-31,,2005,7,212,0,0.0
2005-08-01,2512145540889182.5,2005,8,213,3,0.021661534847374
2005-08-02,,2005,8,214,0,0.0
2005-08-03,,2005,8,215,0,0.0
2005-08-04,2804480699631663.5,2005,8,216,6,0.1964330141350958
2005-08-05,2856895475875840.0,2005,8,217,1,0.0008399629398123
2005-08-06,1271406687944704.0,2005,8,218,1,0.0129293628876867
2005-08-07,3763061236281563.0,2005,8,219,18,0.9999999999999988
2005-08-08,1280350017814528.0,2005,8,220,1,0.0150585503529344
2005-08-09,6124893957607442.0,2005,8,221,18,0.9999999999999988
2005-08-10,5365432494077538.0,2005,8,222,18,0.9999999999999988
2005-08-11,4984179398211908.0,2005,8,223,11,0.7734759931463674
2005-08-12,4928649146133639.0,2005,8,224,17,0.9962442398129088
2005-08-13,,2005,8,225,0,0.0
2005-08-14,1856198524790131.5,2005,8,226,16,0.9954042768730966
2005-08-15,,2005,8,227,0,0.0
2005-08-16,1559575691470824.8,2005,8,228,11,0.6216360843241894
2005-08-17,,2005,8,229,0,0.0
2005-08-18,3852922306535346.5,2005,8,230,14,0.8043366928782061
2005-08-19,2631667557387314.5,2005,8,231,2,0.0066029844944396
2005-08-20,,2005,8,232,0,0.0
2005-08-21,264139141893996.62,2005,8,233,2,0.0587664987813989
2005-08-22,,2005,8,234,0,0.0
2005-08-23,,2005,8,235,0,0.0
2005-08-24,,2005,8,236,0,0.0
2005-08-25,3995751534105876.0,2005,8,237,14,0.7459293567368316
2005-08-26,4219364992244955.0,2005,8,238,17,0.9962442398129088
2005-08-27,6328691465828744.0,2005,8,239,17,0.9477821863308344
2005-08-28,3507933289837409.0,2005,8,240,18,0.9999999999999988
2005-08-29,2718667892698283.0,2005,8,241,4,0.1013587164656903
2005-08-30,2221859086314522.5,2005,8,242,5,0.1947557994323744
2005-08-31,,2005,8,243,0,0.0
2005-09-01,,2005,9,244,0,0.0
2005-09-02,,2005,9,245,0,0.0
2005-09-03,212099936011758.47,2005,9,246,7,0.2588655379649751
2005-09-04,,2005,9,247,0,0.0
2005-09-05,3029601869004491.0,2005,9,248,16,0.9327236359779
2005-09-06,3259863259477613.5,2005,9,249,6,0.5815109925337955
2005-09-07,3096355501887833.5,2005,9,250,2,0.0503163342032199
2005-09-08,5036283650105343.0,2005,9,251,9,0.8288016359707884
2005-09-09,,2005,9,252,0,0.0
2005-09-10,2393466432487941.0,2005,9,253,14,0.7943914101994743
2005-09-11,4879300826300387.0,2005,9,254,17,0.9962442398129088
2005-09-12,7488487395051981.0,2005,9,255,12,0.7790253673971484
2005-09-13,3397222896450367.0,2005,9,256,14,0.6875890229125317
2005-09-14,4845361326070364.0,2005,9,257,18,0.9999999999999988
2005-09-15,5992650560749733.0,2005,9,258,18,0.9999999999999988
2005-09-16,1456101495537397.0,2005,9,259,18,0.9999999999999988
2005-09-17,3633075777520595.0,2005,9,260,14,0.7119052096424509
2005-09-18,3727144390660929.5,2005,9,261,16,0.941057463390498
2005-09-19,2278475835349178.5,2005,9,262,16,0.8472026571961913
2005-09-20,1965792943916079.2,2005,9,263,5,0.1062844862574085
2005-09-21,5244089933828804.0,2005,9,264,3,0.1098142823241851
2005-09-22,7805038678140470.0,2005,9,265,18,0.9999999999999988
2005-09-23,9010405351700524.0,2005,9,266,18,0.9999999999999988
2005-09-24,5769595617516682.0,2005,9,267,18,0.9999999999999988
2005-09-25,1647002009984046.2,2005,9,268,10,0.6178803241370994
2005-09-26,1291374930427904.0,2005,9,269,1,0.0465605740161299
2005-09-27,1944858965045036.0,2005,9,270,3,0.0529875206824675
2005-09-28,8410444384981331.0,2005,9,271,18,0.9999999999999988
2005-09-29,2653610292712370.0,2005,9,272,10,0.4771952114537034
2005-09-30,4424496880461428.0,2005,9,273,18,0.9999999999999988
2005-10-01,5420272355491245.0,2005,10,274,18,0.9999999999999988
2005-10-02,2197952563979236.8,2005,10,275,16,0.9178789205806256
2005-10-03,,2005,10,276,0,0.0
2005-10-04,,2005,10,277,0,0.0
2005-10-05,,2005,10,278,0,0.0
2005-10-06,,2005,10,279,0,0.0
2005-10-07,,2005,10,280,0,0.0
2005-10-08,4805548400372876.0,2005,10,281,12,0.7452917014143677
2005-10-09,,2005,10,282,0,0.0
2005-10-10,4299501729809310.5,2005,10,283,15,0.9028203702276912
2005-10-11,,2005,10,284,0,0.0
2005-10-12,6257114787462183.0,2005,10,285,15,0.9190407036603644
2005-10-13,7996555237142963.0,2005,10,286,16,0.983862277219538
2005-10-14,3512966693048527.5,2005,10,287,18,0.9999999999999988
2005-10-15,5137931163337866.0,2005,10,288,13,0.8162765481782549
2005-10-16,3647635258687393.0,2005,10,289,18,0.9999999999999988
2005-10-17,5408579229239293.0,2005,10,290,18,0.9999999999999988
2005-10-18,3794456702740161.0,2005,10,291,18,0.9999999999999988
2005-10-19,8876992180876466.0,2005,10,292,18,0.9999999999999988
2005-10-20,6709436693480696.0,2005,10,293,18,0.9999999999999988
2005-10-21,4297008211380861.5,2005,10,294,18,0.9999999999999988
2005-10-22,4714149499010904.0,2005,10,295,18,0.9999999999999988
2005-10-23,6022356615383494.0,2005,10,296,18,0.9999999999999988
2005-10-24,8504995478765181.0,2005,10,297,16,0.9383808756309346
2005-10-25,,2005,10,298,0,0.0
2005-10-26,7149583170978120.0,2005,10,299,10,0.689204334439372
2005-10-27,2247885010322506.0,2005,10,300,3,0.17352700585342
2005-10-28,1.0307550657641384e+16,2005,10,301,16,0.8659558172472706
2005-10-29,1093929326413537.8,2005,10,302,7,0.3607287762770678
2005-10-30,3174722673646936.5,2005,10,303,18,0.9999999999999988
2005-10-31,1.0199173957997642e+16,2005,10,304,18,0.9999999999999988
2005-11-01,2842201011546835.5,2005,11,305,18,0.9999999999999988
2005-11-02,,2005,11,306,0,0.0
2005-11-03,7813665989859008.0,2005,11,307,18,0.9999999999999988
2005-11-04,,2005,11,308,0,0.0
2005-11-05,9413433210498736.0,2005,11,309,18,0.9999999999999988
2005-11-06,8538022851243309.0,2005,11,310,18,0.9999999999999988
2005-11-07,1.4553289896198286e+16,2005,11,311,12,0.6173299420423956
2005-11-08,7795038687854592.0,2005,11,312,1,0.0129293628876867
2005-11-09,1.2150985290685114e+16,2005,11,313,16,0.9184263208749412
2005-11-10,5017406776936710.0,2005,11,314,16,0.9933970155055594
2005-11-11,8260568059929971.0,2005,11,315,18,0.9999999999999988
2005-11-12,5377988397146772.0,2005,11,316,18,0.9999999999999988
2005-11-13,3563576926653762.0,2005,11,317,18,0.9999999999999988
2005-11-14,1.2709647694079182e+16,2005,11,318,18,0.9999999999999988
2005-11-15,1.0734573438012924e+16,2005,11,319,18,0.9999999999999988
2005-11-16,3686680062197865.5,2005,11,320,10,0.5684029885762923
2005-11-17,1788928767391535.5,2005,11,321,14,0.7664313117871407
2005-11-18,1.175935145355455e+16,2005,11,322,17,0.9849414496470644
2005-11-19,5105520976349090.0,2005,11,323,18,0.9999999999999988
2005-11-20,1.0289266461671118e+16,2005,11,324,17,0.9849414496470644
2005-11-21,1.2057561424567504e+16,2005,11,325,14,0.8379679040066494
2005-11-22,1.3663973838686136e+16,2005,11,326,18,0.9999999999999988
2005-11-23,1.3903697299936936e+16,2005,11,327,18,0.9999999999999988
2005-11-24,1.4606667018126572e+16,2005,11,328,18,0.9999999999999988
2005-11-25,1.322471515276999e+16,2005,11,329,18,0.9999999999999988
2005-11-26,8244065862217174.0,2005,11,330,13,0.596589051128371
2005-11-27,1.2445328440443586e+16,2005,11,331,16,0.9725456226169772
2005-11-28,1.0382120894257896e+16,2005,11,332,18,0.9999999999999988
2005-11-29,1.6992175988114306e+16,2005,11,333,18,0.9999999999999988
2005-11-30,1.7229799870625446e+16,2005,11,334,18,0.9999999999999988
2005-12-01,1.1554033980241548e+16,2005,12,335,18,0.9999999999999988
2005-12-02,1.5684761393429404e+16,2005,12,336,13,0.7918522754304977
2005-12-03,1.256512965475758e+16,2005,12,337,12,0.7650204272878726
2005-12-04,8690216284078117.0,2005,12,338,18,0.9999999999999988
2005-12-05,3358902018029346.0,2005,12,339,16,0.8808741215927736
2005-12-06,,2005,12,340,0,0.0
2005-12-07,,2005,12,341,0,0.0
2005-12-08,1.0705065016239376e+16,2005,12,342,13,0.7669830572427623
2005-12-09,1.926148915250841e+16,2005,12,343,16,0.9383808756309346
2005-12-10,1.523603608463776e+16,2005,12,344,18,0.9999999999999988
2005-12-11,7768099070105848.0,2005,12,345,18,0.9999999999999988
2005-12-12,1.009263214952829e+16,2005,12,346,18,0.9999999999999988
2005-12-13,1.083629452321178e+16,2005,12,347,18,0.9999999999999988
2005-12-14,8155506888484418.0,2005,12,348,18,0.9999999999999988
2005-12-15,1.7049743350808746e+16,2005,12,349,18,0.9999999999999988
2005-12-16,6736622151482140.0,2005,12,350,18,0.9999999999999988
2005-12-17,8616013402947563.0,2005,12,351,18,0.9999999999999988
2005-12-18,1.6454324840842708e+16,2005,12,352,18,0.9999999999999988
2005-12-19,5009346772251856.0,2005,12,353,5,0.1716340518738697
2005-12-20,3170698654035325.0,2005,12,354,7,0.2738401537303552
2005-12-21,3074262281226324.5,2005,12,355,9,0.4703701504967713
2005-12-22,1.2389402694884672e+16,2005,12,356,18,0.9999999999999988
2005-12-23,,2005,12,357,0,0.0
2005-12-24,1.0595102823166754e+16,2005,12,358,18,0.9999999999999988
2005-12-25,6349187857235597.0,2005,12,359,18,0.9999999999999988
2005-12-26,1.2136205930405316e+16,2005,12,360,18,0.9999999999999988
2005-12-27,1.6516421318380372e+16,2005,12,361,18,0.9999999999999988
2005-12-28,1.234071066063098e+16,2005,12,362,18,0.9999999999999988
2005-12-29,1.1732324638581226e+16,2005,12,363,18,0.9999999999999988
2005-12-30,9804544128810840.0,2005,12,364,18,0.9999999999999988
2005-12-31,1.3476211894766558e+16,2005,12,365,18,0.9999999999999988
2006-01-01,5825104225109695.0,2006,1,1,18,0.9999999999999988
2006-01-02,1.046651787010195e+16,2006,1,2,18,0.9999999999999988
2006-01-03,1.0929941210006808e+16,2006,1,3,18,0.9999999999999988
2006-01-04,1.009856374614557e+16,2006,1,4,18,0.9999999999999988
2006-01-05,1.1418846989167154e+16,2006,1,5,18,0.9999999999999988
2006-01-06,4454696072863030.5,2006,1,6,18,0.9999999999999988
2006-01-07,,2006,1,7,0,0.0
2006-01-08,1.1911866630461574e+16,2006,1,8,18,0.9999999999999988
2006-01-09,1.6216416695612536e+16,2006,1,9,18,0.9999999999999988
2006-01-10,1.6766938170564002e+16,2006,1,10,18,0.9999999999999988
2006-01-11,1.247392404702263e+16,2006,1,11,18,0.9999999999999988
2006-01-12,1.5726230857328552e+16,2006,1,12,18,0.9999999999999988
2006-01-13,6510790397593187.0,2006,1,13,18,0.9999999999999988
2006-01-14,1.2150567706917788e+16,2006,1,14,18,0.9999999999999988
2006-01-15,4983034723798671.0,2006,1,15,18,0.9999999999999988
2006-01-16,1.1446545311505166e+16,2006,1,16,18,0.9999999999999988
2006-01-17,1.5153236299467592e+16,2006,1,17,18,0.9999999999999988
2006-01-18,1.3447076964601708e+16,2006,1,18,18,0.9999999999999988
2006-01-19,1.63414433304091e+16,2006,1,19,18,0.9999999999999988
2006-01-20,9606126328381668.0,2006,1,20,18,0.9999999999999988
2006-01-21,1.2942249785329966e+16,2006,1,21,18,0.9999999999999988
2006-01-22,5536554132840630.0,2006,1,22,18,0.9999999999999988
2006-01-23,1.176975789065413e+16,2006,1,23,18,0.9999999999999988
2006-01-24,4459844996557229.0,2006,1,24,13,0.6324022464901207
2006-01-25,,2006,1,25,0,0.0
2006-01-26,3.063934084035088e+16,2006,1,26,12,0.7881989700977451
2006-01-27,1.3248907884719148e+16,2006,1,27,18,0.9999999999999988
2006-01-28,1.083580292714673e+16,2006,1,28,10,0.6441251603602337
2006-01-29,,2006,1,29,0,0.0
2006-01-30,1.3384142524523752e+16,2006,1,30,18,0.9999999999999988
2006-01-31,1505634080879570.8,2006,1,31,16,0.7737047983827106
2006-02-01,3594987739491083.0,2006,2,32,17,0.9991600370601866
2006-02-02,9792936684667094.0,2006,2,33,18,0.9999999999999988
2006-02-03,1.3620749405182834e+16,2006,2,34,18,0.9999999999999988
2006-02-04,1.1361931146394842e+16,2006,2,35,18,0.9999999999999988
2006-02-05,5001806125360220.0,2006,2,36,18,0.9999999999999988
2006-02-06,8656869644620125.0,2006,2,37,18,0.9999999999999988
2006-02-07,5386000900237097.0,2006,2,38,18,0.9999999999999988
2006-02-08,,2006,2,39,0,0.0
2006-02-09,1.0059836418159956e+16,2006,2,40,18,0.9999999999999988
2006-02-10,1.253316756200817e+16,2006,2,41,18,0.9999999999999988
2006-02-11,3925588894527667.0,2006,2,42,3,0.1469735456404152
2006-02-12,9517649154130282.0,2006,2,43,16,0.9440264261437444
2006-02-13,1.6605042312970372e+16,2006,2,44,18,0.9999999999999988
2006-02-14,1.0742151052133102e+16,2006,2,45,18,0.9999999999999988
2006-02-15,1.062455392942527e+16,2006,2,46,18,0.9999999999999988
2006-02-16,7019502483974654.0,2006,2,47,18,0.9999999999999988
2006-02-17,8672561566730686.0,2006,2,48,18,0.9999999999999988
2006-02-18,1.0764464643350542e+16,2006,2,49,18,0.9999999999999988
2006-02-19,6760592136859142.0,2006,2,50,18,0.9999999999999988
2006-02-20,1.058449426965018e+16,2006,2,51,18,0.9999999999999988
2006-02-21,7623540949787963.0,2006,2,52,18,0.9999999999999988
2006-02-22,,2006,2,53,0,0.0
2006-02-23,6995601796648104.0,2006,2,54,18,0.9999999999999988
2006-02-24,1.1257813373566308e+16,2006,2,55,18,0.9999999999999988
2006-02-25,5617119469736160.0,2006,2,56,18,0.9999999999999988
2006-02-26,406505715966924.25,2006,2,57,13,0.649376149352643
2006-02-27,1.3232981554880408e+16,2006,2,58,18,0.9999999999999988
2006-02-28,,2006,2,59,0,0.0
2006-03-03,9531439772509756.0,2006,3,62,18,0.9999999999999988
2006-03-04,7658333957398030.0,2006,3,63,18,0.9999999999999988
2006-03-05,7936303508084490.0,2006,3,64,18,0.9999999999999988
2006-03-06,1.0510700852322092e+16,2006,3,65,18,0.9999999999999988
2006-03-07,7595925605882334.0,2006,3,66,18,0.9999999999999988
2006-03-08,9784234591184784.0,2006,3,67,18,0.9999999999999988
2006-03-09,6922830265544514.0,2006,3,68,18,0.9999999999999988
2006-03-10,1.0129968577914204e+16,2006,3,69,18,0.9999999999999988
2006-03-11,5157789520912269.0,2006,3,70,18,0.9999999999999988
2006-03-12,6721579172318220.0,2006,3,71,18,0.9999999999999988
2006-03-13,7641138326158818.0,2006,3,72,18,0.9999999999999988
2006-03-14,6256264804641821.0,2006,3,73,18,0.9999999999999988
2006-03-15,3894992886670009.5,2006,3,74,18,0.9999999999999988
2006-03-16,8941444390342173.0,2006,3,75,18,0.9999999999999988
2006-03-17,8690898731176339.0,2006,3,76,18,0.9999999999999988
2006-03-18,6137001300023481.0,2006,3,77,18,0.9999999999999988
2006-03-19,3136278512802766.5,2006,3,78,18,0.9999999999999988
2006-03-20,6456158848856437.0,2006,3,79,18,0.9999999999999988
2006-03-21,6228102832293877.0,2006,3,80,18,0.9999999999999988
2006-03-22,2163062877992669.5,2006,3,81,8,0.3572504576751641
2006-03-23,5879421066762091.0,2006,3,82,18,0.9999999999999988
2006-03-24,856263684387409.9,2006,3,83,3,0.0195323473821263
2006-03-25,3044171492967107.0,2006,3,84,7,0.5163277667628736
2006-03-26,2146086261226464.8,2006,3,85,10,0.5209982458166309
2006-03-27,1159463587989076.5,2006,3,86,5,0.1230500722940848
2006-03-28,9283399563817804.0,2006,3,87,16,0.9327236359779
2006-03-29,4079550531740839.0,2006,3,88,4,0.1507293058275052
2006-03-30,1.1781637933039092e+16,2006,3,89,18,0.9999999999999988
2006-03-31,3746466255429601.0,2006,3,90,9,0.3913461866560958
2006-04-01,7864491115483546.0,2006,4,91,18,0.9999999999999988
2006-04-02,4687493996075475.0,2006,4,92,18,0.9999999999999988
2006-04-03,4217925488572569.5,2006,4,93,18,0.9999999999999988
2006-04-04,5977063176316463.0,2006,4,94,18,0.9999999999999988
2006-04-05,6264092917185691.0,2006,4,95,18,0.9999999999999988
2006-04-06,9840973189187330.0,2006,4,96,18,0.9999999999999988
2006-04-07,1991737874607261.2,2006,4,97,11,0.5004378192738017
2006-04-08,3238305693649715.5,2006,4,98,18,0.9999999999999988
2006-04-09,3959348552023159.0,2006,4,99,11,0.6644408981532293
2006-04-10,4342011567749445.0,2006,4,100,15,0.9682563265722878
2006-04-11,5900453897401484.0,2006,4,101,18,0.9999999999999988
2006-04-12,4878079814152617.0,2006,4,102,18,0.9999999999999988
2006-04-13,4604679134661807.0,2006,4,103,18,0.9999999999999988
2006-04-14,4170034041746853.0,2006,4,104,18,0.9999999999999988
2006-04-15,5735414416012856.0,2006,4,105,18,0.9999999999999988
2006-04-16,4076835249762249.5,2006,4,106,6,0.1606314873918207
2006-04-17,2768097804646151.0,2006,4,107,12,0.522129175102196
2006-04-18,7092275590953231.0,2006,4,108,18,0.9999999999999988
2006-04-19,6256851587232691.0,2006,4,109,18,0.9999999999999988
2006-04-20,3660771395751927.0,2006,4,110,16,0.830228754333669
2006-04-21,1578228789356189.0,2006,4,111,17,0.9962442398129088
2006-04-22,4598622964311617.0,2006,4,112,10,0.4856047386778077
2006-04-23,,2006,4,113,0,0.0
2006-04-24,7229786279934152.0,2006,4,114,16,0.9811856894599744
2006-04-25,5449086746580391.0,2006,4,115,16,0.941057463390498
2006-04-26,4361249661411577.0,2006,4,116,18,0.9999999999999988
2006-04-27,5758239371606660.0,2006,4,117,18,0.9999999999999988
2006-04-28,4265930112754687.0,2006,4,118,18,0.9999999999999988
2006-04-29,4788343823275842.0,2006,4,119,6,0.1686350804877892
2006-04-30,3698470718821361.5,2006,4,120,3,0.1469735456404152
2006-05-01,4261556670937990.5,2006,5,121,14,0.9204495387867826
2006-05-02,,2006,5,122,0,0.0
2006-05-03,6456428549661488.0,2006,5,123,18,0.9999999999999988
2006-05-04,6448063206915018.0,2006,5,124,16,0.9498597036248811
2006-05-05,5508879701444292.0,2006,5,125,17,0.9477821863308344
2006-05-06,2960055606025764.5,2006,5,126,15,0.7139759256151785
2006-05-07,1712467590955556.8,2006,5,127,18,0.9999999999999988
2006-05-08,6100499166732897.0,2006,5,128,7,0.2344953915290004
2006-05-09,1015007471526116.4,2006,5,129,8,0.3349274046785483
2006-05-10,6322308786939648.0,2006,5,130,18,0.9999999999999988
2006-05-11,2510753963798042.5,2006,5,131,17,0.8994204708653557
2006-05-12,4922591377663441.0,2006,5,132,17,0.9849414496470644
2006-05-13,2384909672808712.5,2006,5,133,17,0.9870706371123122
2006-05-14,2923806628985363.5,2006,5,134,17,0.9962442398129088
2006-05-15,2668585323784896.0,2006,5,135,18,0.9999999999999988
2006-05-16,1842916623142860.0,2006,5,136,16,0.9052442680287482
2006-05-17,3164992004585972.0,2006,5,137,14,0.78308862003363
2006-05-18,6928229709620579.0,2006,5,138,13,0.8162765481782549
2006-05-19,6658177668806279.0,2006,5,139,17,0.9349392169531112
2006-05-20,4506011045551160.0,2006,5,140,12,0.7650204272878726
2006-05-21,4947437011061413.0,2006,5,141,18,0.9999999999999988
2006-05-22,5524627665807316.0,2006,5,142,18,0.9999999999999988
2006-05-23,4682986096118686.0,2006,5,143,18,0.9999999999999988
2006-05-24,6763068580702317.0,2006,5,144,18,0.9999999999999988
2006-05-25,8876329948654883.0,2006,5,145,18,0.9999999999999988
2006-05-26,8035866403974349.0,2006,5,146,16,0.9383808756309346
2006-05-27,3980145267353175.0,2006,5,147,16,0.8659558172472706
2006-05-28,,2006,5,148,0,0.0
2006-05-29,2070803764158009.5,2006,5,149,5,0.4049694884014185
2006-05-30,,2006,5,150,0,0.0
2006-05-31,4908135850796096.0,2006,5,151,17,0.9849414496470644
2006-06-01,,2006,6,152,0,0.0
2006-06-02,4163201201743463.0,2006,6,153,14,0.8562597962115612
2006-06-03,,2006,6,154,0,0.0
2006-06-04,,2006,6,155,0,0.0
2006-06-05,,2006,6,156,0,0.0
2006-06-06,,2006,6,157,0,0.0
2006-06-07,5669001996928554.0,2006,6,158,16,0.9348528234431476
2006-06-08,4312014600934545.0,2006,6,159,18,0.9999999999999988
2006-06-09,6676885768187383.0,2006,6,160,18,0.9999999999999988
2006-06-10,6429826685715553.0,2006,6,161,18,0.9999999999999988
2006-06-11,4694219831359243.0,2006,6,162,18,0.9999999999999988
2006-06-12,6318410079763243.0,2006,6,163,17,0.8802682498253696
2006-06-13,4428127136424847.0,2006,6,164,18,0.9999999999999988
2006-06-14,5176338139304244.0,2006,6,165,18,0.9999999999999988
2006-06-15,2714705819934485.0,2006,6,166,14,0.7664313117871407
2006-06-16,,2006,6,167,0,0.0
2006-06-17,3544999717602154.5,2006,6,168,12,0.7790253673971484
2006-06-18,1857936985595736.0,2006,6,169,7,0.3806703934719485
2006-06-19,5594041607889348.0,2006,6,170,15,0.9014885078416582
2006-06-20,4745448158750701.0,2006,6,171,18,0.9999999999999988
2006-06-21,5545646434512686.0,2006,6,172,18,0.9999999999999988
2006-06-22,2059558116287137.2,2006,6,173,3,0.0288278761804334
2006-06-23,2981287901302331.0,2006,6,174,12,0.6561076736142983
2006-06-24,1536739865300739.5,2006,6,175,10,0.663600935213417
2006-06-25,3757167525671446.5,2006,6,176,18,0.9999999999999988
2006-06-26,4975407982599002.0,2006,6,177,18,0.9999999999999988
2006-06-27,4932128252012454.0,2006,6,178,18,0.9999999999999988
2006-06-28,2006029375052166.0,2006,6,179,8,0.378416823768409
2006-06-29,,2006,6,180,0,0.0
2006-06-30,686193972871168.0,2006,6,181,1,0.0150585503529344
2006-07-01,2496368434606942.5,2006,7,182,9,0.5443156800034947
2006-07-02,2224198361685085.2,2006,7,183,15,0.9146705606878512
2006-07-03,,2006,7,184,0,0.0
2006-07-04,5743494055654038.0,2006,7,185,6,0.3798304305321362
2006-07-05,2212228878173825.5,2006,7,186,15,0.807320773087161
2006-07-06,5215480387669791.0,2006,7,187,18,0.9999999999999988
2006-07-07,2267059477422663.5,2006,7,188,16,0.8803267212984579
2006-07-08,1901497717620736.0,2006,7,189,1,0.0129293628876867
2006-07-09,2688327963941977.0,2006,7,190,8,0.5124915436138839
2006-07-10,,2006,7,191,0,0.0
2006-07-11,6228220315142485.0,2006,7,192,17,0.9849414496470644
2006-07-12,4244893489872881.5,2006,7,193,7,0.6819144838403366
2006-07-13,6665711404597362.0,2006,7,194,17,0.987618037406628
2006-07-14,7741460996755922.0,2006,7,195,13,0.7018284723424296
2006-07-15,,2006,7,196,0,0.0
2006-07-16,3129021747977298.5,2006,7,197,10,0.4080223973824204
2006-07-17,1715736473958860.8,2006,7,198,15,0.8861630619617701
2006-07-18,,2006,7,199,0,0.0
2006-07-19,1584421148222691.8,2006,7,200,8,0.2626212981520651
2006-07-20,1518805289319552.0,2006,7,201,4,0.0320501005099241
2006-07-21,,2006,7,202,0,0.0
2006-07-22,,2006,7,203,0,0.0
2006-07-23,,2006,7,204,0,0.0
2006-07-24,,2006,7,205,0,0.0
2006-07-25,2263928698160845.0,2006,7,206,10,0.4976184474211028
2006-07-26,1238020567974938.0,2006,7,207,4,0.0738793485165385
2006-07-27,3838900328928564.0,2006,7,208,15,0.8530264543595838
2006-07-28,1609048294162432.0,2006,7,209,2,0.0066029844944396
2006-07-29,5893937950999805.0,2006,7,210,12,0.7575645420546518
2006-07-30,4643524025141829.0,2006,7,211,17,0.9870706371123122
2006-07-31,3962551730046373.0,2006,7,212,9,0.5556071007263047
2006-08-01,3285285173446687.5,2006,8,213,10,0.5459168959332046
2006-08-02,1662814030998319.5,2006,8,214,3,0.0282943403228341
2006-08-03,2687423632473841.0,2006,8,215,2,0.0225313187682068
2006-08-04,2570709456912384.0,2006,8,216,3,0.1469735456404152
2006-08-05,,2006,8,217,0,0.0
2006-08-06,5425040284804106.0,2006,8,218,4,0.0933551233697217
2006-08-07,2676039503314944.0,2006,8,219,1,0.0008399629398123
2006-08-08,2201056118324280.0,2006,8,220,12,0.5740801308902017
2006-08-09,1526388829978624.0,2006,8,221,1,0.0129293628876867
2006-08-10,5044982289775019.0,2006,8,222,18,0.9999999999999988
2006-08-11,1168036397318761.5,2006,8,223,7,0.3219980417908617
2006-08-12,2883495794091275.5,2006,8,224,14,0.7551029594374282
2006-08-13,2162351472794388.0,2006,8,225,13,0.5871899581490837
2006-08-14,3186052031838043.0,2006,8,226,16,0.9052442680287482
2006-08-15,6307669464159421.0,2006,8,227,3,0.0875921018150945
2006-08-16,4933287503757385.0,2006,8,228,18,0.9999999999999988
2006-08-17,6946537732899108.0,2006,8,229,18,0.9999999999999988
2006-08-18,3591029781536066.5,2006,8,230,18,0.9999999999999988
2006-08-19,,2006,8,231,0,0.0
2006-08-20,,2006,8,232,0,0.0
2006-08-21,2248697603687712.0,2006,8,233,12,0.5428126979294158
2006-08-22,2294611370682864.5,2006,8,234,7,0.317241698494889
2006-08-23,1361946251273476.8,2006,8,235,2,0.0066029844944396
2006-08-24,1846036736137731.5,2006,8,236,7,0.2588655379649751
2006-08-25,,2006,8,237,0,0.0
2006-08-26,3974347029077676.0,2006,8,238,17,0.9962442398129088
2006-08-27,1291862551491118.5,2006,8,239,15,0.8203086074673676
2006-08-28,5496718202004098.0,2006,8,240,18,0.9999999999999988
2006-08-29,1980779577907277.5,2006,8,241,5,0.1397396595577497
2006-08-30,,2006,8,242,0,0.0
2006-08-31,,2006,8,243,0,0.0
2006-09-01,433642396299376.2,2006,9,244,5,0.1397396595577497
2006-09-02,3867694773387471.0,2006,9,245,18,0.9999999999999988
2006-09-03,1376824454735896.8,2006,9,246,6,0.2899740936530652
2006-09-04,761402231198006.2,2006,9,247,8,0.3864334150265758
2006-09-05,,2006,9,248,0,0.0
2006-09-06,7333093266313741.0,2006,9,249,12,0.7569038769245199
2006-09-07,518249138486633.75,2006,9,250,2,0.0589425366095009
2006-09-08,7844449567766178.0,2006,9,251,17,0.987618037406628
2006-09-09,3647346595911345.0,2006,9,252,18,0.9999999999999988
2006-09-10,1998430302810708.0,2006,9,253,3,0.0740010869624353
2006-09-11,5199414306697104.0,2006,9,254,18,0.9999999999999988
2006-09-12,1308932271584666.8,2006,9,255,11,0.551943829621829
2006-09-13,806998277501612.0,2006,9,256,2,0.1114453192349156
2006-09-14,1063023567829006.8,2006,9,257,8,0.2256164991642131
2006-09-15,6340849243917707.0,2006,9,258,17,0.953439425983869
2006-09-16,1946204547756047.2,2006,9,259,13,0.6641029876338357
2006-09-17,2857621165738425.0,2006,9,260,18,0.9999999999999988
2006-09-18,4762690829473431.0,2006,9,261,18,0.9999999999999988
2006-09-19,,2006,9,262,0,0.0
2006-09-20,,2006,9,263,0,0.0
2006-09-21,,2006,9,264,0,0.0
2006-09-22,2787594004441970.0,2006,9,265,16,0.927052523281222
2006-09-23,5411490909045637.0,2006,9,266,18,0.9999999999999988
2006-09-24,3848087050617989.5,2006,9,267,18,0.9999999999999988
2006-09-25,,2006,9,268,0,0.0
2006-09-26,192938043974712.62,2006,9,269,3,0.0718718994971876
2006-09-27,8203276370769301.0,2006,9,270,18,0.9999999999999988
2006-09-28,910646762734746.8,2006,9,271,14,0.8379679040066494
2006-09-29,6683365034854149.0,2006,9,272,18,0.9999999999999988
2006-09-30,828668171517952.0,2006,9,273,2,0.0672763640220989
2006-10-01,2734029382977099.0,2006,10,274,11,0.6305618388126186
2006-10-02,1351195875206736.0,2006,10,275,9,0.4602431928519731
2006-10-03,6530805221590743.0,2006,10,276,5,0.1230500722940848
2006-10-04,3583325374389218.5,2006,10,277,18,0.9999999999999988
2006-10-05,1893030323814400.0,2006,10,278,2,0.0947557319712507
2006-10-06,893125899845632.0,2006,10,279,1,0.0150585503529344
2006-10-07,2661015973243715.5,2006,10,280,9,0.4703701504967713
2006-10-08,7094223764601528.0,2006,10,281,16,0.9725594870536935
2006-10-09,7647276653929299.0,2006,10,282,8,0.3636262346829169
2006-10-10,1.634676737833665e+16,2006,10,283,14,0.8492706941724938
2006-10-11,5916404864643737.0,2006,10,284,18,0.9999999999999988
2006-10-12,,2006,10,285,0,0.0
2006-10-13,3073258775407852.0,2006,10,286,10,0.6867333345888292
2006-10-14,,2006,10,287,0,0.0
2006-10-15,2592056060151110.5,2006,10,288,15,0.9170389576408132
2006-10-16,,2006,10,289,0,0.0
2006-10-17,,2006,10,290,0,0.0
2006-10-18,5370123455716254.0,2006,10,291,16,0.8659558172472706
2006-10-19,,2006,10,292,0,0.0
2006-10-20,3228124143960841.0,2006,10,293,9,0.3765555975706036
2006-10-21,3513020566875751.0,2006,10,294,17,0.9962442398129088
2006-10-22,,2006,10,295,0,0.0
2006-10-23,,2006,10,296,0,0.0
2006-10-24,9480012143348982.0,2006,10,297,18,0.9999999999999988
2006-10-25,8579736988540322.0,2006,10,298,4,0.0933551233697217
2006-10-26,7890069757238557.0,2006,10,299,10,0.5338907543317801
2006-10-27,1746961530291423.2,2006,10,300,3,0.0282943403228341
2006-10-28,2855593421677207.0,2006,10,301,12,0.5985044036379589
2006-10-29,9106383280302258.0,2006,10,302,18,0.9999999999999988
2006-10-30,5891121468440562.0,2006,10,303,18,0.9999999999999988
2006-10-31,7913303381445502.0,2006,10,304,18,0.9999999999999988
2006-11-01,8668982413807629.0,2006,11,305,18,0.9999999999999988
2006-11-02,6935827976652361.0,2006,11,306,18,0.9999999999999988
2006-11-03,,2006,11,307,0,0.0
2006-11-04,1274395049534446.5,2006,11,308,9,0.3474568832570146
2006-11-05,9259144275997198.0,2006,11,309,17,0.987618037406628
2006-11-06,,2006,11,310,0,0.0
2006-11-07,1.5584235755293314e+16,2006,11,311,13,0.6569875464676063
2006-11-08,3656655081474166.5,2006,11,312,9,0.4703701504967713
2006-11-09,,2006,11,313,0,0.0
2006-11-10,6772937951201825.0,2006,11,314,2,0.0066029844944396
2006-11-11,4072235736273917.0,2006,11,315,3,0.1098142823241851
2006-11-12,1.1524331331124e+16,2006,11,316,10,0.6184277244314151
2006-11-13,,2006,11,317,0,0.0
2006-11-14,5270565668365065.0,2006,11,318,12,0.6490444372809013
2006-11-15,5223888328721149.0,2006,11,319,17,0.9870706371123122
2006-11-16,763713043459597.6,2006,11,320,3,0.0529875206824675
2006-11-17,1.4878453110750416e+16,2006,11,321,18,0.9999999999999988
2006-11-18,655748481237152.2,2006,11,322,5,0.2129109515511955
2006-11-19,,2006,11,323,0,0.0
2006-11-20,,2006,11,324,0,0.0
2006-11-21,6412600802365282.0,2006,11,325,18,0.9999999999999988
2006-11-22,8248635154738234.0,2006,11,326,18,0.9999999999999988
2006-11-23,,2006,11,327,0,0.0
2006-11-24,1.64898302249185e+16,2006,11,328,18,0.9999999999999988
2006-11-25,1.7311307981132118e+16,2006,11,329,18,0.9999999999999988
2006-11-26,8914489156294398.0,2006,11,330,18,0.9999999999999988
2006-11-27,1.3972937345153722e+16,2006,11,331,18,0.9999999999999988
2006-11-28,1.2252140621289904e+16,2006,11,332,18,0.9999999999999988
2006-11-29,1.027986089886468e+16,2006,11,333,18,0.9999999999999988
2006-11-30,1.3603778418869468e+16,2006,11,334,18,0.9999999999999988
2006-12-01,5431338854551013.0,2006,12,335,18,0.9999999999999988
2006-12-02,1.0457156928412054e+16,2006,12,336,18,0.9999999999999988
2006-12-03,,2006,12,337,0,0.0
2006-12-04,4273271409810181.5,2006,12,338,18,0.9999999999999988
2006-12-05,1.6140527480851954e+16,2006,12,339,18,0.9999999999999988
2006-12-06,1.0717077776887704e+16,2006,12,340,18,0.9999999999999988
2006-12-07,1.5819483207645616e+16,2006,12,341,18,0.9999999999999988
2006-12-08,3793974101257230.5,2006,12,342,3,0.1469735456404152
2006-12-09,1.1318516691028726e+16,2006,12,343,18,0.9999999999999988
2006-12-10,7227495180726691.0,2006,12,344,18,0.9999999999999988
2006-12-11,1.4460757548138224e+16,2006,12,345,18,0.9999999999999988
2006-12-12,1.27630032035321e+16,2006,12,346,17,0.953439425983869
2006-12-13,1.0528354529864032e+16,2006,12,347,18,0.9999999999999988
2006-12-14,1.4573448106211822e+16,2006,12,348,17,0.9991600370601866
2006-12-15,1.4581068417295228e+16,2006,12,349,18,0.9999999999999988
2006-12-16,1.3349692953593288e+16,2006,12,350,18,0.9999999999999988
2006-12-17,2386388126337464.0,2006,12,351,18,0.9999999999999988
2006-12-18,1.6644187110284852e+16,2006,12,352,18,0.9999999999999988
2006-12-19,1.4570040306415542e+16,2006,12,353,17,0.9477821863308344
2006-12-20,1.284067411831607e+16,2006,12,354,17,0.8994204708653557
2006-12-21,1.884486985195856e+16,2006,12,355,18,0.9999999999999988
2006-12-22,9811334136344362.0,2006,12,356,18,0.9999999999999988
2006-12-23,5516996808011992.0,2006,12,357,18,0.9999999999999988
2006-12-24,2626314133041985.5,2006,12,358,18,0.9999999999999988
2006-12-25,,2006,12,359,0,0.0
2006-12-26,1.3002446946386416e+16,2006,12,360,18,0.9999999999999988
2006-12-27,1.982189566753452e+16,2006,12,361,18,0.9999999999999988
2006-12-28,7670320430036573.0,2006,12,362,18,0.9999999999999988
2006-12-29,6996088628585664.0,2006,12,363,18,0.9999999999999988
2006-12-30,4326334512890475.0,2006,12,364,18,0.9999999999999988
2006-12-31,3277977013861478.0,2006,12,365,10,0.4216795435538306
2007-01-01,6930051270140311.0,2007,1,1,14,0.7921469857663072
2007-01-02,2192478589177057.2,2007,1,2,3,0.1491027331056629
2007-01-03,1.5110437155095832e+16,2007,1,3,18,0.9999999999999988
2007-01-04,9473042474060546.0,2007,1,4,17,0.9942369784453716
2007-01-05,1.4022843550541172e+16,2007,1,5,18,0.9999999999999988
2007-01-06,1.0183297380912778e+16,2007,1,6,18,0.9999999999999988
2007-01-07,6495336542840434.0,2007,1,7,18,0.9999999999999988
2007-01-08,9756079286161582.0,2007,1,8,18,0.9999999999999988
2007-01-09,6822173132983828.0,2007,1,9,18,0.9999999999999988
2007-01-10,1.5048523187981562e+16,2007,1,10,18,0.9999999999999988
2007-01-11,9101778611640726.0,2007,1,11,18,0.9999999999999988
2007-01-12,1.2502081412174104e+16,2007,1,12,18,0.9999999999999988
2007-01-13,1.2018832637089122e+16,2007,1,13,18,0.9999999999999988
2007-01-14,7910623311022040.0,2007,1,14,18,0.9999999999999988
2007-01-15,1.4886407545173852e+16,2007,1,15,18,0.9999999999999988
2007-01-16,6109037938495053.0,2007,1,16,18,0.9999999999999988
2007-01-17,9143110360002520.0,2007,1,17,18,0.9999999999999988
2007-01-18,6967469043484150.0,2007,1,18,18,0.9999999999999988
2007-01-19,1.6515638328772752e+16,2007,1,19,18,0.9999999999999988
2007-01-20,1.1958637956098018e+16,2007,1,20,18,0.9999999999999988
2007-01-21,6537227851143621.0,2007,1,21,18,0.9999999999999988
2007-01-22,6560103551039424.0,2007,1,22,18,0.9999999999999988
2007-01-23,3040456420794811.0,2007,1,23,8,0.5542526858977086
2007-01-24,1487450770535673.0,2007,1,24,5,0.245950650806229
2007-01-25,3258283550466910.5,2007,1,25,9,0.5296298495032277
2007-01-26,,2007,1,26,0,0.0
2007-01-27,,2007,1,27,0,0.0
2007-01-28,1.0328119600573018e+16,2007,1,28,18,0.9999999999999988
2007-01-29,2.043462661559119e+16,2007,1,29,10,0.7975620436456583
2007-01-30,6004958470183822.0,2007,1,30,17,0.9870706371123122
2007-01-31,5651530737468659.0,2007,1,31,18,0.9999999999999988
2007-02-01,4933490596880275.0,2007,2,32,11,0.755925051120516
2007-02-02,1.0288861346223452e+16,2007,2,33,18,0.9999999999999988
2007-02-03,,2007,2,34,0,0.0
2007-02-04,,2007,2,35,0,0.0
2007-02-05,,2007,2,36,0,0.0
2007-02-06,7930583304609859.0,2007,2,37,18,0.9999999999999988
2007-02-07,1.7283001483476422e+16,2007,2,38,16,0.9052442680287482
2007-02-08,8613167774166102.0,2007,2,39,18,0.9999999999999988
2007-02-09,4912835921068567.0,2007,2,40,13,0.6850498881241232
2007-02-10,1439984005527664.2,2007,2,41,9,0.6176469516733046
2007-02-11,9757435857252990.0,2007,2,42,18,0.9999999999999988
2007-02-12,7579324984297827.0,2007,2,43,18,0.9999999999999988
2007-02-13,1.5489382680340456e+16,2007,2,44,18,0.9999999999999988
2007-02-14,1.3424295789608894e+16,2007,2,45,18,0.9999999999999988
2007-02-15,1.2452239679522814e+16,2007,2,46,18,0.9999999999999988
2007-02-16,1.521109363188068e+16,2007,2,47,18,0.9999999999999988
2007-02-17,1.0645308631805194e+16,2007,2,48,18,0.9999999999999988
2007-02-18,7960598382210122.0,2007,2,49,18,0.9999999999999988
2007-02-19,6525534656473754.0,2007,2,50,18,0.9999999999999988
2007-02-20,1.6482030995156158e+16,2007,2,51,18,0.9999999999999988
2007-02-21,1.2199685562689424e+16,2007,2,52,18,0.9999999999999988
2007-02-22,9951479885263846.0,2007,2,53,18,0.9999999999999988
2007-02-23,1.1651964760266456e+16,2007,2,54,18,0.9999999999999988
2007-02-24,6996993124255490.0,2007,2,55,18,0.9999999999999988
2007-02-25,8028339651421486.0,2007,2,56,18,0.9999999999999988
2007-02-26,5929809877815652.0,2007,2,57,18,0.9999999999999988
2007-02-27,,2007,2,58,0,0.0
2007-02-28,9861602392958886.0,2007,2,59,18,0.9999999999999988
2007-03-01,,2007,3,60,0,0.0
2007-03-02,1.139410815353958e+16,2007,3,61,18,0.9999999999999988
2007-03-03,1.3234156230164866e+16,2007,3,62,18,0.9999999999999988
2007-03-04,5925838160923208.0,2007,3,63,18,0.9999999999999988
2007-03-05,1.0185299028873992e+16,2007,3,64,18,0.9999999999999988
2007-03-06,1.1511749128439634e+16,2007,3,65,18,0.9999999999999988
2007-03-07,7109893508691849.0,2007,3,66,18,0.9999999999999988
2007-03-08,1.5134834588581072e+16,2007,3,67,18,0.9999999999999988
2007-03-09,2559291823226880.0,2007,3,68,3,0.1469735456404152
2007-03-10,5205422126689842.0,2007,3,69,3,0.100518753525878
2007-03-11,3596811502205931.5,2007,3,70,4,0.1620320959933496
2007-03-12,,2007,3,71,0,0.0
2007-03-13,6358092941389722.0,2007,3,72,4,0.2850617003986873
2007-03-14,6487446934434810.0,2007,3,73,17,0.9870706371123122
2007-03-15,1.0162491721498994e+16,2007,3,74,18,0.9999999999999988
2007-03-16,8581456547977222.0,2007,3,75,18,0.9999999999999988
2007-03-17,6296937824553006.0,2007,3,76,18,0.9999999999999988
2007-03-18,6265539275738083.0,2007,3,77,18,0.9999999999999988
2007-03-19,7704166833689373.0,2007,3,78,18,0.9999999999999988
2007-03-20,8027881826385037.0,2007,3,79,18,0.9999999999999988
2007-03-21,1.0460705028041084e+16,2007,3,80,18,0.9999999999999988
2007-03-22,7892315406679408.0,2007,3,81,18,0.9999999999999988
2007-03-23,5683317788654486.0,2007,3,82,18,0.9999999999999988
2007-03-24,9243636005275726.0,2007,3,83,18,0.9999999999999988
2007-03-25,,2007,3,84,0,0.0
2007-03-26,1.0706006841006358e+16,2007,3,85,17,0.9991600370601866
2007-03-27,6980194692301015.0,2007,3,86,10,0.5805223433403498
2007-03-28,2191450559767196.0,2007,3,87,5,0.2085926700094795
2007-03-29,1.0988338537571398e+16,2007,3,88,18,0.9999999999999988
2007-03-30,3263102993991430.0,2007,3,89,18,0.9999999999999988
2007-03-31,,2007,3,90,0,0.0
2007-04-01,3260767356846080.0,2007,4,91,1,0.00375576018709
2007-04-02,8852877042978614.0,2007,4,92,13,0.867270023731909
2007-04-03,1736765052289023.8,2007,4,93,2,0.0672763640220989
2007-04-04,1767468465604977.0,2007,4,94,5,0.1933030091722266
2007-04-05,5256636442237473.0,2007,4,95,18,0.9999999999999988
2007-04-06,4234806543531807.0,2007,4,96,18,0.9999999999999988
2007-04-07,1661835822010520.0,2007,4,97,10,0.4125059408532339
2007-04-08,3582018115187332.0,2007,4,98,16,0.9132478611247168
2007-04-09,6571855683796912.0,2007,4,99,18,0.9999999999999988
2007-04-10,4818223164691942.0,2007,4,100,18,0.9999999999999988
2007-04-11,1.2668258493278166e+16,2007,4,101,18,0.9999999999999988
2007-04-12,6530122354526652.0,2007,4,102,18,0.9999999999999988
2007-04-13,5284527930358192.0,2007,4,103,18,0.9999999999999988
2007-04-14,1.0420247674431634e+16,2007,4,104,18,0.9999999999999988
2007-04-15,3581082991827368.5,2007,4,105,18,0.9999999999999988
2007-04-16,7523002803271571.0,2007,4,106,18,0.9999999999999988
2007-04-17,4693369123628173.0,2007,4,107,18,0.9999999999999988
2007-04-18,2265632209731151.0,2007,4,108,15,0.7645159592775528
2007-04-19,1916555623378070.5,2007,4,109,4,0.1620320959933496
2007-04-20,1.035713526180575e+16,2007,4,110,18,0.9999999999999988
2007-04-21,1282670965086335.2,2007,4,111,9,0.2406427705194036
2007-04-22,6736658097966456.0,2007,4,112,15,0.8508972668943361
2007-04-23,5479231339878386.0,2007,4,113,18,0.9999999999999988
2007-04-24,1802561805157048.0,2007,4,114,5,0.2312238125250364
2007-04-25,5839538457668795.0,2007,4,115,18,0.9999999999999988
2007-04-26,4713996195731829.0,2007,4,116,12,0.6286464863030307
2007-04-27,5170460945809408.0,2007,4,117,1,0.0150585503529344
2007-04-28,,2007,4,118,0,0.0
2007-04-29,2511524271292122.0,2007,4,119,5,0.1225026719997691
2007-04-30,3510124699698657.0,2007,4,120,12,0.6681966583403193
2007-05-01,1744139956769053.2,2007,5,121,12,0.7650204272878726
2007-05-02,,2007,5,122,0,0.0
2007-05-03,3470605206825329.5,2007,5,123,5,0.0776351087036285
2007-05-04,4865390349815632.0,2007,5,124,17,0.930808283468312
2007-05-05,,2007,5,125,0,0.0
2007-05-06,3387599732324996.0,2007,5,126,14,0.6932601356092095
2007-05-07,6847872923755831.0,2007,5,127,10,0.6178803241370994
2007-05-08,3647693627845755.0,2007,5,128,18,0.9999999999999988
2007-05-09,3589785948699137.5,2007,5,129,15,0.873973354849871
2007-05-10,1158326753665336.5,2007,5,130,14,0.8471415067072461
2007-05-11,3282615907969699.5,2007,5,131,15,0.9028203702276912
2007-05-12,431378371747567.0,2007,5,132,3,0.0529875206824675
2007-05-13,5348441844665445.0,2007,5,133,12,0.8401220734311002
2007-05-14,1321153127966080.8,2007,5,134,7,0.3567254679400146
2007-05-15,3845377252965706.5,2007,5,135,18,0.9999999999999988
2007-05-16,6081779330247404.0,2007,5,136,18,0.9999999999999988
2007-05-17,2578927278700393.5,2007,5,137,16,0.927052523281222
2007-05-18,7126658982014267.0,2007,5,138,17,0.987618037406628
2007-05-19,5986681299213285.0,2007,5,139,12,0.5739911677794141
2007-05-20,1899424122324742.5,2007,5,140,5,0.0868087114042252
2007-05-21,672261043633052.1,2007,5,141,5,0.2363342191967682
2007-05-22,924443118593983.4,2007,5,142,13,0.5252329232800578
2007-05-23,3211732909727522.5,2007,5,143,7,0.2070160235798486
2007-05-24,2307269983703757.5,2007,5,144,9,0.2231537463603096
2007-05-25,2291584672097114.0,2007,5,145,7,0.3285444886607334
2007-05-26,1515369585641659.8,2007,5,146,13,0.7984850809059579
2007-05-27,2468483688482362.0,2007,5,147,14,0.8135436312588923
2007-05-28,4709504919312391.0,2007,5,148,9,0.7408570204498376
2007-05-29,7029575771430213.0,2007,5,149,14,0.7838347378278969
2007-05-30,5048645258785500.0,2007,5,150,16,0.9327236359779
2007-05-31,2816832064321108.0,2007,5,151,18,0.9999999999999988
2007-06-01,7104922692379844.0,2007,6,152,18,0.9999999999999988
2007-06-02,2975800633089129.5,2007,6,153,18,0.9999999999999988
2007-06-03,,2007,6,154,0,0.0
2007-06-04,4946064146168141.0,2007,6,155,18,0.9999999999999988
2007-06-05,6417207650880208.0,2007,6,156,15,0.920341673384529
2007-06-06,7235644361407214.0,2007,6,157,16,0.9383808756309346
2007-06-07,5752726326673861.0,2007,6,158,18,0.9999999999999988
2007-06-08,1671446874061948.8,2007,6,159,9,0.3566187605069429
2007-06-09,,2007,6,160,0,0.0
2007-06-10,3136268156653842.0,2007,6,161,16,0.9440264261437444
2007-06-11,4650954253392293.0,2007,6,162,18,0.9999999999999988
2007-06-12,7078494551194444.0,2007,6,163,18,0.9999999999999988
2007-06-13,6524700129804747.0,2007,6,164,18,0.9999999999999988
2007-06-14,6276184754783997.0,2007,6,165,18,0.9999999999999988
2007-06-15,,2007,6,166,0,0.0
2007-06-16,2817546174313920.5,2007,6,167,4,0.0933551233697217
2007-06-17,2175487820874305.5,2007,6,168,11,0.721312478859408
2007-06-18,,2007,6,169,0,0.0
2007-06-19,2769948933392802.0,2007,6,170,6,0.3658254904228602
2007-06-20,,2007,6,171,0,0.0
2007-06-21,3613999839889016.0,2007,6,172,16,0.8844237472802843
2007-06-22,4726331131512400.0,2007,6,173,8,0.2888423926634126
2007-06-23,6642232876499754.0,2007,6,174,15,0.8748347096120574
2007-06-24,4565128132910737.0,2007,6,175,17,0.987618037406628
2007-06-25,,2007,6,176,0,0.0
2007-06-26,3009220044656257.5,2007,6,177,12,0.7801492335673162
2007-06-27,1653487403013596.8,2007,6,178,13,0.7317172621753282
2007-06-28,6714370507992783.0,2007,6,179,14,0.9558743639789168
2007-06-29,,2007,6,180,0,0.0
2007-06-30,2863254001031573.0,2007,6,181,9,0.4276539855441024
2007-07-01,2919707611727580.0,2007,7,182,10,0.3972311343084335
2007-07-02,3492385125876499.5,2007,7,183,14,0.7010465627274919
2007-07-03,5959155217082738.0,2007,7,184,14,0.808260559793755
2007-07-04,1826756830953472.0,2007,7,185,2,0.0947557319712507
2007-07-05,,2007,7,186,0,0.0
2007-07-06,3049682573239166.0,2007,7,187,5,0.2085926700094795
2007-07-07,6960125967274717.0,2007,7,188,16,0.8745052282707423
2007-07-08,4406143890773747.0,2007,7,189,18,0.9999999999999988
2007-07-09,5822302991361627.0,2007,7,190,18,0.9999999999999988
2007-07-10,5485097257349116.0,2007,7,191,18,0.9999999999999988
2007-07-11,4705852432817652.0,2007,7,192,18,0.9999999999999988
2007-07-12,6597673887946014.0,2007,7,193,18,0.9999999999999988
2007-07-13,,2007,7,194,0,0.0
2007-07-14,5646173723818715.0,2007,7,195,18,0.9999999999999988
2007-07-15,4562843625149684.0,2007,7,196,16,0.983862277219538
2007-07-16,2589867109699569.5,2007,7,197,13,0.7914073299905194
2007-07-17,,2007,7,198,0,0.0
2007-07-18,3954873800327168.0,2007,7,199,1,0.081826369083564
2007-07-19,2949641785037401.5,2007,7,200,13,0.7669830572427623
2007-07-20,2387102914721162.0,2007,7,201,5,0.1397396595577497
2007-07-21,2142195543134584.5,2007,7,202,16,0.8765124896188479
2007-07-22,1976014175173002.5,2007,7,203,2,0.0066029844944396
2007-07-23,3592495890056962.5,2007,7,204,15,0.8530264543595838
2007-07-24,4121982097865605.0,2007,7,205,5,0.4136268696272138
2007-07-25,2451644197636492.5,2007,7,206,2,0.0158985132927467
2007-07-26,2446464370300437.5,2007,7,207,6,0.3466808247677516
2007-07-27,4937885279646242.0,2007,7,208,12,0.8313649195122099
2007-07-28,5650098077400502.0,2007,7,209,14,0.8379679040066494
2007-07-29,1228153147807757.2,2007,7,210,15,0.92621256034141
2007-07-30,4988295070574613.0,2007,7,211,16,0.981307615557685
2007-07-31,3213656442670153.5,2007,7,212,12,0.6286464863030307
2007-08-01,6134686435792952.0,2007,8,213,18,0.9999999999999988
2007-08-02,5850714870738087.0,2007,8,214,18,0.9999999999999988
2007-08-03,2503900652510953.0,2007,8,215,9,0.2677691819564424
2007-08-04,6663196205776485.0,2007,8,216,17,0.9477821863308344
2007-08-05,2956323869232846.0,2007,8,217,17,0.9962442398129088
2007-08-06,,2007,8,218,0,0.0
2007-08-07,,2007,8,219,0,0.0
2007-08-08,2991412072036016.0,2007,8,220,16,0.9178789205806256
2007-08-09,6061747895832763.0,2007,8,221,13,0.8427220090602593
2007-08-10,7621901721932323.0,2007,8,222,18,0.9999999999999988
2007-08-11,5986860665156475.0,2007,8,223,9,0.4677049321802423
2007-08-12,4639469115511832.0,2007,8,224,17,0.9477821863308344
2007-08-13,2497460105975110.5,2007,8,225,12,0.4787865603241671
2007-08-14,2046989731255978.5,2007,8,226,14,0.8924318045651409
2007-08-15,3040459501026848.5,2007,8,227,12,0.6743521675754535
2007-08-16,2061651276726272.0,2007,8,228,3,0.1469735456404152
2007-08-17,1857282928497135.5,2007,8,229,7,0.4493023841475453
2007-08-18,2727955820618381.5,2007,8,230,11,0.5524912299161447
2007-08-19,2470546071589495.0,2007,8,231,12,0.675445996182876
2007-08-20,5968591726001123.0,2007,8,232,18,0.9999999999999988
2007-08-21,3481294497545952.0,2007,8,233,17,0.9962442398129088
2007-08-22,,2007,8,234,0,0.0
2007-08-23,,2007,8,235,0,0.0
2007-08-24,4286672239680542.5,2007,8,236,12,0.5778610268897224
2007-08-25,9146557405378210.0,2007,8,237,9,0.6221411552081761
2007-08-26,,2007,8,238,0,0.0
2007-08-27,812397880003207.1,2007,8,239,5,0.0806040714568749
2007-08-28,1625610493062837.2,2007,8,240,4,0.0412237032105208
2007-08-29,1785060190267803.0,2007,8,241,10,0.3242404225211294
2007-08-30,,2007,8,242,0,0.0
2007-08-31,2607693957169152.0,2007,8,243,1,0.081826369083564
2007-09-01,,2007,9,244,0,0.0
2007-09-02,,2007,9,245,0,0.0
2007-09-03,895599395698507.9,2007,9,246,6,0.3801739345692352
2007-09-04,6179197906821890.0,2007,9,247,15,0.92896787579081
2007-09-05,6118296707100598.0,2007,9,248,15,0.8530264543595838
2007-09-06,3368175548034792.5,2007,9,249,16,0.9327236359779
2007-09-07,,2007,9,250,0,0.0
2007-09-08,,2007,9,251,0,0.0
2007-09-09,3238521165369517.5,2007,9,252,12,0.6722229801102058
2007-09-10,,2007,9,253,0,0.0
2007-09-11,752514844590080.0,2007,9,254,1,0.0463845361880279
2007-09-12,2412222479335424.0,2007,9,255,1,0.0057630215546273
2007-09-13,2049303485934127.2,2007,9,256,5,0.0955707043449329
2007-09-14,4007551937012705.0,2007,9,257,12,0.5648731925095157
2007-09-15,,2007,9,258,0,0.0
2007-09-16,3570484203935671.0,2007,9,259,18,0.9999999999999988
2007-09-17,3752048386389621.0,2007,9,260,13,0.6324022464901207
2007-09-18,1.0291103658184392e+16,2007,9,261,17,0.987618037406628
2007-09-19,4436173615979693.5,2007,9,262,17,0.9870706371123122
2007-09-20,2245374958078348.8,2007,9,263,8,0.2924461446627057
2007-09-21,8493856150001194.0,2007,9,264,18,0.9999999999999988
2007-09-22,5778591431278012.0,2007,9,265,18,0.9999999999999988
2007-09-23,6826094532671810.0,2007,9,266,18,0.9999999999999988
2007-09-24,4700697899338675.0,2007,9,267,18,0.9999999999999988
2007-09-25,9261623362347460.0,2007,9,268,18,0.9999999999999988
2007-09-26,4975753264767184.0,2007,9,269,14,0.8379679040066494
2007-09-27,,2007,9,270,0,0.0
2007-09-28,,2007,9,271,0,0.0
2007-09-29,842235503443968.0,2007,9,272,1,0.0129293628876867
2007-09-30,3835434796393476.0,2007,9,273,18,0.9999999999999988
2007-10-01,3324094253593061.5,2007,10,274,13,0.8602603404422492
2007-10-02,4954058591030572.0,2007,10,275,18,0.9999999999999988
2007-10-03,7228427147301478.0,2007,10,276,18,0.9999999999999988
2007-10-04,9094669012080652.0,2007,10,277,18,0.9999999999999988
2007-10-05,5704495331604218.0,2007,10,278,11,0.5376465145188701
2007-10-06,6678440381238136.0,2007,10,279,18,0.9999999999999988
2007-10-07,7916171098164499.0,2007,10,280,16,0.9720120867593778
2007-10-08,3570169251556561.0,2007,10,281,18,0.9999999999999988
2007-10-09,,2007,10,282,0,0.0
2007-10-10,,2007,10,283,0,0.0
2007-10-11,2287167875183524.5,2007,10,284,10,0.6363737653170821
2007-10-12,5773808860684551.0,2007,10,285,18,0.9999999999999988
2007-10-13,1.1967734100513202e+16,2007,10,286,18,0.9999999999999988
2007-10-14,4491001003552286.5,2007,10,287,18,0.9999999999999988
2007-10-15,8371852078470507.0,2007,10,288,18,0.9999999999999988
2007-10-16,1.3096885086246168e+16,2007,10,289,18,0.9999999999999988
2007-10-17,1919017128516468.8,2007,10,290,12,0.7876515698034294
2007-10-18,9165203555454630.0,2007,10,291,16,0.983862277219538
2007-10-19,561412461640092.9,2007,10,292,3,0.0529875206824675
2007-10-20,5012415812993024.0,2007,10,293,2,0.0947557319712507
2007-10-21,,2007,10,294,0,0.0
2007-10-22,385058246100609.25,2007,10,295,3,0.0282943403228341
2007-10-23,,2007,10,296,0,0.0
2007-10-24,7041248721403296.0,2007,10,297,17,0.9870706371123122
2007-10-25,8252757078570534.0,2007,10,298,16,0.9720120867593778
2007-10-26,9811690529792630.0,2007,10,299,18,0.9999999999999988
2007-10-27,4647099778595615.0,2007,10,300,18,0.9999999999999988
2007-10-28,3256587077738923.0,2007,10,301,7,0.3355591018467696
2007-10-29,3059197627029215.5,2007,10,302,16,0.8153879311496772
2007-10-30,1.1273908218515052e+16,2007,10,303,16,0.9383808756309346
2007-10-31,9977078147208456.0,2007,10,304,18,0.9999999999999988
2007-11-01,9200106335343614.0,2007,11,305,18,0.9999999999999988
2007-11-02,5646077389951107.0,2007,11,306,18,0.9999999999999988
2007-11-03,6362860417225376.0,2007,11,307,18,0.9999999999999988
2007-11-04,4654166740353721.0,2007,11,308,17,0.9962442398129088
2007-11-05,1.334169145973615e+16,2007,11,309,18,0.9999999999999988
2007-11-06,,2007,11,310,0,0.0
2007-11-07,5189527038942170.0,2007,11,311,18,0.9999999999999988
2007-11-08,1.1915987372460526e+16,2007,11,312,18,0.9999999999999988
2007-11-09,9236041484457102.0,2007,11,313,18,0.9999999999999988
2007-11-10,,2007,11,314,0,0.0
2007-11-11,9844087315528398.0,2007,11,315,18,0.9999999999999988
2007-11-12,1.5057828806070982e+16,2007,11,316,18,0.9999999999999988
2007-11-13,1.5434479074546724e+16,2007,11,317,18,0.9999999999999988
2007-11-14,1.4868436206436014e+16,2007,11,318,18,0.9999999999999988
2007-11-15,4726872989004464.0,2007,11,319,14,0.9593236970837936
2007-11-16,8630446189356032.0,2007,11,320,18,0.9999999999999988
2007-11-17,1.0690526649319264e+16,2007,11,321,18,0.9999999999999988
2007-11-18,472225893255490.25,2007,11,322,6,0.4351268074904832
2007-11-19,4122779010429990.5,2007,11,323,16,0.830228754333669
2007-11-20,6089078782451677.0,2007,11,324,12,0.4674582079744546
2007-11-21,1.3517988690107392e+16,2007,11,325,17,0.9870706371123122
2007-11-22,7623389284617510.0,2007,11,326,7,0.240328669010137
2007-11-23,3494136689366580.5,2007,11,327,18,0.9999999999999988
2007-11-24,3288701948677842.0,2007,11,328,12,0.5152274620148597
2007-11-25,2462044941075664.0,2007,11,329,18,0.9999999999999988
2007-11-26,1.2901025639877446e+16,2007,11,330,18,0.9999999999999988
2007-11-27,3901470203300374.5,2007,11,331,9,0.4703701504967713
2007-11-28,1.1294251040245814e+16,2007,11,332,13,0.6846049427035767
2007-11-29,5712945902407267.0,2007,11,333,11,0.4061070448728325
2007-11-30,1.1088526435573862e+16,2007,11,334,18,0.9999999999999988
2007-12-01,1.2803099373739996e+16,2007,12,335,18,0.9999999999999988
2007-12-02,4969078419428114.0,2007,12,336,18,0.9999999999999988
2007-12-03,2697866445741209.5,2007,12,337,11,0.3748952700979782
2007-12-04,3237936450108578.0,2007,12,338,12,0.7650204272878726
2007-12-05,,2007,12,339,0,0.0
2007-12-06,792120214421504.0,2007,12,340,1,0.0150585503529344
2007-12-07,1.4439398530828562e+16,2007,12,341,18,0.9999999999999988
2007-12-08,1.3971245017008904e+16,2007,12,342,18,0.9999999999999988
2007-12-09,6165189101913155.0,2007,12,343,18,0.9999999999999988
2007-12-10,1.7363645036647224e+16,2007,12,344,18,0.9999999999999988
2007-12-11,7076518792621802.0,2007,12,345,18,0.9999999999999988
2007-12-12,,2007,12,346,0,0.0
2007-12-13,1.5243848727674948e+16,2007,12,347,18,0.9999999999999988
2007-12-14,1.6787416815078218e+16,2007,12,348,18,0.9999999999999988
2007-12-15,1.3835306614700576e+16,2007,12,349,18,0.9999999999999988
2007-12-16,5488331949940236.0,2007,12,350,16,0.8652096994724353
2007-12-17,1.328479581402066e+16,2007,12,351,18,0.9999999999999988
2007-12-18,9155191099406324.0,2007,12,352,18,0.9999999999999988
2007-12-19,,2007,12,353,0,0.0
2007-12-20,7765405329243693.0,2007,12,354,18,0.9999999999999988
2007-12-21,1.6257058379954842e+16,2007,12,355,18,0.9999999999999988
2007-12-22,1.2773474075277004e+16,2007,12,356,15,0.8172993914459823
2007-12-23,1.2544953504766582e+16,2007,12,357,18,0.9999999999999988
2007-12-24,5714915833504742.0,2007,12,358,10,0.4213230413545333
2007-12-25,,2007,12,359,0,0.0
2007-12-26,9474475820183660.0,2007,12,360,10,0.6867333345888292
2007-12-27,3239124143549980.0,2007,12,361,15,0.9717056596771648
2007-12-28,9358271884158726.0,2007,12,362,18,0.9999999999999988
2007-12-29,1.0316828723853974e+16,2007,12,363,18,0.9999999999999988
2007-12-30,6742159899412295.0,2007,12,364,18,0.9999999999999988
2007-12-31,8270013682122229.0,2007,12,365,18,0.9999999999999988
2008-01-01,2275635321095367.0,2008,1,1,8,0.4744430730808168
2008-01-02,3340203376596660.0,2008,1,2,16,0.9774686812317922
2008-01-03,6407631720956735.0,2008,1,3,18,0.9999999999999988
2008-01-04,1.4654342900234496e+16,2008,1,4,18,0.9999999999999988
2008-01-05,8819516466098658.0,2008,1,5,18,0.9999999999999988
2008-01-06,1.0099930803920744e+16,2008,1,6,18,0.9999999999999988
2008-01-07,8227725217129467.0,2008,1,7,12,0.7129417035942114
2008-01-08,1.4112136106856738e+16,2008,1,8,18,0.9999999999999988
2008-01-09,1.3823310189853662e+16,2008,1,9,18,0.9999999999999988
2008-01-10,2.284408447224183e+16,2008,1,10,16,0.9774686812317922
2008-01-11,1.5042768212799848e+16,2008,1,11,18,0.9999999999999988
2008-01-12,6755794367435533.0,2008,1,12,18,0.9999999999999988
2008-01-13,,2008,1,13,0,0.0
2008-01-14,1.3770790906162724e+16,2008,1,14,2,0.0066029844944396
2008-01-15,,2008,1,15,0,0.0
2008-01-16,5790255998941722.0,2008,1,16,18,0.9999999999999988
2008-01-17,3426846920117344.5,2008,1,17,11,0.6827583015051099
2008-01-18,2333513257407733.0,2008,1,18,11,0.5812611857516495
2008-01-19,2987737855682761.0,2008,1,19,5,0.2312238125250364
2008-01-20,4018038544330149.0,2008,1,20,11,0.5690202713548028
2008-01-21,1.2018000119920832e+16,2008,1,21,18,0.9999999999999988
2008-01-22,1.224207319709358e+16,2008,1,22,18,0.9999999999999988
2008-01-23,5370529671502538.0,2008,1,23,12,0.5912984931038453
2008-01-24,1.2850113378310198e+16,2008,1,24,18,0.9999999999999988
2008-01-25,1.284362782702177e+16,2008,1,25,18,0.9999999999999988
2008-01-26,1.2817786025106696e+16,2008,1,26,18,0.9999999999999988
2008-01-27,1.2105516976477892e+16,2008,1,27,18,0.9999999999999988
2008-01-28,8485158086755406.0,2008,1,28,18,0.9999999999999988
2008-01-29,1.4530034474818272e+16,2008,1,29,18,0.9999999999999988
2008-01-30,9006855767738845.0,2008,1,30,18,0.9999999999999988
2008-01-31,1.307537425083523e+16,2008,1,31,18,0.9999999999999988
2008-02-01,9513663427869932.0,2008,2,32,18,0.9999999999999988
2008-02-02,1.1795995714826156e+16,2008,2,33,18,0.9999999999999988
2008-02-03,9386988199402612.0,2008,2,34,18,0.9999999999999988
2008-02-04,5999731763769791.0,2008,2,35,18,0.9999999999999988
2008-02-05,1.0930583312197928e+16,2008,2,36,18,0.9999999999999988
2008-02-06,9739811257412380.0,2008,2,37,18,0.9999999999999988
2008-02-07,1.6985490855088338e+16,2008,2,38,18,0.9999999999999988
2008-02-08,1725811664429974.5,2008,2,39,5,0.2255665728720018
2008-02-09,3334773538843020.0,2008,2,40,3,0.1469735456404152
2008-02-10,2354402832151697.5,2008,2,41,12,0.6286464863030307
2008-02-11,5258059591539271.0,2008,2,42,11,0.573752084874303
2008-02-12,9679316372361366.0,2008,2,43,18,0.9999999999999988
2008-02-13,5063220369412314.0,2008,2,44,18,0.9999999999999988
2008-02-14,,2008,2,45,0,0.0
2008-02-15,8631338213293826.0,2008,2,46,18,0.9999999999999988
2008-02-16,1.5488784056771464e+16,2008,2,47,18,0.9999999999999988
2008-02-17,8358066831570006.0,2008,2,48,18,0.9999999999999988
2008-02-18,9546306698160512.0,2008,2,49,18,0.9999999999999988
2008-02-19,1.247371772733342e+16,2008,2,50,18,0.9999999999999988
2008-02-20,1.1311577992698176e+16,2008,2,51,18,0.9999999999999988
2008-02-21,1.3098931602002606e+16,2008,2,52,18,0.9999999999999988
2008-02-22,1.2911207132232716e+16,2008,2,53,18,0.9999999999999988
2008-02-23,1.4597932954415404e+16,2008,2,54,18,0.9999999999999988
2008-02-24,3810825934522915.0,2008,2,55,14,0.6749219841543227
2008-02-25,1.1118622761850874e+16,2008,2,56,18,0.9999999999999988
2008-02-26,1.3571983404788578e+16,2008,2,57,18,0.9999999999999988
2008-02-27,6730808310851445.0,2008,2,58,18,0.9999999999999988
2008-02-28,1.649987903281815e+16,2008,2,59,17,0.930808283468312
2008-02-29,2365537258569728.0,2008,2,60,1,0.0008399629398123
2008-03-01,9130169393519980.0,2008,3,61,18,0.9999999999999988
2008-03-02,2149280765536856.5,2008,3,62,7,0.3355591018467696
2008-03-03,,2008,3,63,0,0.0
2008-03-04,2705594655373604.5,2008,3,64,10,0.6363737653170821
2008-03-05,8632639671489037.0,2008,3,65,18,0.9999999999999988
2008-03-06,4278861778114219.0,2008,3,66,18,0.9999999999999988
2008-03-07,7903016640345176.0,2008,3,67,18,0.9999999999999988
2008-03-08,1.586638029294676e+16,2008,3,68,18,0.9999999999999988
2008-03-09,791140502614151.0,2008,3,69,7,0.2880587411434773
2008-03-10,1.605967977426646e+16,2008,3,70,18,0.9999999999999988
2008-03-11,2.8273841924804144e+16,2008,3,71,15,0.9259989130375637
2008-03-12,8097957092128646.0,2008,3,72,18,0.9999999999999988
2008-03-13,4748703067512624.0,2008,3,73,10,0.5292273086695398
2008-03-14,9203926844382360.0,2008,3,74,17,0.9849414496470644
2008-03-15,9391468273392324.0,2008,3,75,18,0.9999999999999988
2008-03-16,3363771043012869.0,2008,3,76,18,0.9999999999999988
2008-03-17,,2008,3,77,0,0.0
2008-03-18,3250547288133994.0,2008,3,78,17,0.8932560841861445
2008-03-19,1.0890329958964536e+16,2008,3,79,18,0.9999999999999988
2008-03-20,7935036485302466.0,2008,3,80,18,0.9999999999999988
2008-03-21,5889157652082159.0,2008,3,81,18,0.9999999999999988
2008-03-22,7013906439682509.0,2008,3,82,18,0.9999999999999988
2008-03-23,1389025222939057.0,2008,3,83,9,0.2632739130349605
2008-03-24,2840809481190669.5,2008,3,84,4,0.1280125146952909
2008-03-25,2550499857510385.0,2008,3,85,6,0.1686350804877892
2008-03-26,6480669358431677.0,2008,3,86,18,0.9999999999999988
2008-03-27,6611521168806036.0,2008,3,87,18,0.9999999999999988
2008-03-28,7107294839177540.0,2008,3,88,18,0.9999999999999988
2008-03-29,6787874255573372.0,2008,3,89,17,0.953439425983869
2008-03-30,6929254356608929.0,2008,3,90,15,0.9281281005028112
2008-03-31,5407931404472382.0,2008,3,91,18,0.9999999999999988
2008-04-01,3985521288808935.0,2008,4,92,18,0.9999999999999988
2008-04-02,7487143639362194.0,2008,4,93,18,0.9999999999999988
2008-04-03,5486603499148883.0,2008,4,94,18,0.9999999999999988
2008-04-04,7024072083367391.0,2008,4,95,18,0.9999999999999988
2008-04-05,4562280724022135.0,2008,4,96,18,0.9999999999999988
2008-04-06,5509140809787412.0,2008,4,97,18,0.9999999999999988
2008-04-07,8519816716322386.0,2008,4,98,18,0.9999999999999988
2008-04-08,5118543249695379.0,2008,4,99,18,0.9999999999999988
2008-04-09,8622439679554286.0,2008,4,100,18,0.9999999999999988
2008-04-10,8266442522849939.0,2008,4,101,17,0.987618037406628
2008-04-11,7011231471119089.0,2008,4,102,18,0.9999999999999988
2008-04-12,1003654015080780.4,2008,4,103,3,0.0730393855767262
2008-04-13,2251237659359214.8,2008,4,104,4,0.2854182025979845
2008-04-14,7047009400471072.0,2008,4,105,18,0.9999999999999988
2008-04-15,4216120848860434.5,2008,4,106,9,0.3786847850358513
2008-04-16,5557018823545294.0,2008,4,107,11,0.7184598532717426
2008-04-17,2813330089268530.0,2008,4,108,10,0.4457473141022904
2008-04-18,,2008,4,109,0,0.0
2008-04-19,4600556914903979.0,2008,4,110,13,0.8342121438195594
2008-04-20,5239807119872278.0,2008,4,111,18,0.9999999999999988
2008-04-21,6647793676385029.0,2008,4,112,17,0.953439425983869
2008-04-22,5833018821819699.0,2008,4,113,18,0.9999999999999988
2008-04-23,1.0478533012095568e+16,2008,4,114,14,0.9679498994900748
2008-04-24,3702842650750877.0,2008,4,115,18,0.9999999999999988
2008-04-25,7810363126585538.0,2008,4,116,18,0.9999999999999988
2008-04-26,,2008,4,117,0,0.0
2008-04-27,2430283992019148.0,2008,4,118,5,0.2012502908483181
2008-04-28,,2008,4,119,0,0.0
2008-04-29,1634491864360601.0,2008,4,120,4,0.1406471672471681
2008-04-30,4955251142175440.0,2008,4,121,6,0.1547982099106841
2008-05-01,1604003443501320.0,2008,5,122,3,0.0681163269619112
2008-05-02,7401186403675230.0,2008,5,123,18,0.9999999999999988
2008-05-03,1093772786383090.0,2008,5,124,8,0.2800803997227048
2008-05-04,3558859469854399.5,2008,5,125,15,0.968789862429887
2008-05-05,5197513689856772.0,2008,5,126,9,0.6738039717011426
2008-05-06,6770901555904912.0,2008,5,127,18,0.9999999999999988
2008-05-07,4910494277238667.0,2008,5,128,18,0.9999999999999988
2008-05-08,3319191140430455.5,2008,5,129,10,0.5395618670284581
2008-05-09,8449219253087827.0,2008,5,130,18,0.9999999999999988
2008-05-10,4551899591326157.0,2008,5,131,18,0.9999999999999988
2008-05-11,5609809337998798.0,2008,5,132,16,0.9070548897958411
2008-05-12,3173660849116592.5,2008,5,133,9,0.3017717555510993
2008-05-13,3663922456512325.5,2008,5,134,14,0.6981150415462367
2008-05-14,2662082001258977.0,2008,5,135,9,0.5296298495032277
2008-05-15,7422376883212450.0,2008,5,136,15,0.9403935382787876
2008-05-16,6211815804118623.0,2008,5,137,10,0.6968039808137504
2008-05-17,2436083271138385.5,2008,5,138,4,0.1528584932927529
2008-05-18,4542682619313176.0,2008,5,139,9,0.4220084350312926
2008-05-19,,2008,5,140,0,0.0
2008-05-20,,2008,5,141,0,0.0
2008-05-21,2397817106404656.5,2008,5,142,6,0.3570561985940092
2008-05-22,7107479330570693.0,2008,5,143,18,0.9999999999999988
2008-05-23,8395163468457330.0,2008,5,144,18,0.9999999999999988
2008-05-24,7454883738115955.0,2008,5,145,18,0.9999999999999988
2008-05-25,5448264710183619.0,2008,5,146,17,0.9849414496470644
2008-05-26,1267168111623310.5,2008,5,147,12,0.6490444372809013
2008-05-27,5126353386970838.0,2008,5,148,18,0.9999999999999988
2008-05-28,2412394899928527.5,2008,5,149,18,0.9999999999999988
2008-05-29,5948698125078565.0,2008,5,150,18,0.9999999999999988
2008-05-30,,2008,5,151,0,0.0
2008-05-31,4011029887095773.0,2008,5,152,15,0.8508972668943361
2008-06-01,1031956798110874.4,2008,6,153,9,0.6419095793850226
2008-06-02,3069460075915282.0,2008,6,154,18,0.9999999999999988
2008-06-03,2963436178100133.0,2008,6,155,12,0.5797914968550189
2008-06-04,1528395311747317.2,2008,6,156,11,0.5597676983121025
2008-06-05,7754558672563610.0,2008,6,157,15,0.8679447587050868
2008-06-06,,2008,6,158,0,0.0
2008-06-07,,2008,6,159,0,0.0
2008-06-08,,2008,6,160,0,0.0
2008-06-09,,2008,6,161,0,0.0
2008-06-10,1676113251837429.2,2008,6,162,7,0.4183744132900994
2008-06-11,1481743718678528.0,2008,6,163,3,0.1491027331056629
2008-06-12,4155374962024855.0,2008,6,164,8,0.469530187556959
2008-06-13,3912110484707249.5,2008,6,165,10,0.4827521130901423
2008-06-14,6513833159399731.0,2008,6,166,11,0.5677842895897011
2008-06-15,,2008,6,167,0,0.0
2008-06-16,5604192812871011.0,2008,6,168,10,0.5395618670284581
2008-06-17,2666343154009746.0,2008,6,169,5,0.3002962885797237
2008-06-18,2927357926336819.0,2008,6,170,13,0.7687761874749626
2008-06-19,4126446677349174.5,2008,6,171,18,0.9999999999999988
2008-06-20,3658648402464197.0,2008,6,172,18,0.9999999999999988
2008-06-21,,2008,6,173,0,0.0
2008-06-22,,2008,6,174,0,0.0
2008-06-23,1724715796772168.5,2008,6,175,6,0.1381086226470192
2008-06-24,3283739731183940.5,2008,6,176,10,0.3933537198132478
2008-06-25,2378045894244250.5,2008,6,177,11,0.4061070448728325
2008-06-26,6635047471929076.0,2008,6,178,15,0.815668473562834
2008-06-27,2679013039583908.5,2008,6,179,17,0.987618037406628
2008-06-28,6220593508871957.0,2008,6,180,13,0.7042231543279184
2008-06-29,,2008,6,181,0,0.0
2008-06-30,3214222672731924.0,2008,6,182,8,0.3323002488478234
2008-07-01,,2008,7,183,0,0.0
2008-07-02,,2008,7,184,0,0.0
2008-07-03,2023249974132736.0,2008,7,185,1,0.0057630215546273
2008-07-04,,2008,7,186,0,0.0
2008-07-05,2628809712906970.0,2008,7,187,10,0.3711395099108882
2008-07-06,,2008,7,188,0,0.0
2008-07-07,,2008,7,189,0,0.0
2008-07-08,,2008,7,190,0,0.0
2008-07-09,,2008,7,191,0,0.0
2008-07-10,,2008,7,192,0,0.0
2008-07-11,,2008,7,193,0,0.0
2008-07-12,2985754798214644.5,2008,7,194,12,0.7227630137531482
2008-07-13,1405433606651186.5,2008,7,195,8,0.2553872193630714
2008-07-14,3596202872837432.5,2008,7,196,17,0.930808283468312
2008-07-15,3366155357474577.5,2008,7,197,17,0.9870706371123122
2008-07-16,5674058512694624.0,2008,7,198,18,0.9999999999999988
2008-07-17,6375958251835612.0,2008,7,199,7,0.1673562103321571
2008-07-18,2877662124473472.5,2008,7,200,17,0.8802682498059378
2008-07-19,2991929503730016.0,2008,7,201,12,0.7910123124906855
2008-07-20,,2008,7,202,0,0.0
2008-07-21,6802614599776830.0,2008,7,203,18,0.9999999999999988
2008-07-22,,2008,7,204,0,0.0
2008-07-23,,2008,7,205,0,0.0
2008-07-24,1404709587910656.0,2008,7,206,1,0.0057630215546273
2008-07-25,3113307136491467.5,2008,7,207,15,0.8928623054353773
2008-07-26,1520907243749376.0,2008,7,208,1,0.0129293628876867
2008-07-27,2425274382230637.5,2008,7,209,12,0.4718198399289485
2008-07-28,4589451717094275.0,2008,7,210,12,0.5726970611997891
2008-07-29,3443454673118413.0,2008,7,211,14,0.8463017314192474
2008-07-30,7527103900685888.0,2008,7,212,13,0.6357243910716966
2008-07-31,,2008,7,213,0,0.0
2008-08-01,1701773004954270.8,2008,8,214,14,0.8302895299424341
2008-08-02,1915740751373518.5,2008,8,215,4,0.0227407072749006
2008-08-03,2087838282622723.5,2008,8,216,3,0.0588207981636041
2008-08-04,3015302350533583.5,2008,8,217,12,0.7910123124906855
2008-08-05,3036521717845268.0,2008,8,218,16,0.8785904697991477
2008-08-06,2205097852563811.2,2008,8,219,10,0.4457473141022904
2008-08-07,,2008,8,220,0,0.0
2008-08-08,4101872437198557.5,2008,8,221,18,0.9999999999999988
2008-08-09,2486309197800363.0,2008,8,222,13,0.7947680726777755
2008-08-10,4780824341217030.0,2008,8,223,18,0.9999999999999988
2008-08-11,1889533894021928.8,2008,8,224,8,0.3810934115279725
2008-08-12,1862701798390925.5,2008,8,225,12,0.574260595261397
2008-08-13,2790783195454665.0,2008,8,226,13,0.6267450068370861
2008-08-14,2679541810582883.0,2008,8,227,16,0.8110765332742511
2008-08-15,3979819362461418.5,2008,8,228,17,0.9181736309164348
2008-08-16,3782240811089920.0,2008,8,229,1,0.0008399629398123
2008-08-17,5843843009367474.0,2008,8,230,11,0.6452886771132431
2008-08-18,1741709459641028.5,2008,8,231,4,0.1180483037293552
2008-08-19,1539029052948480.0,2008,8,232,1,0.0522178136691645
2008-08-20,4461359948998749.5,2008,8,233,9,0.5961889683087049
2008-08-21,,2008,8,234,0,0.0
2008-08-22,2687657019473548.5,2008,8,235,17,0.8932560841861445
2008-08-23,,2008,8,236,0,0.0
2008-08-24,,2008,8,237,0,0.0
2008-08-25,3121472864959004.0,2008,8,238,8,0.3604812281271046
2008-08-26,3048268467712318.5,2008,8,239,8,0.5521234984324609
2008-08-27,1547389294413609.8,2008,8,240,14,0.8657313628379703
2008-08-28,,2008,8,241,0,0.0
2008-08-29,1344582902850160.2,2008,8,242,2,0.0095187817417173
2008-08-30,2479888324811274.0,2008,8,243,9,0.6969825145110152
2008-08-31,4273091838245161.5,2008,8,244,18,0.9999999999999988
2008-09-01,3069368799231786.5,2008,9,245,11,0.5406154772721166
2008-09-02,3491207881544818.5,2008,9,246,14,0.8737810993683991
2008-09-03,3654797591772631.0,2008,9,247,8,0.3323002488478234
2008-09-04,3182780167612073.0,2008,9,248,16,0.9327236359779
2008-09-05,4691506322885887.0,2008,9,249,6,0.2920211870924242
2008-09-06,1080982399287634.6,2008,9,250,3,0.1043576878517708
2008-09-07,,2008,9,251,0,0.0
2008-09-08,,2008,9,252,0,0.0
2008-09-09,,2008,9,253,0,0.0
2008-09-10,1389522105403366.0,2008,9,254,2,0.0589425366095009
2008-09-11,8099016103830466.0,2008,9,255,18,0.9999999999999988
2008-09-12,6532615884730205.0,2008,9,256,14,0.8248719836086047
2008-09-13,,2008,9,257,0,0.0
2008-09-14,,2008,9,258,0,0.0
2008-09-15,,2008,9,259,0,0.0
2008-09-16,-582919672299519.9,2008,9,260,4,0.337740520852204
2008-09-17,1549113233506304.0,2008,9,261,1,0.0216913558283945
2008-09-18,,2008,9,262,0,0.0
2008-09-19,,2008,9,263,0,0.0
2008-09-20,2252782011901124.5,2008,9,264,7,0.3567254679400146
2008-09-21,,2008,9,265,0,0.0
2008-09-22,2294346250807552.0,2008,9,266,2,0.0947557319712507
2008-09-23,1384811335356335.2,2008,9,267,10,0.5423418737413089
2008-09-24,,2008,9,268,0,0.0
2008-09-25,,2008,9,269,0,0.0
2008-09-26,,2008,9,270,0,0.0
2008-09-27,,2008,9,271,0,0.0
2008-09-30,7897981491398230.0,2008,9,274,18,0.9999999999999988
2008-10-01,5298571237466564.0,2008,10,275,18,0.9999999999999988
2008-10-02,5701877892521579.0,2008,10,276,18,0.9999999999999988
2008-10-03,4820189256699679.0,2008,10,277,9,0.4789963529030523
2008-10-04,1.003935054055485e+16,2008,10,278,13,0.8268491628860555
2008-10-05,5238016838856684.0,2008,10,279,10,0.6867333345888292
2008-10-06,8154902760086421.0,2008,10,280,18,0.9999999999999988
2008-10-07,1294601793044480.0,2008,10,281,3,0.1655104145952532
2008-10-08,,2008,10,282,0,0.0
2008-10-09,5555062868863233.0,2008,10,283,18,0.9999999999999988
2008-10-10,1245203226689536.0,2008,10,284,1,0.0008399629398123
2008-10-11,5348718757651771.0,2008,10,285,2,0.0225313187682068
2008-10-12,5424636483820536.0,2008,10,286,11,0.6644408981532293
2008-10-13,3800298108004440.0,2008,10,287,16,0.9327236359779
2008-10-14,9093510007523148.0,2008,10,288,17,0.987618037406628
2008-10-15,9281391725626432.0,2008,10,289,17,0.9536154638119712
2008-10-16,2833140035126006.5,2008,10,290,10,0.4048773908266081
2008-10-17,,2008,10,291,0,0.0
2008-10-18,1565536298341066.5,2008,10,292,11,0.7331178707768571
2008-10-19,,2008,10,293,0,0.0
2008-10-20,4644346750050272.0,2008,10,294,18,0.9999999999999988
2008-10-21,9565005332466690.0,2008,10,295,17,0.9870706371123122
2008-10-22,1.1917343501327444e+16,2008,10,296,18,0.9999999999999988
2008-10-23,1.025127744061926e+16,2008,10,297,14,0.8135436312588923
2008-10-24,7453444348861462.0,2008,10,298,15,0.9141231603935356
2008-10-25,8879318418517210.0,2008,10,299,18,0.9999999999999988
2008-10-26,4404435877630143.0,2008,10,300,17,0.9870706371123122
2008-10-27,,2008,10,301,0,0.0
2008-10-28,1657196756598784.0,2008,10,302,1,0.00375576018709
2008-10-29,1.2185293703176362e+16,2008,10,303,18,0.9999999999999988
2008-10-30,1.3132883907569968e+16,2008,10,304,18,0.9999999999999988
2008-10-31,6265765273053773.0,2008,10,305,18,0.9999999999999988
2008-11-01,1.5782664371902494e+16,2008,11,306,10,0.5358601141449999
2008-11-02,3824146376327579.0,2008,11,307,18,0.9999999999999988
2008-11-03,1.0641593345721e+16,2008,11,308,18,0.9999999999999988
2008-11-04,1.0686798708906512e+16,2008,11,309,14,0.8379679040066494
2008-11-05,1.2668768498603946e+16,2008,11,310,18,0.9999999999999988
2008-11-06,6659721083069723.0,2008,11,311,18,0.9999999999999988
2008-11-07,1.0885205350250708e+16,2008,11,312,16,0.9327236359779
2008-11-08,561736747112080.5,2008,11,313,3,0.0740010869624353
2008-11-09,6589409245531697.0,2008,11,314,15,0.8713183465644956
2008-11-10,1.0115191761421618e+16,2008,11,315,18,0.9999999999999988
2008-11-11,7130000514265747.0,2008,11,316,18,0.9999999999999988
2008-11-12,1.9729472699139776e+16,2008,11,317,18,0.9999999999999988
2008-11-13,9168477294481440.0,2008,11,318,13,0.7947680726777755
2008-11-14,1.6976152836132786e+16,2008,11,319,18,0.9999999999999988
2008-11-15,4124076657101718.5,2008,11,320,14,0.906644876630277
2008-11-16,7143357066057705.0,2008,11,321,18,0.9999999999999988
2008-11-17,1.3501494865241222e+16,2008,11,322,12,0.653138710861052
2008-11-18,9240788127470170.0,2008,11,323,18,0.9999999999999988
2008-11-19,1.4634339322485778e+16,2008,11,324,18,0.9999999999999988
2008-11-20,1.1888686672614526e+16,2008,11,325,18,0.9999999999999988
2008-11-21,1722505188705841.8,2008,11,326,10,0.4853838817852446
2008-11-22,1.069780605549515e+16,2008,11,327,18,0.9999999999999988
2008-11-23,9528825478404498.0,2008,11,328,18,0.9999999999999988
2008-11-24,1608988298838016.0,2008,11,329,1,0.012381962593371
2008-11-25,3901362432212969.5,2008,11,330,15,0.882791659210456
2008-11-26,1.6306567929485416e+16,2008,11,331,18,0.9999999999999988
2008-11-27,6047424394742538.0,2008,11,332,18,0.9999999999999988
2008-11-28,,2008,11,333,0,0.0
2008-11-29,8050578469669472.0,2008,11,334,12,0.7129417035942114
2008-11-30,8984040028419990.0,2008,11,335,18,0.9999999999999988
2008-12-01,1.5043131507617908e+16,2008,12,336,18,0.9999999999999988
2008-12-02,1.073230948807028e+16,2008,12,337,18,0.9999999999999988
2008-12-03,2.1648854159538708e+16,2008,12,338,13,0.7728704610356812
2008-12-04,9016622750380580.0,2008,12,339,18,0.9999999999999988
2008-12-05,1.7331827013525946e+16,2008,12,340,18,0.9999999999999988
2008-12-06,1.1068195474480128e+16,2008,12,341,18,0.9999999999999988
2008-12-07,8339945918711843.0,2008,12,342,18,0.9999999999999988
2008-12-08,1.3384287350041396e+16,2008,12,343,18,0.9999999999999988
2008-12-09,1.4947398403171624e+16,2008,12,344,18,0.9999999999999988
2008-12-10,,2008,12,345,0,0.0
2008-12-11,1.1995948950693308e+16,2008,12,346,18,0.9999999999999988
2008-12-12,1.8690715765430556e+16,2008,12,347,18,0.9999999999999988
2008-12-13,8960640336639306.0,2008,12,348,18,0.9999999999999988
2008-12-14,8356656961940448.0,2008,12,349,18,0.9999999999999988
2008-12-15,5685773188922564.0,2008,12,350,12,0.6061393162878369
2008-12-16,1.743607341467545e+16,2008,12,351,18,0.9999999999999988
2008-12-17,1.8617378184391496e+16,2008,12,352,17,0.9962442398129088
2008-12-18,1.401367968857857e+16,2008,12,353,18,0.9999999999999988
2008-12-19,1.3522754800146602e+16,2008,12,354,13,0.7728704610356812
2008-12-20,9655072206712802.0,2008,12,355,18,0.9999999999999988
2008-12-21,1.2817045084457758e+16,2008,12,356,18,0.9999999999999988
2008-12-22,1.1107439313591634e+16,2008,12,357,18,0.9999999999999988
2008-12-23,1.4980289051223336e+16,2008,12,358,18,0.9999999999999988
2008-12-24,1.53925973837733e+16,2008,12,359,18,0.9999999999999988
2008-12-25,4785563190753591.0,2008,12,360,18,0.9999999999999988
2008-12-26,,2008,12,361,0,0.0
2008-12-27,4534598154569415.0,2008,12,362,18,0.9999999999999988
2008-12-28,8906217299600790.0,2008,12,363,18,0.9999999999999988
2008-12-29,4742958125348907.0,2008,12,364,17,0.9870706371123122
2008-12-30,,2008,12,365,0,0.0
2008-12-31,8329310043211010.0,2008,12,366,10,0.6456653395721126
2009-01-01,4547422670426611.0,2009,1,1,18,0.9999999999999988
2009-01-02,1.093707732751212e+16,2009,1,2,17,0.9962442398129088
2009-01-03,1.3132549261682034e+16,2009,1,3,18,0.9999999999999988
2009-01-04,8657635136729882.0,2009,1,4,12,0.653138710861052
2009-01-05,6248783816827971.0,2009,1,5,18,0.9999999999999988
2009-01-06,1.0062161199331974e+16,2009,1,6,18,0.9999999999999988
2009-01-07,1.2041928836721884e+16,2009,1,7,18,0.9999999999999988
2009-01-08,1.568934249690348e+16,2009,1,8,18,0.9999999999999988
2009-01-09,1.5506889864347194e+16,2009,1,9,18,0.9999999999999988
2009-01-10,1.568563006614518e+16,2009,1,10,18,0.9999999999999988
2009-01-11,,2009,1,11,0,0.0
2009-01-12,2558692485792150.0,2009,1,12,3,0.1098142823241851
2009-01-13,4848524155944960.0,2009,1,13,1,0.00375576018709
2009-01-14,,2009,1,14,0,0.0
2009-01-15,,2009,1,15,0,0.0
2009-01-16,,2009,1,16,0,0.0
2009-01-17,1.0287181565541696e+16,2009,1,17,18,0.9999999999999988
2009-01-18,8544168814698734.0,2009,1,18,17,0.9962442398129088
2009-01-19,8807121512114782.0,2009,1,19,18,0.9999999999999988
2009-01-20,1.9465472779227616e+16,2009,1,20,12,0.653138710861052
2009-01-21,4795283642432949.0,2009,1,21,18,0.9999999999999988
2009-01-22,1.2484399096526618e+16,2009,1,22,18,0.9999999999999988
2009-01-23,1.0809807075104918e+16,2009,1,23,18,0.9999999999999988
2009-01-24,6584985816102669.0,2009,1,24,18,0.9999999999999988
2009-01-25,9267276358349162.0,2009,1,25,18,0.9999999999999988
2009-01-26,9534322277476592.0,2009,1,26,18,0.9999999999999988
2009-01-27,,2009,1,27,0,0.0
2009-01-28,5587053576405986.0,2009,1,28,18,0.9999999999999988
2009-01-29,,2009,1,29,0,0.0
2009-01-30,,2009,1,30,0,0.0
2009-01-31,,2009,1,31,0,0.0
2009-02-01,5203311485893124.0,2009,2,32,13,0.7947680726777755
2009-02-02,9989716589227716.0,2009,2,33,18,0.9999999999999988
2009-02-03,1.5203670363547144e+16,2009,2,34,13,0.7918522754304977
2009-02-04,4989353214492256.0,2009,2,35,18,0.9999999999999988
2009-02-05,,2009,2,36,0,0.0
2009-02-06,8104216023312634.0,2009,2,37,18,0.9999999999999988
2009-02-07,1.4012269508928012e+16,2009,2,38,18,0.9999999999999988
2009-02-08,9945144439950484.0,2009,2,39,18,0.9999999999999988
2009-02-09,1.5426305361751636e+16,2009,2,40,18,0.9999999999999988
2009-02-10,1.1278864904572886e+16,2009,2,41,18,0.9999999999999988
2009-02-11,6277833716534785.0,2009,2,42,18,0.9999999999999988
2009-02-12,,2009,2,43,0,0.0
2009-02-13,7652786302388637.0,2009,2,44,18,0.9999999999999988
2009-02-14,4517244892068259.0,2009,2,45,5,0.2081477245695012
2009-02-15,4721534472097729.0,2009,2,46,18,0.9999999999999988
2009-02-16,7053110978989233.0,2009,2,47,18,0.9999999999999988
2009-02-17,6168126245926870.0,2009,2,48,13,0.7947680726777755
2009-02-18,9774021137478004.0,2009,2,49,18,0.9999999999999988
2009-02-19,6993417190491938.0,2009,2,50,12,0.7794703128371268
2009-02-20,4201745917286909.0,2009,2,51,18,0.9999999999999988
2009-02-21,,2009,2,52,0,0.0
2009-02-22,1259968793924607.2,2009,2,53,9,0.4118543410435696
2009-02-23,8186222375198475.0,2009,2,54,18,0.9999999999999988
2009-02-24,9780685040371332.0,2009,2,55,18,0.9999999999999988
2009-02-25,7962031608796195.0,2009,2,56,18,0.9999999999999988
2009-02-26,9383963900920466.0,2009,2,57,18,0.9999999999999988
2009-02-27,7815845498600157.0,2009,2,58,18,0.9999999999999988
2009-02-28,,2009,2,59,0,0.0
2009-03-01,2620213316463596.5,2009,3,60,18,0.9999999999999988
2009-03-02,2707035454199217.0,2009,3,61,5,0.2081477245695012
2009-03-03,4359409480320117.5,2009,3,62,18,0.9999999999999988
2009-03-04,,2009,3,63,0,0.0
2009-03-05,7265189455272278.0,2009,3,64,13,0.7947680726777755
2009-03-06,1.2842287802564366e+16,2009,3,65,18,0.9999999999999988
2009-03-07,1.36118012819368e+16,2009,3,66,17,0.9962442398129088
2009-03-08,5531795925687094.0,2009,3,67,18,0.9999999999999988
2009-03-09,,2009,3,68,0,0.0
2009-03-10,5658368030853088.0,2009,3,69,18,0.9999999999999988
2009-03-11,1.1214893382306502e+16,2009,3,70,18,0.9999999999999988
2009-03-12,2657616762011338.5,2009,3,71,5,0.1397396595577497
2009-03-13,8335763142528950.0,2009,3,72,18,0.9999999999999988
2009-03-14,2801332531163700.5,2009,3,73,9,0.5210036470969467
2009-03-15,4918693723466433.0,2009,3,74,18,0.9999999999999988
2009-03-16,,2009,3,75,0,0.0
2009-03-17,2697442868501109.0,2009,3,76,13,0.7800789776408069
2009-03-18,,2009,3,77,0,0.0
2009-03-19,2744373197925065.5,2009,3,78,14,0.8135436312588923
2009-03-20,4565018209198969.0,2009,3,79,18,0.9999999999999988
2009-03-21,2573988435426324.5,2009,3,80,12,0.7910123124906855
2009-03-22,6129079877621833.0,2009,3,81,18,0.9999999999999988
2009-03-23,,2009,3,82,0,0.0
2009-03-24,7771526413750285.0,2009,3,83,18,0.9999999999999988
2009-03-25,,2009,3,84,0,0.0
2009-03-26,4587317324739457.0,2009,3,85,18,0.9999999999999988
2009-03-27,6547783440081472.0,2009,3,86,18,0.9999999999999988
2009-03-28,5584315785351158.0,2009,3,87,18,0.9999999999999988
2009-03-29,6473878061931164.0,2009,3,88,18,0.9999999999999988
2009-03-30,8936394040458904.0,2009,3,89,18,0.9999999999999988
2009-03-31,1.0918514682718196e+16,2009,3,90,18,0.9999999999999988
2009-04-01,,2009,4,91,0,0.0
2009-04-02,5829727065378948.0,2009,4,92,18,0.9999999999999988
2009-04-03,5943490828650105.0,2009,4,93,11,0.6009208971918875
2009-04-04,4465584971088048.0,2009,4,94,18,0.9999999999999988
2009-04-05,,2009,4,95,0,0.0
2009-04-06,4543521886054418.0,2009,4,96,12,0.7129417035942114
2009-04-07,8947710229003987.0,2009,4,97,16,0.949683665796779
2009-04-08,,2009,4,98,0,0.0
2009-04-09,4774027094843736.0,2009,4,99,18,0.9999999999999988
2009-04-10,,2009,4,100,0,0.0
2009-04-11,2236844915386164.8,2009,4,101,18,0.9999999999999988
2009-04-12,3442382161678251.5,2009,4,102,17,0.930808283468312
2009-04-13,3209699668576811.0,2009,4,103,11,0.6936341013317315
2009-04-14,8508718034028170.0,2009,4,104,18,0.9999999999999988
2009-04-15,7058302119939866.0,2009,4,105,17,0.9783086441716043
2009-04-16,5650833384028259.0,2009,4,106,18,0.9999999999999988
2009-04-17,,2009,4,107,0,0.0
2009-04-18,5304685699167128.0,2009,4,108,18,0.9999999999999988
2009-04-19,1.1755463285841024e+16,2009,4,109,12,0.653138710861052
2009-04-20,1870515553037631.2,2009,4,110,10,0.4827521130901423
2009-04-21,5869293403860744.0,2009,4,111,18,0.9999999999999988
2009-04-22,1375011058106363.0,2009,4,112,3,0.1172083407895429
2009-04-23,2784116718174208.0,2009,4,113,1,0.0150585503529344
2009-04-24,1857239287595008.0,2009,4,114,1,0.00375576018709
2009-04-25,5604083975986580.0,2009,4,115,18,0.9999999999999988
2009-04-26,,2009,4,116,0,0.0
2009-04-27,4796872206276196.0,2009,4,117,18,0.9999999999999988
2009-04-28,4630761039197486.0,2009,4,118,18,0.9999999999999988
2009-04-29,5500644928735475.0,2009,4,119,18,0.9999999999999988
2009-04-30,6553695622635123.0,2009,4,120,18,0.9999999999999988
2009-05-01,,2009,5,121,0,0.0
2009-05-02,4866371653600499.0,2009,5,122,18,0.9999999999999988
2009-05-03,3611679274475748.0,2009,5,123,10,0.5894541932130603
2009-05-04,1913989910274614.5,2009,5,124,12,0.5404489197617586
2009-05-05,6086556389657254.0,2009,5,125,12,0.653138710861052
2009-05-06,3922303557920998.5,2009,5,126,16,0.8956647106782658
2009-05-07,,2009,5,127,0,0.0
2009-05-08,3352158396369143.5,2009,5,128,10,0.5894541932130603
2009-05-09,7754435985484267.0,2009,5,129,18,0.9999999999999988
2009-05-10,915319069605888.0,2009,5,130,1,0.00375576018709
2009-05-11,1002144281676435.4,2009,5,131,7,0.2070160235798486
2009-05-12,,2009,5,132,0,0.0
2009-05-13,1251449697364730.8,2009,5,133,2,0.0066029844944396
2009-05-14,3456313009564684.0,2009,5,134,7,0.2424578564753847
2009-05-15,,2009,5,135,0,0.0
2009-05-16,,2009,5,136,0,0.0
2009-05-17,,2009,5,137,0,0.0
2009-05-18,2821529257332165.5,2009,5,138,3,0.1469735456404152
2009-05-19,2243968065724024.8,2009,5,139,6,0.3558855050002023
2009-05-20,,2009,5,140,0,0.0
2009-05-21,2677436693371956.0,2009,5,141,8,0.3864334150265758
2009-05-22,2283483509391867.5,2009,5,142,4,0.0933551233697217
2009-05-23,6578348016576778.0,2009,5,143,17,0.9849414496470644
2009-05-24,1816391093876419.5,2009,5,144,3,0.1172083407895429
2009-05-25,5186096253025755.0,2009,5,145,18,0.9999999999999988
2009-05-26,1115204096098304.0,2009,5,146,1,0.00375576018709
2009-05-27,8405358901422744.0,2009,5,147,18,0.9999999999999988
2009-05-28,,2009,5,148,0,0.0
2009-05-29,4927179233542617.0,2009,5,149,16,0.941057463390498
2009-05-30,5966356438795355.0,2009,5,150,15,0.8974658521276144
2009-05-31,,2009,5,151,0,0.0
2009-06-01,2418254602804522.5,2009,6,152,7,0.201358783926814
2009-06-02,,2009,6,153,0,0.0
2009-06-03,5705695616344015.0,2009,6,154,18,0.9999999999999988
2009-06-04,2934691629841630.0,2009,6,155,9,0.5372363795438958
2009-06-05,2751027715319874.0,2009,6,156,18,0.9999999999999988
2009-06-06,7363100388352800.0,2009,6,157,12,0.653138710861052
2009-06-07,1875157208469414.5,2009,6,158,18,0.9999999999999988
2009-06-08,,2009,6,159,0,0.0
2009-06-09,1421391892729097.2,2009,6,160,7,0.350777029002401
2009-06-10,4239901377102857.5,2009,6,161,18,0.9999999999999988
2009-06-11,1773900279054336.0,2009,6,162,1,0.00375576018709
2009-06-12,4987774716126938.0,2009,6,163,18,0.9999999999999988
2009-06-13,,2009,6,164,0,0.0
2009-06-14,2646470310246558.0,2009,6,165,18,0.9999999999999988
2009-06-15,5573638458345339.0,2009,6,166,17,0.987618037406628
2009-06-16,3322963040413213.0,2009,6,167,2,0.0225313187682068
2009-06-17,3219125567669241.0,2009,6,168,9,0.308566734417945
2009-06-18,,2009,6,169,0,0.0
2009-06-19,4311202750776311.0,2009,6,170,16,0.9327236359779
2009-06-20,,2009,6,171,0,0.0
2009-06-21,3452770088389584.5,2009,6,172,5,0.350122483445575
2009-06-22,1572519463092224.0,2009,6,173,2,0.0821210794193735
2009-06-23,1737071635621893.2,2009,6,174,2,0.0672763640220989
2009-06-24,1903741885030970.5,2009,6,175,14,0.6789628205062507
2009-06-25,,2009,6,176,0,0.0
2009-06-26,9226769222770538.0,2009,6,177,12,0.8360487686393105
2009-06-27,,2009,6,178,0,0.0
2009-06-28,5027856043230201.0,2009,6,179,12,0.5573590718199813
2009-06-29,,2009,6,180,0,0.0
2009-06-30,2983326463894114.0,2009,6,181,15,0.859231094306934
2009-07-01,4666956119426184.0,2009,7,182,18,0.9999999999999988
2009-07-02,,2009,7,183,0,0.0
2009-07-03,2955316731145433.5,2009,7,184,16,0.96325009381867
2009-07-04,,2009,7,185,0,0.0
2009-07-05,3824458987041310.5,2009,7,186,18,0.9999999999999988
2009-07-06,2909802969766495.5,2009,7,187,10,0.5894541932130603
2009-07-07,5111015593254661.0,2009,7,188,18,0.9999999999999988
2009-07-08,6460362429056836.0,2009,7,189,12,0.653138710861052
2009-07-09,3217390142494203.0,2009,7,190,18,0.9999999999999988
2009-07-10,,2009,7,191,0,0.0
2009-07-11,1433561172373336.2,2009,7,192,6,0.3558855050002023
2009-07-12,2470430728347010.0,2009,7,193,17,0.9962442398129088
2009-07-13,,2009,7,194,0,0.0
2009-07-14,4418703238401917.0,2009,7,195,18,0.9999999999999988
2009-07-15,,2009,7,196,0,0.0
2009-07-16,4350497510677358.5,2009,7,197,18,0.9999999999999988
2009-07-17,6211268304390706.0,2009,7,198,11,0.529878908479204
2009-07-18,3402554128264307.5,2009,7,199,18,0.9999999999999988
2009-07-19,4472096563170014.5,2009,7,200,18,0.9999999999999988
2009-07-20,,2009,7,201,0,0.0
2009-07-21,7254334542748531.0,2009,7,202,18,0.9999999999999988
2009-07-22,4525947656953554.0,2009,7,203,10,0.6569681297379569
2009-07-23,3359700868841468.0,2009,7,204,18,0.9999999999999988
2009-07-24,6297446482053132.0,2009,7,205,12,0.653138710861052
2009-07-25,,2009,7,206,0,0.0
2009-07-26,5038208817828535.0,2009,7,207,18,0.9999999999999988
2009-07-27,,2009,7,208,0,0.0
2009-07-28,4509438071853588.0,2009,7,209,8,0.5774312287075812
2009-07-29,1850332845965312.0,2009,7,210,1,0.00375576018709
2009-07-30,5935862679398406.0,2009,7,211,18,0.9999999999999988
2009-07-31,,2009,7,212,0,0.0
2009-08-01,4080917181507401.0,2009,8,213,18,0.9999999999999988
2009-08-02,3225934466753136.0,2009,8,214,18,0.9999999999999988
2009-08-03,683075041975676.2,2009,8,215,5,0.1397396595577497
2009-08-04,4647727037463716.0,2009,8,216,18,0.9999999999999988
2009-08-05,,2009,8,217,0,0.0
2009-08-06,6027701793030147.0,2009,8,218,13,0.7919547302848351
2009-08-07,3734093208882259.0,2009,8,219,10,0.6569681297379569
2009-08-08,1830749932271916.5,2009,8,220,9,0.4546591548726095
2009-08-09,2667342173466561.5,2009,8,221,11,0.6473756893064248
2009-08-10,897711446252201.1,2009,8,222,2,0.0066029844944396
2009-08-11,,2009,8,223,0,0.0
2009-08-12,2887051621050019.0,2009,8,224,10,0.5894541932130603
2009-08-13,7031271374409985.0,2009,8,225,17,0.987618037406628
2009-08-14,3117872184295424.0,2009,8,226,1,0.00375576018709
2009-08-15,4556940825923105.0,2009,8,227,15,0.7276513713927572
2009-08-16,,2009,8,228,0,0.0
2009-08-17,1989476422246903.5,2009,8,229,8,0.2535765975959785
2009-08-18,,2009,8,230,0,0.0
2009-08-19,1003783325464932.4,2009,8,231,2,0.0947557319712507
2009-08-20,6141089542789942.0,2009,8,232,17,0.9870706371123122
2009-08-21,,2009,8,233,0,0.0
2009-08-22,6560177883261628.0,2009,8,234,15,0.8508972668943361
2009-08-23,2254785738644948.5,2009,8,235,10,0.5894541932130603
2009-08-24,4424990943282160.0,2009,8,236,18,0.9999999999999988
2009-08-25,,2009,8,237,0,0.0
2009-08-26,,2009,8,238,0,0.0
2009-08-27,5279786540856346.0,2009,8,239,16,0.9052442680287482
2009-08-28,,2009,8,240,0,0.0
2009-08-29,1979600355721216.0,2009,8,241,2,0.0947557319712507
2009-08-30,,2009,8,242,0,0.0
2009-08-31,1261476751849201.8,2009,8,243,4,0.1620320959933496
2009-09-01,,2009,9,244,0,0.0
2009-09-02,1675382419955481.8,2009,9,245,15,0.79869457068088
2009-09-03,5574593129353178.0,2009,9,246,8,0.5024094050335468
2009-09-04,,2009,9,247,0,0.0
2009-09-05,,2009,9,248,0,0.0
2009-09-06,,2009,9,249,0,0.0
2009-09-07,,2009,9,250,0,0.0
2009-09-08,,2009,9,251,0,0.0
2009-09-09,,2009,9,252,0,0.0
2009-09-10,,2009,9,253,0,0.0
2009-09-11,,2009,9,254,0,0.0
2009-09-12,,2009,9,255,0,0.0
2009-09-13,,2009,9,256,0,0.0
2009-09-14,,2009,9,257,0,0.0
2009-09-15,,2009,9,258,0,0.0
2009-09-16,812427828225942.5,2009,9,259,6,0.1434954197448397
2009-09-17,,2009,9,260,0,0.0
2009-09-18,1514911546740447.8,2009,9,261,5,0.3153950572964221
2009-09-19,4057059264421098.5,2009,9,262,17,0.9849414496470644
2009-09-20,1133041791509508.5,2009,9,263,10,0.4827521130901423
2009-09-21,7434336675952566.0,2009,9,264,18,0.9999999999999988
2009-09-22,,2009,9,265,0,0.0
2009-09-23,1019346976438152.8,2009,9,266,8,0.454844357056692
2009-09-24,1060156104245248.0,2009,9,267,3,0.2386771642106593
2009-09-25,,2009,9,268,0,0.0
2009-09-26,,2009,9,269,0,0.0
2009-09-27,,2009,9,270,0,0.0
2009-09-28,3518100086292914.0,2009,9,271,18,0.9999999999999988
2009-09-29,3051589224637105.5,2009,9,272,8,0.5221778291909615
2009-09-30,5791654218740142.0,2009,9,273,18,0.9999999999999988
2009-10-01,5736149477752832.0,2009,10,274,1,0.00375576018709
2009-10-02,6538940295908394.0,2009,10,275,18,0.9999999999999988
2009-10-03,,2009,10,276,0,0.0
2009-10-04,2374903587973808.0,2009,10,277,15,0.8622000570601804
2009-10-05,3526958768901210.5,2009,10,278,18,0.9999999999999988
2009-10-06,5323339491283742.0,2009,10,279,18,0.9999999999999988
2009-10-07,8674076619361530.0,2009,10,280,18,0.9999999999999988
2009-10-08,,2009,10,281,0,0.0
2009-10-09,6906924169960565.0,2009,10,282,9,0.4158440483520814
2009-10-10,2929280289506738.5,2009,10,283,5,0.2271295389643176
2009-10-11,3769629415180958.5,2009,10,284,14,0.8135436312588923
2009-10-12,,2009,10,285,0,0.0
2009-10-13,2758407541258886.5,2009,10,286,16,0.8956647106782658
2009-10-14,,2009,10,287,0,0.0
2009-10-15,2096431964807661.2,2009,10,288,10,0.5894541932130603
2009-10-16,5605032265181137.0,2009,10,289,18,0.9999999999999988
2009-10-17,6739292239953920.0,2009,10,290,1,0.00375576018709
2009-10-18,606987459869321.5,2009,10,291,3,0.0710321242091889
2009-10-19,,2009,10,292,0,0.0
2009-10-20,1196239415977357.8,2009,10,293,5,0.3153950572964221
2009-10-21,7943153949607350.0,2009,10,294,18,0.9999999999999988
2009-10-22,-684488329338146.6,2009,10,295,3,0.0282943403228341
2009-10-23,1.1113397656129416e+16,2009,10,296,18,0.9999999999999988
2009-10-24,,2009,10,297,0,0.0
2009-10-25,1314793862089027.8,2009,10,298,5,0.2827890113113055
2009-10-26,,2009,10,299,0,0.0
2009-10-27,,2009,10,300,0,0.0
2009-10-28,,2009,10,301,0,0.0
2009-10-29,1931745991888916.0,2009,10,302,4,0.1712734361498805
2009-10-30,8263113021242499.0,2009,10,303,11,0.7070076252296575
2009-10-31,,2009,10,304,0,0.0
2009-11-01,8983785680956962.0,2009,11,305,17,0.9870706371123122
2009-11-02,,2009,11,306,0,0.0
2009-11-03,6086091190644028.0,2009,11,307,18,0.9999999999999988
2009-11-04,,2009,11,308,0,0.0
2009-11-05,2691904448251192.5,2009,11,309,13,0.8602603404422492
2009-11-06,5454488681017199.0,2009,11,310,13,0.787093590826843
2009-11-07,-754738295472128.0,2009,11,311,2,0.0066029844944396
2009-11-08,1.0287639019708654e+16,2009,11,312,17,0.9477821863308344
2009-11-09,,2009,11,313,0,0.0
2009-11-10,6420111986000900.0,2009,11,314,6,0.3283244201841088
2009-11-11,,2009,11,315,0,0.0
2009-11-12,9648631897021604.0,2009,11,316,18,0.9999999999999988
2009-11-13,7609938669132506.0,2009,11,317,3,0.0858768396064635
2009-11-14,5581499329933792.0,2009,11,318,18,0.9999999999999988
2009-11-15,,2009,11,319,0,0.0
2009-11-16,,2009,11,320,0,0.0
2009-11-17,6412109298676628.0,2009,11,321,16,0.833707675789808
2009-11-18,,2009,11,322,0,0.0
2009-11-19,6990362456434820.0,2009,11,323,18,0.9999999999999988
2009-11-20,,2009,11,324,0,0.0
2009-11-21,4069702343460086.5,2009,11,325,18,0.9999999999999988
2009-11-22,7288895808260339.0,2009,11,326,18,0.9999999999999988
2009-11-23,1.2696674998017346e+16,2009,11,327,15,0.9141231603935356
2009-11-24,1.5885126759015488e+16,2009,11,328,18,0.9999999999999988
2009-11-25,,2009,11,329,0,0.0
2009-11-26,4032251094812142.5,2009,11,330,10,0.4058390836053903
2009-11-27,,2009,11,331,0,0.0
2009-11-28,7267060851702459.0,2009,11,332,17,0.8994204708653557
2009-11-29,,2009,11,333,0,0.0
2009-11-30,5780065473340586.0,2009,11,334,17,0.9536154638119712
2009-12-01,943225714499412.8,2009,12,335,11,0.7893802244208572
2009-12-02,,2009,12,336,0,0.0
2009-12-03,4798244482264044.0,2009,12,337,11,0.6884912409696508
2009-12-04,,2009,12,338,0,0.0
2009-12-05,-145029211463952.6,2009,12,339,2,0.0066029844944396
2009-12-06,,2009,12,340,0,0.0
2009-12-07,8162068405681346.0,2009,12,341,18,0.9999999999999988
2009-12-08,2.071981531238438e+16,2009,12,342,18,0.9999999999999988
2009-12-09,1.212147568306257e+16,2009,12,343,15,0.9141231603935356
2009-12-10,1.5883966313750798e+16,2009,12,344,18,0.9999999999999988
2009-12-11,,2009,12,345,0,0.0
2009-12-12,8492405058093088.0,2009,12,346,18,0.9999999999999988
2009-12-13,,2009,12,347,0,0.0
2009-12-14,5361220623161972.0,2009,12,348,17,0.930808283468312
2009-12-15,,2009,12,349,0,0.0
2009-12-16,,2009,12,350,0,0.0
2009-12-17,,2009,12,351,0,0.0
2009-12-18,,2009,12,352,0,0.0
2009-12-19,,2009,12,353,0,0.0
2009-12-20,,2009,12,354,0,0.0
2009-12-21,1.0154377126759024e+16,2009,12,355,18,0.9999999999999988
2009-12-22,,2009,12,356,0,0.0
2009-12-23,1371147749579951.0,2009,12,357,9,0.3877066595894248
2009-12-24,6511760438880553.0,2009,12,358,18,0.9999999999999988
2009-12-25,3745353919914281.5,2009,12,359,14,0.8135436312588923
2009-12-26,1.1131751261694356e+16,2009,12,360,18,0.9999999999999988
2009-12-27,,2009,12,361,0,0.0
2009-12-28,1.3864501903727026e+16,2009,12,362,18,0.9999999999999988
2009-12-29,,2009,12,363,0,0.0
2009-12-30,6738545038033015.0,2009,12,364,18,0.9999999999999988
2009-12-31,,2009,12,365,0,0.0
2010-01-01,2846758436449762.0,2010,1,1,18,0.9999999999999988
2010-01-02,4053187241564955.0,2010,1,2,10,0.551548812121995
2010-01-03,,2010,1,3,0,0.0
2010-01-04,5208629971793283.0,2010,1,4,5,0.2081477245695012
2010-01-05,,2010,1,5,0,0.0
2010-01-06,5998180600643584.0,2010,1,6,1,0.0150585503529344
2010-01-07,,2010,1,7,0,0.0
2010-01-08,,2010,1,8,0,0.0
2010-01-09,,2010,1,9,0,0.0
2010-01-10,,2010,1,10,0,0.0
2010-01-11,2170706403547936.5,2010,1,11,8,0.2741001261460115
2010-01-12,,2010,1,12,0,0.0
2010-01-13,5790692996602869.0,2010,1,13,10,0.483299513384458
2010-01-14,,2010,1,14,0,0.0
2010-01-15,3150024823093235.5,2010,1,15,11,0.6216360843241894
2010-01-16,,2010,1,16,0,0.0
2010-01-17,2332343555705304.5,2010,1,17,18,0.9999999999999988
2010-01-18,,2010,1,18,0,0.0
2010-01-19,,2010,1,19,0,0.0
2010-01-20,1.1546041503026412e+16,2010,1,20,18,0.9999999999999988
2010-01-21,,2010,1,21,0,0.0
2010-01-22,1.4405616334629014e+16,2010,1,22,18,0.9999999999999988
2010-01-23,,2010,1,23,0,0.0
2010-01-24,5830206485259609.0,2010,1,24,18,0.9999999999999988
2010-01-25,1.817958392849205e+16,2010,1,25,18,0.9999999999999988
2010-01-26,1.239904360226097e+16,2010,1,26,14,0.8135436312588923
2010-01-27,1.2862768262975444e+16,2010,1,27,18,0.9999999999999988
2010-01-28,,2010,1,28,0,0.0
2010-01-29,3371912847710356.0,2010,1,29,7,0.3656239295077702
2010-01-30,,2010,1,30,0,0.0
2010-01-31,,2010,1,31,0,0.0
2010-02-01,,2010,2,32,0,0.0
2010-02-02,,2010,2,33,0,0.0
2010-02-03,,2010,2,34,0,0.0
2010-02-04,,2010,2,35,0,0.0
2010-02-05,1.3212824996347466e+16,2010,2,36,18,0.9999999999999988
2010-02-06,,2010,2,37,0,0.0
2010-02-07,6578470765383748.0,2010,2,38,18,0.9999999999999988
2010-02-08,,2010,2,39,0,0.0
2010-02-09,8878005047015848.0,2010,2,40,18,0.9999999999999988
2010-02-10,7489105571793702.0,2010,2,41,18,0.9999999999999988
2010-02-11,2160257149173760.0,2010,2,42,3,0.1491027331056629
2010-02-12,1.242544506840541e+16,2010,2,43,18,0.9999999999999988
2010-02-13,,2010,2,44,0,0.0
2010-02-14,3598643949089167.5,2010,2,45,18,0.9999999999999988
2010-02-15,,2010,2,46,0,0.0
2010-02-16,5508220850266886.0,2010,2,47,11,0.5897133675536019
2010-02-17,,2010,2,48,0,0.0
2010-02-18,,2010,2,49,0,0.0
2010-02-19,,2010,2,50,0,0.0
2010-02-20,9437534427400526.0,2010,2,51,11,0.7091859434071214
2010-02-21,1.2278251720982796e+16,2010,2,52,18,0.9999999999999988
2010-02-22,2927750356664320.0,2010,2,53,1,0.00375576018709
2010-02-23,9972369825407470.0,2010,2,54,14,0.906644876630277
2010-02-24,,2010,2,55,0,0.0
2010-02-25,8880688261977093.0,2010,2,56,18,0.9999999999999988
2010-02-26,1.5715055819246424e+16,2010,2,57,18,0.9999999999999988
2010-02-27,1.168525658423388e+16,2010,2,58,18,0.9999999999999988
2010-02-28,7407378504454566.0,2010,2,59,18,0.9999999999999988
2010-03-01,,2010,3,60,0,0.0
2010-03-02,1.3109328604627872e+16,2010,3,61,18,0.9999999999999988
2010-03-03,3179185765157062.0,2010,3,62,5,0.2271295389643176
2010-03-04,7170470191992097.0,2010,3,63,18,0.9999999999999988
2010-03-05,,2010,3,64,0,0.0
2010-03-06,4021243006455122.5,2010,3,65,12,0.6106030102795784
2010-03-07,1.2143061008091448e+16,2010,3,66,18,0.9999999999999988
2010-03-08,,2010,3,67,0,0.0
2010-03-09,7474669916956784.0,2010,3,68,18,0.9999999999999988
2010-03-10,1393710579318784.0,2010,3,69,1,0.00375576018709
2010-03-11,3824464129975161.0,2010,3,70,18,0.9999999999999988
2010-03-12,,2010,3,71,0,0.0
2010-03-13,7482357385491854.0,2010,3,72,18,0.9999999999999988
2010-03-14,5640807539221764.0,2010,3,73,18,0.9999999999999988
2010-03-15,2579516218105190.5,2010,3,74,2,0.0066029844944396
2010-03-16,5610875432214336.0,2010,3,75,7,0.3806703934719485
2010-03-17,,2010,3,76,0,0.0
2010-03-18,1.3391471342889014e+16,2010,3,77,16,0.9144178707293448
2010-03-19,3295718986431254.0,2010,3,78,4,0.1805689649481877
2010-03-20,4025621849285607.0,2010,3,79,18,0.9999999999999988
2010-03-21,,2010,3,80,0,0.0
2010-03-22,7692107075278946.0,2010,3,81,18,0.9999999999999988
2010-03-23,,2010,3,82,0,0.0
2010-03-24,6409907345243800.0,2010,3,83,10,0.5894541932130603
2010-03-25,1.1685217575461462e+16,2010,3,84,18,0.9999999999999988
2010-03-26,1068789256945664.0,2010,3,85,1,0.00375576018709
2010-03-27,8859439140911498.0,2010,3,86,18,0.9999999999999988
2010-03-28,,2010,3,87,0,0.0
2010-03-29,8155208925283544.0,2010,3,88,18,0.9999999999999988
2010-03-30,8956307152246006.0,2010,3,89,17,0.9536154638119712
2010-03-31,7354476468371125.0,2010,3,90,14,0.738951943837989
2010-04-01,5817840284642634.0,2010,4,91,18,0.9999999999999988
2010-04-02,,2010,4,92,0,0.0
2010-04-03,7008186290579149.0,2010,4,93,17,0.9991600370601866
2010-04-04,,2010,4,94,0,0.0
2010-04-05,7524914064250306.0,2010,4,95,18,0.9999999999999988
2010-04-06,,2010,4,96,0,0.0
2010-04-07,4128494263095327.0,2010,4,97,6,0.2793473526334821
2010-04-08,2106550674214066.8,2010,4,98,12,0.4804460423352295
2010-04-09,1327657244267155.5,2010,4,99,2,0.0672763640220989
2010-04-10,5647001663130159.0,2010,4,100,18,0.9999999999999988
2010-04-11,6347437677477888.0,2010,4,101,1,0.00375576018709
2010-04-12,761041055419057.9,2010,4,102,10,0.483299513384458
2010-04-13,,2010,4,103,0,0.0
2010-04-14,6110455922716031.0,2010,4,104,17,0.987618037406628
2010-04-15,6017816598688323.0,2010,4,105,16,0.8777291150369614
2010-04-16,864713007716796.1,2010,4,106,2,0.0066029844944396
2010-04-17,1674525461820192.2,2010,4,107,7,0.2588655379649751
2010-04-18,,2010,4,108,0,0.0
2010-04-19,1.0695829853942814e+16,2010,4,109,18,0.9999999999999988
2010-04-20,4152510219693646.5,2010,4,110,4,0.1203856231504632
2010-04-21,5723944500420618.0,2010,4,111,18,0.9999999999999988
2010-04-22,,2010,4,112,0,0.0
2010-04-23,,2010,4,113,0,0.0
2010-04-24,,2010,4,114,0,0.0
2010-04-25,2094388313171998.0,2010,4,115,5,0.2393317097674853
2010-04-26,7628928640021386.0,2010,4,116,18,0.9999999999999988
2010-04-27,2193352959197184.0,2010,4,117,1,0.00375576018709
2010-04-28,8974462319081149.0,2010,4,118,18,0.9999999999999988
2010-04-29,,2010,4,119,0,0.0
2010-04-30,5732325919328353.0,2010,4,120,18,0.9999999999999988
2010-05-01,6575600262100791.0,2010,5,121,18,0.9999999999999988
2010-05-02,6009417820369560.0,2010,5,122,18,0.9999999999999988
2010-05-03,1.0072558767324526e+16,2010,5,123,18,0.9999999999999988
2010-05-04,,2010,5,124,0,0.0
2010-05-05,7124091274017305.0,2010,5,125,18,0.9999999999999988
2010-05-06,2027538318696288.5,2010,5,126,5,0.2271295389643176
2010-05-07,4723324128328495.0,2010,5,127,18,0.9999999999999988
2010-05-08,,2010,5,128,0,0.0
2010-05-09,4661095183345637.0,2010,5,129,17,0.930808283468312
2010-05-10,9160181636152852.0,2010,5,130,18,0.9999999999999988
2010-05-11,3388291709567392.0,2010,5,131,10,0.5894541932130603
2010-05-12,1.2033971928918434e+16,2010,5,132,17,0.9962442398129088
2010-05-13,1395618350104576.0,2010,5,133,1,0.00375576018709
2010-05-14,1862135962802071.5,2010,5,134,6,0.1434954197448397
2010-05-15,,2010,5,135,0,0.0
2010-05-16,878919786651694.6,2010,5,136,3,0.1588914735565096
2010-05-17,4615257555767406.0,2010,5,137,2,0.0066029844944396
2010-05-18,1158365027762176.0,2010,5,138,1,0.0008399629398123
2010-05-19,5857972785808888.0,2010,5,139,18,0.9999999999999988
2010-05-20,,2010,5,140,0,0.0
2010-05-21,5438987312063444.0,2010,5,141,18,0.9999999999999988
2010-05-22,1937195466219505.2,2010,5,142,5,0.2271295389643176
2010-05-23,4052438297471881.5,2010,5,143,18,0.9999999999999988
2010-05-24,,2010,5,144,0,0.0
2010-05-25,3030441059708333.0,2010,5,145,4,0.0933551233697217
2010-05-26,,2010,5,146,0,0.0
2010-05-27,2361339196473344.0,2010,5,147,1,0.0057630215546273
2010-05-28,1827343540577787.2,2010,5,148,4,0.074678876510862
2010-05-29,1123595120017408.0,2010,5,149,1,0.00375576018709
2010-05-30,5503436502663408.0,2010,5,150,18,0.9999999999999988
2010-05-31,,2010,5,151,0,0.0
2010-06-01,3796493319101606.5,2010,6,152,17,0.987618037406628
2010-06-02,3509858590781864.5,2010,6,153,17,0.9991600370601866
2010-06-03,1931614010505158.5,2010,6,154,11,0.5973734566124714
2010-06-04,9663384044029356.0,2010,6,155,18,0.9999999999999988
2010-06-05,,2010,6,156,0,0.0
2010-06-06,3715251394861096.0,2010,6,157,18,0.9999999999999988
2010-06-07,2240900101415122.0,2010,6,158,5,0.2271295389643176
2010-06-08,2907295314017813.0,2010,6,159,17,0.9942369784453716
2010-06-09,,2010,6,160,0,0.0
2010-06-10,1514079372095153.8,2010,6,161,9,0.4699029074096264
2010-06-11,5688315445187059.0,2010,6,162,18,0.9999999999999988
2010-06-12,1444351846589818.8,2010,6,163,4,0.2335686882128581
2010-06-13,2141352061933109.5,2010,6,164,17,0.8804487141965649
2010-06-14,2125069421641728.0,2010,6,165,1,0.00375576018709
2010-06-15,4665932210369118.0,2010,6,166,16,0.8659558172472706
2010-06-16,,2010,6,167,0,0.0
2010-06-17,,2010,6,168,0,0.0
2010-06-18,5644842480451006.0,2010,6,169,10,0.787974515688445
2010-06-19,4002420027848441.0,2010,6,170,18,0.9999999999999988
2010-06-20,3553441049928635.0,2010,6,171,18,0.9999999999999988
2010-06-21,,2010,6,172,0,0.0
2010-06-22,5300786354053150.0,2010,6,173,17,0.9181736309164348
2010-06-23,1942691222130849.5,2010,6,174,4,0.1203856231504632
2010-06-24,3940032243291554.5,2010,6,175,16,0.9184263208749412
2010-06-25,,2010,6,176,0,0.0
2010-06-26,783230968036323.8,2010,6,177,9,0.424977397784539
2010-06-27,,2010,6,178,0,0.0
2010-06-28,3783574717882405.0,2010,6,179,3,0.1172083407895429
2010-06-29,3248448148585974.0,2010,6,180,12,0.7502935890066798
2010-06-30,,2010,6,181,0,0.0
2010-07-01,,2010,7,182,0,0.0
2010-07-02,,2010,7,183,0,0.0
2010-07-03,905151606947840.0,2010,7,184,2,0.0672763640220989
2010-07-04,2939408692500157.5,2010,7,185,11,0.6700981378062639
2010-07-05,,2010,7,186,0,0.0
2010-07-06,6281954713302223.0,2010,7,187,9,0.5961889683087049
2010-07-07,,2010,7,188,0,0.0
2010-07-08,,2010,7,189,0,0.0
2010-07-09,,2010,7,190,0,0.0
2010-07-10,,2010,7,191,0,0.0
2010-07-11,,2010,7,192,0,0.0
2010-07-12,77461043806208.0,2010,7,193,2,0.0066029844944396
2010-07-13,1691845003658280.5,2010,7,194,15,0.904404305088936
2010-07-14,,2010,7,195,0,0.0
2010-07-15,2080610722587073.2,2010,7,196,2,0.0066029844944396
2010-07-16,3944987322482688.0,2010,7,197,1,0.00375576018709
2010-07-17,1878088061991248.0,2010,7,198,11,0.5376465145188701
2010-07-18,,2010,7,199,0,0.0
2010-07-19,1769705992709165.2,2010,7,200,4,0.0933551233697217
2010-07-20,1960464130972457.5,2010,7,201,9,0.4328179512146037
2010-07-21,1220716275957760.0,2010,7,202,5,0.1397396595577497
2010-07-22,,2010,7,203,0,0.0
2010-07-23,,2010,7,204,0,0.0
2010-07-24,,2010,7,205,0,0.0
2010-07-25,,2010,7,206,0,0.0
2010-07-26,,2010,7,207,0,0.0
2010-07-27,,2010,7,208,0,0.0
2010-07-28,,2010,7,209,0,0.0
2010-07-29,,2010,7,210,0,0.0
2010-07-30,2249664475551960.0,2010,7,211,3,0.1172083407895429
2010-07-31,6174557014242781.0,2010,7,212,18,0.9999999999999988
2010-08-01,5724589573275648.0,2010,8,213,1,0.00375576018709
2010-08-02,4691827670117137.0,2010,8,214,18,0.9999999999999988
2010-08-03,,2010,8,215,0,0.0
2010-08-04,1756572074292862.2,2010,8,216,4,0.1620320959933496
2010-08-05,4498534469796723.0,2010,8,217,10,0.5525497014086648
2010-08-06,,2010,8,218,0,0.0
2010-08-07,2503278016196434.0,2010,8,219,11,0.6578080926777692
2010-08-08,,2010,8,220,0,0.0
2010-08-09,1827583816611705.5,2010,8,221,10,0.4827521130901423
2010-08-10,2631959895093283.0,2010,8,222,4,0.1203856231504632
2010-08-11,2334932608009760.0,2010,8,223,16,0.9720120867593778
2010-08-12,,2010,8,224,0,0.0
2010-08-13,,2010,8,225,0,0.0
2010-08-14,,2010,8,226,0,0.0
2010-08-15,,2010,8,227,0,0.0
2010-08-16,2472080364797952.0,2010,8,228,3,0.1813508745436936
2010-08-17,,2010,8,229,0,0.0
2010-08-18,,2010,8,230,0,0.0
2010-08-19,,2010,8,231,0,0.0
2010-08-20,1849696384418178.8,2010,8,232,9,0.3765555975706036
2010-08-21,,2010,8,233,0,0.0
2010-08-22,,2010,8,234,0,0.0
2010-08-23,3190820354943774.0,2010,8,235,2,0.0045957231269023
2010-08-24,,2010,8,236,0,0.0
2010-08-25,1219492112530704.0,2010,8,237,5,0.1397396595577497
2010-08-26,4445294909456383.0,2010,8,238,2,0.0589425366095009
2010-08-27,2011640327163883.5,2010,8,239,2,0.1340441827527285
2010-08-28,,2010,8,240,0,0.0
2010-08-29,,2010,8,241,0,0.0
2010-08-30,,2010,8,242,0,0.0
2010-08-31,,2010,8,243,0,0.0
2010-09-01,5992585487990700.0,2010,9,244,13,0.7540493491937698
2010-09-02,2740345364283392.0,2010,9,245,1,0.00375576018709
2010-09-03,3963278895896395.0,2010,9,246,14,0.8593528327528309
2010-09-04,,2010,9,247,0,0.0
2010-09-05,,2010,9,248,0,0.0
2010-09-06,4961357266671787.0,2010,9,249,4,0.0933551233697217
2010-09-07,,2010,9,250,0,0.0
2010-09-08,2403800395197328.5,2010,9,251,10,0.4328374892583734
2010-09-09,,2010,9,252,0,0.0
2010-09-10,6657379441203242.0,2010,9,253,18,0.9999999999999988
2010-09-11,-508494341116714.5,2010,9,254,2,0.0616191243690643
2010-09-12,,2010,9,255,0,0.0
2010-09-13,,2010,9,256,0,0.0
2010-09-14,1178260505906995.2,2010,9,257,5,0.350122483445575
2010-09-15,1487723956349813.8,2010,9,258,12,0.5985044036379589
2010-09-16,2440805929513133.5,2010,9,259,7,0.4756172551748315
2010-09-17,,2010,9,260,0,0.0
2010-09-18,,2010,9,261,0,0.0
2010-09-19,,2010,9,262,0,0.0
2010-09-20,,2010,9,263,0,0.0
2010-09-21,,2010,9,264,0,0.0
2010-09-22,5031227665206149.0,2010,9,265,14,0.8379679040066494
2010-09-23,1561525688991744.0,2010,9,266,1,0.0008399629398123
2010-09-24,-484580874714923.75,2010,9,267,6,0.2128040357006059
2010-09-25,,2010,9,268,0,0.0
2010-09-26,3090482327822000.0,2010,9,269,11,0.6592936172225191
2010-09-27,,2010,9,270,0,0.0
2010-09-28,,2010,9,271,0,0.0
2010-09-29,,2010,9,272,0,0.0
2010-09-30,3214764870645162.0,2010,9,273,18,0.9999999999999988
2010-10-01,,2010,10,274,0,0.0
2010-10-02,2204776092722823.2,2010,10,275,10,0.5894541932130603
2010-10-03,2213983760602775.5,2010,10,276,16,0.9933970155055594
2010-10-04,2375900209348608.0,2010,10,277,1,0.00375576018709
2010-10-05,5960376427970820.0,2010,10,278,18,0.9999999999999988
2010-10-06,,2010,10,279,0,0.0
2010-10-07,2760614291785241.5,2010,10,280,18,0.9999999999999988
2010-10-08,8151829420191981.0,2010,10,281,18,0.9999999999999988
2010-10-09,5360764170490852.0,2010,10,282,18,0.9999999999999988
2010-10-10,6863909666363656.0,2010,10,283,18,0.9999999999999988
2010-10-11,,2010,10,284,0,0.0
2010-10-12,5843561519646678.0,2010,10,285,18,0.9999999999999988
2010-10-13,3277945906516996.0,2010,10,286,5,0.2271295389643176
2010-10-14,1643795078598490.0,2010,10,287,4,0.1620320959933496
2010-10-15,,2010,10,288,0,0.0
2010-10-16,5934743814935506.0,2010,10,289,18,0.9999999999999988
2010-10-17,6862312518718287.0,2010,10,290,18,0.9999999999999988
2010-10-18,4551853708042302.0,2010,10,291,10,0.5894541932130603
2010-10-19,1.3532301665465706e+16,2010,10,292,18,0.9999999999999988
2010-10-20,521994722344960.0,2010,10,293,1,0.00375576018709
2010-10-21,7285477399681331.0,2010,10,294,18,0.9999999999999988
2010-10-22,,2010,10,295,0,0.0
2010-10-23,5602567170694805.0,2010,10,296,18,0.9999999999999988
2010-10-24,5810322680333304.0,2010,10,297,18,0.9999999999999988
2010-10-25,8116326140532226.0,2010,10,298,18,0.9999999999999988
2010-10-26,1.3541893379549874e+16,2010,10,299,18,0.9999999999999988
2010-10-27,,2010,10,300,0,0.0
2010-10-28,4293856027851241.0,2010,10,301,18,0.9999999999999988
2010-10-29,,2010,10,302,0,0.0
2010-10-30,3602313354380290.0,2010,10,303,3,0.1469735456404152
2010-10-31,,2010,10,304,0,0.0
2010-11-01,4296358250405917.0,2010,11,305,15,0.8360525514970614
2010-11-02,,2010,11,306,0,0.0
2010-11-03,,2010,11,307,0,0.0
2010-11-04,6450694872712078.0,2010,11,308,18,0.9999999999999988
2010-11-05,,2010,11,309,0,0.0
2010-11-06,8849159381152582.0,2010,11,310,18,0.9999999999999988
2010-11-07,,2010,11,311,0,0.0
2010-11-08,9410488019859132.0,2010,11,312,18,0.9999999999999988
2010-11-09,2.0074321881273064e+16,2010,11,313,18,0.9999999999999988
2010-11-10,1.0167095314294378e+16,2010,11,314,15,0.9141231603935356
2010-11-11,1.4656199931293796e+16,2010,11,315,18,0.9999999999999988
2010-11-12,,2010,11,316,0,0.0
2010-11-13,1.3889481212015998e+16,2010,11,317,18,0.9999999999999988
2010-11-14,,2010,11,318,0,0.0
2010-11-15,3792628407134425.0,2010,11,319,18,0.9999999999999988
2010-11-16,,2010,11,320,0,0.0
2010-11-17,6619617431052714.0,2010,11,321,18,0.9999999999999988
2010-11-18,5385714659366398.0,2010,11,322,3,0.0985114921583407
2010-11-19,,2010,11,323,0,0.0
2010-11-20,1.001397698784959e+16,2010,11,324,18,0.9999999999999988
2010-11-21,,2010,11,325,0,0.0
2010-11-22,9235595546507268.0,2010,11,326,17,0.987618037406628
2010-11-23,,2010,11,327,0,0.0
2010-11-24,9451463480241960.0,2010,11,328,18,0.9999999999999988
2010-11-25,1.4542288547608176e+16,2010,11,329,18,0.9999999999999988
2010-11-26,1.1356060274505334e+16,2010,11,330,15,0.9141231603935356
2010-11-27,1.117332259399475e+16,2010,11,331,18,0.9999999999999988
2010-11-28,,2010,11,332,0,0.0
2010-11-29,9459810116545326.0,2010,11,333,18,0.9999999999999988
2010-11-30,,2010,11,334,0,0.0
2010-12-01,7322517452254344.0,2010,12,335,18,0.9999999999999988
2010-12-02,,2010,12,336,0,0.0
2010-12-03,8382808148677962.0,2010,12,337,18,0.9999999999999988
2010-12-04,,2010,12,338,0,0.0
2010-12-05,,2010,12,339,0,0.0
2010-12-06,7171009583912824.0,2010,12,340,18,0.9999999999999988
2010-12-07,,2010,12,341,0,0.0
2010-12-08,7890161693098573.0,2010,12,342,18,0.9999999999999988
2010-12-09,,2010,12,343,0,0.0
2010-12-10,1.1761391437966084e+16,2010,12,344,18,0.9999999999999988
2010-12-11,2.0129714692839144e+16,2010,12,345,17,0.987618037406628
2010-12-12,7287210973907152.0,2010,12,346,16,0.9833148769252222
2010-12-13,1.289131030780002e+16,2010,12,347,18,0.9999999999999988
2010-12-14,,2010,12,348,0,0.0
2010-12-15,1.4981617130989716e+16,2010,12,349,18,0.9999999999999988
2010-12-16,,2010,12,350,0,0.0
2010-12-17,1.1615703072298988e+16,2010,12,351,18,0.9999999999999988
2010-12-18,,2010,12,352,0,0.0
2010-12-19,6679381061149555.0,2010,12,353,18,0.9999999999999988
2010-12-20,1.5080851489025466e+16,2010,12,354,18,0.9999999999999988
2010-12-21,,2010,12,355,0,0.0
2010-12-22,1.5300484862981096e+16,2010,12,356,18,0.9999999999999988
2010-12-23,,2010,12,357,0,0.0
2010-12-24,1.0291611683028984e+16,2010,12,358,18,0.9999999999999988
2010-12-25,,2010,12,359,0,0.0
2010-12-26,6715019036579070.0,2010,12,360,18,0.9999999999999988
2010-12-27,1.752628247687651e+16,2010,12,361,16,0.941057463390498
2010-12-28,3863734057435136.0,2010,12,362,1,0.012381962593371
2010-12-29,7558759489730109.0,2010,12,363,18,0.9999999999999988
2010-12-30,,2010,12,364,0,0.0
2010-12-31,5165194429098844.0,2010,12,365,18,0.9999999999999988
2011-01-01,,2011,1,1,0,0.0
2011-01-02,4150130588746071.0,2011,1,2,18,0.9999999999999988
2011-01-03,,2011,1,3,0,0.0
2011-01-04,7952750092343702.0,2011,1,4,18,0.9999999999999988
2011-01-05,,2011,1,5,0,0.0
2011-01-06,,2011,1,6,0,0.0
2011-01-07,1.1370583479790652e+16,2011,1,7,18,0.9999999999999988
2011-01-08,,2011,1,8,0,0.0
2011-01-09,4202461141573360.0,2011,1,9,18,0.9999999999999988
2011-01-10,,2011,1,10,0,0.0
2011-01-11,7635664285957448.0,2011,1,11,18,0.9999999999999988
2011-01-12,7437450729297822.0,2011,1,12,17,0.987618037406628
2011-01-13,8098150116681789.0,2011,1,13,9,0.4789963529030523
2011-01-14,1.1264300032626284e+16,2011,1,14,18,0.9999999999999988
2011-01-15,,2011,1,15,0,0.0
2011-01-16,5314548869614312.0,2011,1,16,18,0.9999999999999988
2011-01-17,,2011,1,17,0,0.0
2011-01-18,8494296957726072.0,2011,1,18,18,0.9999999999999988
2011-01-19,,2011,1,19,0,0.0
2011-01-20,5683675707798007.0,2011,1,20,18,0.9999999999999988
2011-01-21,1.4683938079423506e+16,2011,1,21,18,0.9999999999999988
2011-01-22,,2011,1,22,0,0.0
2011-01-23,5612194178382908.0,2011,1,23,18,0.9999999999999988
2011-01-24,,2011,1,24,0,0.0
2011-01-25,1.1154726249784178e+16,2011,1,25,18,0.9999999999999988
2011-01-26,,2011,1,26,0,0.0
2011-01-27,1.1074494461226736e+16,2011,1,27,18,0.9999999999999988
2011-01-28,1.9783524322751828e+16,2011,1,28,17,0.987618037406628
2011-01-29,1.2350186695422568e+16,2011,1,29,13,0.8342121438195594
2011-01-30,6173760114061311.0,2011,1,30,18,0.9999999999999988
2011-01-31,,2011,1,31,0,0.0
2011-02-01,5663833372011191.0,2011,2,32,15,0.8768891520971488
2011-02-02,,2011,2,33,0,0.0
2011-02-03,3039919173837206.0,2011,2,34,17,0.9962442398129088
2011-02-04,,2011,2,35,0,0.0
2011-02-05,703217710290728.5,2011,2,36,4,0.1937328371370646
2011-02-06,,2011,2,37,0,0.0
2011-02-07,,2011,2,38,0,0.0
2011-02-08,1.2590019180200602e+16,2011,2,39,18,0.9999999999999988
2011-02-09,,2011,2,40,0,0.0
2011-02-10,8513116450141187.0,2011,2,41,18,0.9999999999999988
2011-02-11,,2011,2,42,0,0.0
2011-02-12,4715439005836437.0,2011,2,43,17,0.987618037406628
2011-02-13,9862955915111672.0,2011,2,44,18,0.9999999999999988
2011-02-14,8248858153812714.0,2011,2,45,15,0.9141231603935356
2011-02-15,1.1949764895624676e+16,2011,2,46,18,0.9999999999999988
2011-02-16,,2011,2,47,0,0.0
2011-02-17,8534773744745626.0,2011,2,48,18,0.9999999999999988
2011-02-18,2126083231069268.0,2011,2,49,6,0.3468612891389468
2011-02-19,7231086122315824.0,2011,2,50,18,0.9999999999999988
2011-02-20,,2011,2,51,0,0.0
2011-02-21,7036990160378749.0,2011,2,52,18,0.9999999999999988
2011-02-22,9924802869098832.0,2011,2,53,18,0.9999999999999988
2011-02-23,4685473587561446.0,2011,2,54,11,0.7091859434071214
2011-02-24,7781883482215490.0,2011,2,55,18,0.9999999999999988
2011-02-25,3816241651253248.0,2011,2,56,1,0.00375576018709
2011-02-26,5500426458052093.0,2011,2,57,18,0.9999999999999988
2011-02-27,,2011,2,58,0,0.0
2011-02-28,3419997044163438.0,2011,2,59,18,0.9999999999999988
2011-03-01,9772033328359854.0,2011,3,60,17,0.987618037406628
2011-03-02,9850735183644562.0,2011,3,61,18,0.9999999999999988
2011-03-03,1.2952932515379208e+16,2011,3,62,18,0.9999999999999988
2011-03-04,,2011,3,63,0,0.0
2011-03-05,5452316648168878.0,2011,3,64,18,0.9999999999999988
2011-03-06,1751146619473387.0,2011,3,65,3,0.1655104145952532
2011-03-07,8868784788174227.0,2011,3,66,18,0.9999999999999988
2011-03-08,,2011,3,67,0,0.0
2011-03-09,6857366322533338.0,2011,3,68,18,0.9999999999999988
2011-03-10,,2011,3,69,0,0.0
2011-03-11,4428240188035599.0,2011,3,70,11,0.7091859434071214
2011-03-12,1.0184345682160254e+16,2011,3,71,18,0.9999999999999988
2011-03-13,,2011,3,72,0,0.0
2011-03-14,2158825898706358.0,2011,3,73,8,0.3212161321953558
2011-03-15,,2011,3,74,0,0.0
2011-03-16,5379607359073094.0,2011,3,75,18,0.9999999999999988
2011-03-17,1.261360906367264e+16,2011,3,76,18,0.9999999999999988
2011-03-18,6467232321974485.0,2011,3,77,18,0.9999999999999988
2011-03-19,8422823468634808.0,2011,3,78,18,0.9999999999999988
2011-03-20,,2011,3,79,0,0.0
2011-03-21,6465103328682828.0,2011,3,80,18,0.9999999999999988
2011-03-22,2701893133140083.0,2011,3,81,5,0.2271295389643176
2011-03-23,4943641616630748.0,2011,3,82,18,0.9999999999999988
2011-03-24,,2011,3,83,0,0.0
2011-03-25,5776683522573982.0,2011,3,84,18,0.9999999999999988
2011-03-26,9337456534428928.0,2011,3,85,18,0.9999999999999988
2011-03-27,1991115169652632.8,2011,3,86,8,0.4231618690223012
2011-03-28,7240878477709427.0,2011,3,87,18,0.9999999999999988
2011-03-29,1699594526261248.0,2011,3,88,1,0.00375576018709
2011-03-30,1.1148102229061974e+16,2011,3,89,18,0.9999999999999988
2011-03-31,,2011,3,90,0,0.0
2011-04-01,6550183130811058.0,2011,4,91,18,0.9999999999999988
2011-04-02,6653307735140536.0,2011,4,92,16,0.8777291150369614
2011-04-03,2588509896784498.5,2011,4,93,3,0.1491027331056629
2011-04-04,9906793164474992.0,2011,4,94,18,0.9999999999999988
2011-04-05,,2011,4,95,0,0.0
2011-04-06,4926223745010653.0,2011,4,96,18,0.9999999999999988
2011-04-07,2254360072073117.5,2011,4,97,4,0.1203856231504632
2011-04-08,5225870591121598.0,2011,4,98,18,0.9999999999999988
2011-04-09,,2011,4,99,0,0.0
2011-04-10,3393979100753488.0,2011,4,100,18,0.9999999999999988
2011-04-11,,2011,4,101,0,0.0
2011-04-12,,2011,4,102,0,0.0
2011-04-13,8274574165713219.0,2011,4,103,18,0.9999999999999988
2011-04-14,,2011,4,104,0,0.0
2011-04-15,3618436452325935.0,2011,4,105,5,0.1397396595577497
2011-04-16,,2011,4,106,0,0.0
2011-04-17,3476120365258748.0,2011,4,107,14,0.8089125718029834
2011-04-18,1315275356604722.0,2011,4,108,11,0.5541221477992928
2011-04-19,,2011,4,109,0,0.0
2011-04-20,7706203669960146.0,2011,4,110,18,0.9999999999999988
2011-04-21,,2011,4,111,0,0.0
2011-04-22,4514874470116843.0,2011,4,112,18,0.9999999999999988
2011-04-23,317769742092229.3,2011,4,113,3,0.1655104145952532
2011-04-24,1579747023155099.8,2011,4,114,9,0.2237011466546253
2011-04-25,,2011,4,115,0,0.0
2011-04-26,1108962398140833.6,2011,4,116,16,0.9052442680287482
2011-04-27,8619971427179099.0,2011,4,117,18,0.9999999999999988
2011-04-28,,2011,4,118,0,0.0
2011-04-29,8788181627921682.0,2011,4,119,18,0.9999999999999988
2011-04-30,,2011,4,120,0,0.0
2011-05-01,4815130001530974.0,2011,5,121,16,0.941057463390498
2011-05-02,,2011,5,122,0,0.0
2011-05-03,2618126124325492.5,2011,5,123,12,0.5443712374592066
2011-05-04,7820828192682587.0,2011,5,124,15,0.8946729272024699
2011-05-05,2657318391671067.0,2011,5,125,8,0.2888423926634126
2011-05-06,1.0749646572117034e+16,2011,5,126,17,0.987618037406628
2011-05-07,,2011,5,127,0,0.0
2011-05-08,6555866506917591.0,2011,5,128,18,0.9999999999999988
2011-05-09,3093696120666922.0,2011,5,129,4,0.1805689649481877
2011-05-10,3547915445517068.0,2011,5,130,18,0.9999999999999988
2011-05-11,,2011,5,131,0,0.0
2011-05-12,2500815636316561.0,2011,5,132,13,0.5871899581490837
2011-05-13,,2011,5,133,0,0.0
2011-05-14,,2011,5,134,0,0.0
2011-05-15,5301466911306355.0,2011,5,135,13,0.8342121438195594
2011-05-16,299218359025664.0,2011,5,136,1,0.00375576018709
2011-05-17,5656676497991584.0,2011,5,137,18,0.9999999999999988
2011-05-18,,2011,5,138,0,0.0
2011-05-19,5587603067223634.0,2011,5,139,17,0.987618037406628
2011-05-20,8232975191395331.0,2011,5,140,17,0.9849414496470644
2011-05-21,,2011,5,141,0,0.0
2011-05-22,3859165567302905.0,2011,5,142,18,0.9999999999999988
2011-05-23,,2011,5,143,0,0.0
2011-05-24,7998504250174450.0,2011,5,144,18,0.9999999999999988
2011-05-25,2174159557053468.8,2011,5,145,5,0.2271295389643176
2011-05-26,4135200706370107.0,2011,5,146,18,0.9999999999999988
2011-05-27,,2011,5,147,0,0.0
2011-05-28,4432168880216704.0,2011,5,148,18,0.9999999999999988
2011-05-29,4650648191291630.0,2011,5,149,18,0.9999999999999988
2011-05-30,,2011,5,150,0,0.0
2011-05-31,3958810024711485.0,2011,5,151,18,0.9999999999999988
2011-06-01,,2011,6,152,0,0.0
2011-06-02,6081687248180640.0,2011,6,153,18,0.9999999999999988
2011-06-03,,2011,6,154,0,0.0
2011-06-04,4711320051442087.0,2011,6,155,18,0.9999999999999988
2011-06-05,2011842466427521.5,2011,6,156,11,0.6573308682400469
2011-06-06,4990137522290428.0,2011,6,157,15,0.9141231603935356
2011-06-07,7918466505667126.0,2011,6,158,18,0.9999999999999988
2011-06-08,,2011,6,159,0,0.0
2011-06-09,4502355601065461.5,2011,6,160,18,0.9999999999999988
2011-06-10,2145755392430397.5,2011,6,161,4,0.2120709886113831
2011-06-11,3690199225511345.0,2011,6,162,18,0.9999999999999988
2011-06-12,,2011,6,163,0,0.0
2011-06-13,4801959987811388.0,2011,6,164,15,0.8186491254563052
2011-06-14,,2011,6,165,0,0.0
2011-06-15,,2011,6,166,0,0.0
2011-06-16,6534352744529691.0,2011,6,167,18,0.9999999999999988
2011-06-17,1871042641395712.0,2011,6,168,1,0.00375576018709
2011-06-18,461289059824881.6,2011,6,169,8,0.2626212981520651
2011-06-19,,2011,6,170,0,0.0
2011-06-20,,2011,6,171,0,0.0
2011-06-21,,2011,6,172,0,0.0
2011-06-22,,2011,6,173,0,0.0
2011-06-23,4542987161829376.0,2011,6,174,1,0.081826369083564
2011-06-24,,2011,6,175,0,0.0
2011-06-25,,2011,6,176,0,0.0
2011-06-26,,2011,6,177,0,0.0
2011-06-27,1829926855091209.5,2011,6,178,4,0.1956633071217928
2011-06-28,,2011,6,179,0,0.0
2011-06-29,,2011,6,180,0,0.0
2011-06-30,,2011,6,181,0,0.0
2011-07-01,,2011,7,182,0,0.0
2011-07-02,1232765269835776.0,2011,7,183,1,0.081826369083564
2011-07-03,,2011,7,184,0,0.0
2011-07-04,691533556744192.0,2011,7,185,1,0.0463845361880279
2011-07-05,,2011,7,186,0,0.0
2011-07-06,2226081219215564.8,2011,7,187,10,0.5395618670284581
2011-07-07,4705086043078663.0,2011,7,188,11,0.7184598532717426
2011-07-08,,2011,7,189,0,0.0
2011-07-09,,2011,7,190,0,0.0
2011-07-10,,2011,7,191,0,0.0
2011-07-11,1298618384164119.8,2011,7,192,3,0.0282943403228341
2011-07-12,,2011,7,193,0,0.0
2011-07-13,,2011,7,194,0,0.0
2011-07-14,,2011,7,195,0,0.0
2011-07-15,,2011,7,196,0,0.0
2011-07-16,,2011,7,197,0,0.0
2011-07-17,,2011,7,198,0,0.0
2011-07-18,1821954840479112.8,2011,7,199,3,0.0529875206824675
2011-07-19,,2011,7,200,0,0.0
2011-07-20,3216412971627602.0,2011,7,201,11,0.4757446389141683
2011-07-21,,2011,7,202,0,0.0
2011-07-22,5021774205376336.0,2011,7,203,14,0.8711709496069827
2011-07-23,6286582197897917.0,2011,7,204,18,0.9999999999999988
2011-07-24,,2011,7,205,0,0.0
2011-07-25,4486852236304560.0,2011,7,206,18,0.9999999999999988
2011-07-26,,2011,7,207,0,0.0
2011-07-27,4228666859768967.0,2011,7,208,7,0.2505463739331314
2011-07-28,,2011,7,209,0,0.0
2011-07-29,1851630328741888.0,2011,7,210,1,0.0522178136691645
2011-07-30,,2011,7,211,0,0.0
2011-07-31,,2011,7,212,0,0.0
2011-08-01,2364464171241403.0,2011,8,213,3,0.095595694911063
2011-08-02,,2011,8,214,0,0.0
2011-08-03,5189640253466650.0,2011,8,215,6,0.2403191886923929
2011-08-04,,2011,8,216,0,0.0
2011-08-05,5604608452934302.0,2011,8,217,18,0.9999999999999988
2011-08-06,,2011,8,218,0,0.0
2011-08-07,2349915065311280.0,2011,8,219,11,0.6827583015051099
2011-08-08,4772735531457755.0,2011,8,220,13,0.7914073299905194
2011-08-09,3239595185616839.0,2011,8,221,13,0.81270366831908
2011-08-10,5706931933065491.0,2011,8,222,18,0.9999999999999988
2011-08-11,,2011,8,223,0,0.0
2011-08-12,3961836894686169.5,2011,8,224,18,0.9999999999999988
2011-08-13,,2011,8,225,0,0.0
2011-08-14,1651077378952855.2,2011,8,226,12,0.6167962958428707
2011-08-15,,2011,8,227,0,0.0
2011-08-16,1807737566511167.5,2011,8,228,4,0.0933551233697217
2011-08-17,,2011,8,229,0,0.0
2011-08-18,,2011,8,230,0,0.0
2011-08-19,1.0008069999225098e+16,2011,8,231,18,0.9999999999999988
2011-08-20,,2011,8,232,0,0.0
2011-08-21,3104030295871006.0,2011,8,233,14,0.8737810993683991
2011-08-22,,2011,8,234,0,0.0
2011-08-23,260426440909767.47,2011,8,235,4,0.1620320959933496
2011-08-24,5870264945011989.0,2011,8,236,18,0.9999999999999988
2011-08-25,3878194548082945.0,2011,8,237,14,0.8135436312588923
2011-08-26,3703110950111881.0,2011,8,238,16,0.7796887206907266
2011-08-27,,2011,8,239,0,0.0
2011-08-28,,2011,8,240,0,0.0
2011-08-29,,2011,8,241,0,0.0
2011-08-30,1728583005372416.0,2011,8,242,3,0.1469735456404152
2011-08-31,,2011,8,243,0,0.0
2011-09-01,,2011,9,244,0,0.0
2011-09-02,8542855615438806.0,2011,9,245,14,0.8492706941724938
2011-09-03,,2011,9,246,0,0.0
2011-09-04,2777448244576257.0,2011,9,247,6,0.5621827336657073
2011-09-05,,2011,9,248,0,0.0
2011-09-06,,2011,9,249,0,0.0
2011-09-07,,2011,9,250,0,0.0
2011-09-08,2967172163693639.0,2011,9,251,13,0.6846049427035767
2011-09-09,7228810279474995.0,2011,9,252,18,0.9999999999999988
2011-09-10,5196567718050791.0,2011,9,253,14,0.8135436312588923
2011-09-11,,2011,9,254,0,0.0
2011-09-12,,2011,9,255,0,0.0
2011-09-13,4324561497577439.0,2011,9,256,18,0.9999999999999988
2011-09-14,,2011,9,257,0,0.0
2011-09-15,3474406947189196.5,2011,9,258,15,0.7139759256151785
2011-09-16,,2011,9,259,0,0.0
2011-09-17,2446469522566867.0,2011,9,260,18,0.9999999999999988
2011-09-18,,2011,9,261,0,0.0
2011-09-19,,2011,9,262,0,0.0
2011-09-20,5371844717477328.0,2011,9,263,17,0.953439425983869
2011-09-21,,2011,9,264,0,0.0
2011-09-22,1157218675507833.8,2011,9,265,6,0.1547982099106841
2011-09-23,,2011,9,266,0,0.0
2011-09-24,2569258981166015.5,2011,9,267,18,0.9999999999999988
2011-09-25,4393576028523265.5,2011,9,268,18,0.9999999999999988
2011-09-26,4620628686015371.0,2011,9,269,14,0.8135436312588923
2011-09-27,6901653420058846.0,2011,9,270,18,0.9999999999999988
2011-09-28,,2011,9,271,0,0.0
2011-09-29,9038514732305870.0,2011,9,272,18,0.9999999999999988
2011-09-30,,2011,9,273,0,0.0
2011-10-01,,2011,10,274,0,0.0
2011-10-02,,2011,10,275,0,0.0
2011-10-03,2313672944522122.5,2011,10,276,4,0.0933551233697217
2011-10-04,6749103388047083.0,2011,10,277,18,0.9999999999999988
2011-10-05,,2011,10,278,0,0.0
2011-10-06,1.715478444045584e+16,2011,10,279,16,0.8659558172472706
2011-10-07,,2011,10,280,0,0.0
2011-10-08,475121395433472.0,2011,10,281,1,0.0057630215546273
2011-10-09,,2011,10,282,0,0.0
2011-10-10,,2011,10,283,0,0.0
2011-10-11,3714689028587520.0,2011,10,284,1,0.0522178136691645
2011-10-12,,2011,10,285,0,0.0
2011-10-13,5388263569227776.0,2011,10,286,3,0.3212898694522544
2011-10-14,,2011,10,287,0,0.0
2011-10-15,5243655279617649.0,2011,10,288,18,0.9999999999999988
2011-10-16,,2011,10,289,0,0.0
2011-10-17,4591927872740540.0,2011,10,290,18,0.9999999999999988
2011-10-18,,2011,10,291,0,0.0
2011-10-19,4996950964787329.0,2011,10,292,18,0.9999999999999988
2011-10-20,,2011,10,293,0,0.0
2011-10-21,,2011,10,294,0,0.0
2011-10-22,7153567606930306.0,2011,10,295,18,0.9999999999999988
2011-10-23,,2011,10,296,0,0.0
2011-10-24,5269066383478440.0,2011,10,297,18,0.9999999999999988
2011-10-25,,2011,10,298,0,0.0
2011-10-26,9655720714455380.0,2011,10,299,18,0.9999999999999988
2011-10-27,1.637605856525605e+16,2011,10,300,17,0.987618037406628
2011-10-28,5469931557019784.0,2011,10,301,15,0.9141231603935356
2011-10-29,9628710011760800.0,2011,10,302,18,0.9999999999999988
2011-10-30,,2011,10,303,0,0.0
2011-10-31,5397755622284547.0,2011,10,304,18,0.9999999999999988
2011-11-01,,2011,11,305,0,0.0
2011-11-02,6198994937787476.0,2011,11,306,18,0.9999999999999988
2011-11-03,,2011,11,307,0,0.0
2011-11-04,,2011,11,308,0,0.0
2011-11-05,1.0571908570196772e+16,2011,11,309,17,0.9962442398129088
2011-11-06,,2011,11,310,0,0.0
2011-11-07,1.4348144856337994e+16,2011,11,311,18,0.9999999999999988
2011-11-08,,2011,11,312,0,0.0
2011-11-09,355991686217728.0,2011,11,313,1,0.00375576018709
2011-11-10,,2011,11,314,0,0.0
2011-11-11,7376540690153725.0,2011,11,315,16,0.941057463390498
2011-11-12,1.2545578296553308e+16,2011,11,316,17,0.9849414496470644
2011-11-13,4635824263537011.0,2011,11,317,15,0.9141231603935356
2011-11-14,1.5380808759235986e+16,2011,11,318,18,0.9999999999999988
2011-11-15,,2011,11,319,0,0.0
2011-11-16,1.1640392478329348e+16,2011,11,320,18,0.9999999999999988
2011-11-17,,2011,11,321,0,0.0
2011-11-18,,2011,11,322,0,0.0
2011-11-19,,2011,11,323,0,0.0
2011-11-20,2236092010898792.5,2011,11,324,17,0.930808283468312
2011-11-21,,2011,11,325,0,0.0
2011-11-22,,2011,11,326,0,0.0
2011-11-23,5180066377367404.0,2011,11,327,18,0.9999999999999988
2011-11-24,,2011,11,328,0,0.0
2011-11-25,1.2077379332682854e+16,2011,11,329,18,0.9999999999999988
2011-11-26,,2011,11,330,0,0.0
2011-11-27,,2011,11,331,0,0.0
2011-11-28,1.0670257502349404e+16,2011,11,332,18,0.9999999999999988
2011-11-29,1.2106887837021826e+16,2011,11,333,15,0.9141231603935356
2011-11-30,1.911908094866781e+16,2011,11,334,18,0.9999999999999988
2011-12-01,,2011,12,335,0,0.0
2011-12-02,1.702167032368015e+16,2011,12,336,18,0.9999999999999988
2011-12-03,,2011,12,337,0,0.0
2011-12-04,6035101078720558.0,2011,12,338,18,0.9999999999999988
2011-12-05,,2011,12,339,0,0.0
2011-12-06,9095681537145342.0,2011,12,340,18,0.9999999999999988
2011-12-07,1.6140763453797772e+16,2011,12,341,18,0.9999999999999988
2011-12-08,,2011,12,342,0,0.0
2011-12-09,1.6760583277084484e+16,2011,12,343,18,0.9999999999999988
2011-12-10,,2011,12,344,0,0.0
2011-12-11,1.083225526037725e+16,2011,12,345,18,0.9999999999999988
2011-12-12,,2011,12,346,0,0.0
2011-12-13,1.0000968564060546e+16,2011,12,347,18,0.9999999999999988
2011-12-14,1.847253478645591e+16,2011,12,348,18,0.9999999999999988
2011-12-15,1.5495057233816124e+16,2011,12,349,14,0.8135436312588923
2011-12-16,1.5111259613377166e+16,2011,12,350,18,0.9999999999999988
2011-12-17,,2011,12,351,0,0.0
2011-12-18,4704812185161828.0,2011,12,352,18,0.9999999999999988
2011-12-19,,2011,12,353,0,0.0
2011-12-20,8823559214264874.0,2011,12,354,18,0.9999999999999988
2011-12-21,,2011,12,355,0,0.0
2011-12-22,7650976874421208.0,2011,12,356,18,0.9999999999999988
2011-12-23,,2011,12,357,0,0.0
2011-12-24,6414521931773576.0,2011,12,358,12,0.7129417035942114
2011-12-25,6729482019605762.0,2011,12,359,18,0.9999999999999988
2011-12-26,1.124609081214715e+16,2011,12,360,18,0.9999999999999988
2011-12-27,1.1977664729685696e+16,2011,12,361,18,0.9999999999999988
2011-12-28,,2011,12,362,0,0.0
2011-12-29,7729450448177555.0,2011,12,363,17,0.953439425983869
2011-12-30,1.1361072935477074e+16,2011,12,364,17,0.9849414496470644
2011-12-31,3274312898612194.5,2011,12,365,2,0.0066029844944396
2012-01-01,4180812046067129.0,2012,1,1,18,0.9999999999999988
2012-01-02,,2012,1,2,0,0.0
2012-01-03,1.2215400468244388e+16,2012,1,3,18,0.9999999999999988
2012-01-04,3162881830944768.0,2012,1,4,1,0.012381962593371
2012-01-05,4328198017351376.0,2012,1,5,14,0.7067412439719495
2012-01-06,,2012,1,6,0,0.0
2012-01-07,7867997882931379.0,2012,1,7,18,0.9999999999999988
2012-01-08,7082321673051526.0,2012,1,8,18,0.9999999999999988
2012-01-09,6826991267859457.0,2012,1,9,12,0.6061393162878369
2012-01-10,5428056819432167.0,2012,1,10,15,0.7690033949616493
2012-01-11,1.110016989236237e+16,2012,1,11,18,0.9999999999999988
2012-01-12,1.3975993967592806e+16,2012,1,12,18,0.9999999999999988
2012-01-13,,2012,1,13,0,0.0
2012-01-14,3371782872384673.0,2012,1,14,4,0.1620320959933496
2012-01-15,3035654182465987.0,2012,1,15,10,0.4775341877135855
2012-01-16,6105628928697750.0,2012,1,16,8,0.378416823768409
2012-01-17,1.2238994642210602e+16,2012,1,17,18,0.9999999999999988
2012-01-18,1.216535175254693e+16,2012,1,18,18,0.9999999999999988
2012-01-19,1.0021628248179734e+16,2012,1,19,18,0.9999999999999988
2012-01-20,,2012,1,20,0,0.0
2012-01-21,8608931430799098.0,2012,1,21,18,0.9999999999999988
2012-01-22,,2012,1,22,0,0.0
2012-01-23,7180891858606663.0,2012,1,23,18,0.9999999999999988
2012-01-24,,2012,1,24,0,0.0
2012-01-25,7688318898766270.0,2012,1,25,12,0.6061393162878369
2012-01-26,1.9299750038611724e+16,2012,1,26,18,0.9999999999999988
2012-01-27,1.3997354675929386e+16,2012,1,27,18,0.9999999999999988
2012-01-28,1.1378776047496332e+16,2012,1,28,16,0.941057463390498
2012-01-29,,2012,1,29,0,0.0
2012-01-30,,2012,1,30,0,0.0
2012-01-31,8505811704930683.0,2012,1,31,6,0.4717847036049325
2012-02-01,,2012,2,32,0,0.0
2012-02-02,1.8068583476661224e+16,2012,2,33,17,0.953439425983869
2012-02-03,1.0163146892014784e+16,2012,2,34,18,0.9999999999999988
2012-02-04,7690078031446786.0,2012,2,35,18,0.9999999999999988
2012-02-05,,2012,2,36,0,0.0
2012-02-06,3855357005541725.5,2012,2,37,13,0.7613258175897277
2012-02-07,,2012,2,38,0,0.0
2012-02-08,,2012,2,39,0,0.0
2012-02-09,,2012,2,40,0,0.0
2012-02-10,,2012,2,41,0,0.0
2012-02-11,,2012,2,42,0,0.0
2012-02-12,,2012,2,43,0,0.0
2012-02-13,,2012,2,44,0,0.0
2012-02-14,,2012,2,45,0,0.0
2012-02-15,,2012,2,46,0,0.0
2012-02-16,3724459484394052.0,2012,2,47,16,0.9933970155055594
2012-02-17,-1260821472608255.8,2012,2,48,2,0.0225313187682068
2012-02-18,7857733295959899.0,2012,2,49,8,0.5226243241751002
2012-02-19,4505613789351119.0,2012,2,50,18,0.9999999999999988
2012-02-20,7635908927769350.0,2012,2,51,18,0.9999999999999988
2012-02-21,,2012,2,52,0,0.0
2012-02-22,6367406585638694.0,2012,2,53,13,0.726569981244618
2012-02-23,,2012,2,54,0,0.0
2012-02-24,430729098306494.94,2012,2,55,3,0.1655104145952532
2012-02-25,,2012,2,56,0,0.0
2012-02-26,3754675710167609.5,2012,2,57,8,0.5221778291909615
2012-02-27,9988069270797696.0,2012,2,58,18,0.9999999999999988
2012-02-28,1.2387031795856468e+16,2012,2,59,18,0.9999999999999988
2012-02-29,1.1255543767256822e+16,2012,2,60,18,0.9999999999999988
2012-03-01,,2012,3,61,0,0.0
2012-03-02,6115206002195088.0,2012,3,62,18,0.9999999999999988
2012-03-03,1.0855393416532392e+16,2012,3,63,18,0.9999999999999988
2012-03-04,360349514992923.7,2012,3,64,8,0.378416823768409
2012-03-05,7580504214082776.0,2012,3,65,18,0.9999999999999988
2012-03-06,1.155228046586143e+16,2012,3,66,18,0.9999999999999988
2012-03-07,8445200943951048.0,2012,3,67,18,0.9999999999999988
2012-03-08,,2012,3,68,0,0.0
2012-03-09,5670021806041744.0,2012,3,69,18,0.9999999999999988
2012-03-10,,2012,3,70,0,0.0
2012-03-11,1172603782902234.8,2012,3,71,6,0.3468612891389468
2012-03-12,9039044293100436.0,2012,3,72,18,0.9999999999999988
2012-03-13,2246913611960526.5,2012,3,73,11,0.5932099534001503
2012-03-14,8864510286502978.0,2012,3,74,18,0.9999999999999988
2012-03-15,1.1807659278318728e+16,2012,3,75,18,0.9999999999999988
2012-03-16,9835896864819752.0,2012,3,76,18,0.9999999999999988
2012-03-17,,2012,3,77,0,0.0
2012-03-18,3687685171891545.0,2012,3,78,4,0.1952183616818145
2012-03-19,6470860407741994.0,2012,3,79,18,0.9999999999999988
2012-03-20,6072443563152551.0,2012,3,80,18,0.9999999999999988
2012-03-21,1.0439155120029998e+16,2012,3,81,18,0.9999999999999988
2012-03-22,8226688329638598.0,2012,3,82,18,0.9999999999999988
2012-03-23,9911003346863068.0,2012,3,83,18,0.9999999999999988
2012-03-24,,2012,3,84,0,0.0
2012-03-25,3409267241386303.5,2012,3,85,18,0.9999999999999988
2012-03-26,,2012,3,86,0,0.0
2012-03-27,1395672827019429.5,2012,3,87,8,0.4176850937404618
2012-03-28,,2012,3,88,0,0.0
2012-03-29,-225945562644480.0,2012,3,89,1,0.0057630215546273
2012-03-30,1.0876742525711302e+16,2012,3,90,15,0.9468364414894294
2012-03-31,-863379304709293.1,2012,3,91,2,0.0616191243690643
2012-04-01,3341397121688333.0,2012,4,92,5,0.1974885973241546
2012-04-02,,2012,4,93,0,0.0
2012-04-03,7505316615537298.0,2012,4,94,18,0.9999999999999988
2012-04-04,1.1128746290725622e+16,2012,4,95,18,0.9999999999999988
2012-04-05,2720359919377195.5,2012,4,96,6,0.4351268074904832
2012-04-06,3582411518513605.0,2012,4,97,10,0.4743432493334668
2012-04-07,4483909109148631.0,2012,4,98,17,0.9536154638119712
2012-04-08,1528824126048681.2,2012,4,99,8,0.3301710613825757
2012-04-09,,2012,4,100,0,0.0
2012-04-10,3307444500664793.5,2012,4,101,10,0.4731725557396599
2012-04-11,,2012,4,102,0,0.0
2012-04-12,4887881936842770.0,2012,4,103,4,0.0933551233697217
2012-04-13,5166388190032444.0,2012,4,104,16,0.9383808756309346
2012-04-14,2896983401147325.5,2012,4,105,3,0.0710321242091889
2012-04-15,7476602061999510.0,2012,4,106,15,0.8186491254563052
2012-04-16,9655546841813648.0,2012,4,107,18,0.9999999999999988
2012-04-17,5336532498339387.0,2012,4,108,16,0.9052442680287482
2012-04-18,,2012,4,109,0,0.0
2012-04-19,2430901145027992.0,2012,4,110,15,0.8213257132158686
2012-04-20,8189937924996379.0,2012,4,111,18,0.9999999999999988
2012-04-21,7627495427563446.0,2012,4,112,12,0.7650204272878726
2012-04-22,4749429296995408.0,2012,4,113,18,0.9999999999999988
2012-04-23,7230747041721304.0,2012,4,114,18,0.9999999999999988
2012-04-24,6023190501075634.0,2012,4,115,18,0.9999999999999988
2012-04-25,,2012,4,116,0,0.0
2012-04-26,4565600012420150.0,2012,4,117,18,0.9999999999999988
2012-04-27,,2012,4,118,0,0.0
2012-04-28,974351596740832.8,2012,4,119,8,0.4048421243627387
2012-04-29,,2012,4,120,0,0.0
2012-04-30,4197768285914701.0,2012,4,121,12,0.6061393162878369
2012-05-01,6841346169697342.0,2012,5,122,18,0.9999999999999988
2012-05-02,1.0200831168912836e+16,2012,5,123,17,0.9962442398129088
2012-05-03,7987743369132562.0,2012,5,124,18,0.9999999999999988
2012-05-04,,2012,5,125,0,0.0
2012-05-05,4556202591697281.0,2012,5,126,18,0.9999999999999988
2012-05-06,3144322325437737.0,2012,5,127,14,0.6450788845149262
2012-05-07,,2012,5,128,0,0.0
2012-05-08,-94543196461551.48,2012,5,129,3,0.0716637675413272
2012-05-09,1343137070972928.0,2012,5,130,1,0.0057630215546273
2012-05-10,2585597424173056.0,2012,5,131,1,0.0522178136691645
2012-05-11,,2012,5,132,0,0.0
2012-05-12,,2012,5,133,0,0.0
2012-05-13,,2012,5,134,0,0.0
2012-05-14,4746956811923941.0,2012,5,135,12,0.6875160397643304
2012-05-15,6097253989242658.0,2012,5,136,17,0.9849414496470644
2012-05-16,1801296533258240.0,2012,5,137,1,0.0057630215546273
2012-05-17,1.3176849118755326e+16,2012,5,138,9,0.6638242879751429
2012-05-18,6592841763931058.0,2012,5,139,18,0.9999999999999988
2012-05-19,8075579560811845.0,2012,5,140,18,0.9999999999999988
2012-05-20,,2012,5,141,0,0.0
2012-05-21,3367374724843014.0,2012,5,142,18,0.9999999999999988
2012-05-22,6379548979407270.0,2012,5,143,18,0.9999999999999988
2012-05-23,1842465095919280.8,2012,5,144,8,0.378416823768409
2012-05-24,8052488191526434.0,2012,5,145,5,0.1397396595577497
2012-05-25,4600158017591026.0,2012,5,146,14,0.7922622227342266
2012-05-26,8065307595391690.0,2012,5,147,18,0.9999999999999988
2012-05-27,,2012,5,148,0,0.0
2012-05-28,4882289638421569.0,2012,5,149,18,0.9999999999999988
2012-05-29,,2012,5,150,0,0.0
2012-05-30,5420587582829793.0,2012,5,151,18,0.9999999999999988
2012-05-31,,2012,5,152,0,0.0
2012-06-01,,2012,6,153,0,0.0
2012-06-02,5410210385552278.0,2012,6,154,17,0.9962442398129088
2012-06-03,1466116822443404.8,2012,6,155,4,0.0738793485165385
2012-06-04,4902837593417691.0,2012,6,156,18,0.9999999999999988
2012-06-05,,2012,6,157,0,0.0
2012-06-06,1402261188262252.0,2012,6,158,9,0.3017717555510993
2012-06-07,4864032029067175.0,2012,6,159,13,0.7648538697775146
2012-06-08,858432227770368.0,2012,6,160,1,0.0008399629398123
2012-06-09,5384544706080990.0,2012,6,161,18,0.9999999999999988
2012-06-10,5503356348652526.0,2012,6,162,18,0.9999999999999988
2012-06-11,1.0282079189329294e+16,2012,6,163,18,0.9999999999999988
2012-06-12,,2012,6,164,0,0.0
2012-06-13,3175636806968859.0,2012,6,165,18,0.9999999999999988
2012-06-14,,2012,6,166,0,0.0
2012-06-15,-314045357883392.0,2012,6,167,2,0.0066029844944396
2012-06-16,,2012,6,168,0,0.0
2012-06-17,,2012,6,169,0,0.0
2012-06-18,1.3332068206967044e+16,2012,6,170,16,0.9746886745189411
2012-06-19,,2012,6,171,0,0.0
2012-06-20,,2012,6,172,0,0.0
2012-06-21,,2012,6,173,0,0.0
2012-06-22,,2012,6,174,0,0.0
2012-06-23,3561897198550505.0,2012,6,175,8,0.4239856143087434
2012-06-24,,2012,6,176,0,0.0
2012-06-25,3280228659341464.0,2012,6,177,18,0.9999999999999988
2012-06-26,6786213921017716.0,2012,6,178,12,0.684663414176665
2012-06-27,3462076858273106.0,2012,6,179,4,0.1180483037293552
2012-06-28,,2012,6,180,0,0.0
2012-06-29,3467954783461024.0,2012,6,181,15,0.8714943843925975
2012-06-30,,2012,6,182,0,0.0
2012-07-01,,2012,7,183,0,0.0
2012-07-02,,2012,7,184,0,0.0
2012-07-03,544952530501632.0,2012,7,185,1,0.0129293628876867
2012-07-04,1630094012762505.2,2012,7,186,3,0.0282943403228341
2012-07-05,2726036004978512.0,2012,7,187,7,0.201358783926814
2012-07-06,3224192699620123.5,2012,7,188,11,0.6592936172225191
2012-07-07,,2012,7,189,0,0.0
2012-07-08,2549563628220619.5,2012,7,190,18,0.9999999999999988
2012-07-09,1910491674722297.5,2012,7,191,13,0.684604942684145
2012-07-10,,2012,7,192,0,0.0
2012-07-11,3057486869350219.0,2012,7,193,17,0.9870706371123122
2012-07-12,2457437916517009.5,2012,7,194,11,0.5902941561528725
2012-07-13,,2012,7,195,0,0.0
2012-07-14,,2012,7,196,0,0.0
2012-07-15,,2012,7,197,0,0.0
2012-07-16,,2012,7,198,0,0.0
2012-07-17,,2012,7,199,0,0.0
2012-07-18,1348436435699841.0,2012,7,200,2,0.1340441827527285
2012-07-19,553956640262554.75,2012,7,201,3,0.1172083407895429
2012-07-20,1010986470944576.8,2012,7,202,9,0.4789963529030523
2012-07-21,7448733211472643.0,2012,7,203,18,0.9999999999999988
2012-07-22,2732822315186256.5,2012,7,204,18,0.9999999999999988
2012-07-23,,2012,7,205,0,0.0
2012-07-24,2589488850234673.0,2012,7,206,14,0.7015939630218075
2012-07-25,6930108557541689.0,2012,7,207,10,0.6555378570354291
2012-07-26,,2012,7,208,0,0.0
2012-07-27,6237131963643096.0,2012,7,209,18,0.9999999999999988
2012-07-28,3788634593466464.0,2012,7,210,14,0.8500573039545238
2012-07-29,4004362802604684.0,2012,7,211,18,0.9999999999999988
2012-07-30,,2012,7,212,0,0.0
2012-07-31,3652064713704832.0,2012,7,213,18,0.9999999999999988
2012-08-01,,2012,8,214,0,0.0
2012-08-02,3747119602236473.0,2012,8,215,15,0.8343135475766436
2012-08-03,,2012,8,216,0,0.0
2012-08-04,2933982054167721.0,2012,8,217,7,0.4722458524235174
2012-08-05,2806875899195943.0,2012,8,218,17,0.9181736309164348
2012-08-06,4171071268982637.5,2012,8,219,15,0.8530264543595838
2012-08-07,6155487348177563.0,2012,8,220,18,0.9999999999999988
2012-08-08,,2012,8,221,0,0.0
2012-08-09,,2012,8,222,0,0.0
2012-08-10,,2012,8,223,0,0.0
2012-08-11,,2012,8,224,0,0.0
2012-08-12,,2012,8,225,0,0.0
2012-08-13,,2012,8,226,0,0.0
2012-08-14,3514661199253808.0,2012,8,227,18,0.9999999999999988
2012-08-15,,2012,8,228,0,0.0
2012-08-16,3141259783573629.5,2012,8,229,17,0.9849414496470644
2012-08-17,,2012,8,230,0,0.0
2012-08-18,,2012,8,231,0,0.0
2012-08-19,4167658400149258.5,2012,8,232,9,0.7053382743620821
2012-08-20,,2012,8,233,0,0.0
2012-08-21,842397567592218.0,2012,8,234,2,0.0066029844944396
2012-08-22,3712861756820599.0,2012,8,235,6,0.313485938307799
2012-08-23,2614804007092224.0,2012,8,236,2,0.0066029844944396
2012-08-24,,2012,8,237,0,0.0
2012-08-25,,2012,8,238,0,0.0
2012-08-26,2116071131728588.5,2012,8,239,18,0.9999999999999988
2012-08-27,970938922305022.2,2012,8,240,16,0.8808741215927736
2012-08-28,4465862981945885.0,2012,8,241,17,0.9477821863308344
2012-08-29,4950581909078353.0,2012,8,242,18,0.9999999999999988
2012-08-30,4634864049796943.0,2012,8,243,18,0.9999999999999988
2012-08-31,,2012,8,244,0,0.0
2012-09-01,,2012,9,245,0,0.0
2012-09-02,,2012,9,246,0,0.0
2012-09-03,3415190055283917.5,2012,9,247,18,0.9999999999999988
2012-09-04,,2012,9,248,0,0.0
2012-09-05,3001746646995671.5,2012,9,249,13,0.656359276150733
2012-09-06,7357951351453850.0,2012,9,250,17,0.9477821863308344
2012-09-07,7083816803591645.0,2012,9,251,18,0.9999999999999988
2012-09-08,6503952231214508.0,2012,9,252,16,0.8659558172472706
2012-09-09,,2012,9,253,0,0.0
2012-09-10,2343964443148288.0,2012,9,254,1,0.0150585503529344
2012-09-11,8625207192305096.0,2012,9,255,8,0.6588533915505315
2012-09-12,,2012,9,256,0,0.0
2012-09-13,3479231450984712.0,2012,9,257,13,0.8039416753783721
2012-09-14,7158357493197100.0,2012,9,258,17,0.9181736309164348
2012-09-15,3082899288530277.5,2012,9,259,12,0.6716755798158901
2012-09-16,,2012,9,260,0,0.0
2012-09-17,2375375769967097.5,2012,9,261,4,0.1406471672471681
2012-09-18,,2012,9,262,0,0.0
2012-09-19,207079053037260.44,2012,9,263,9,0.5372363795438958
2012-09-20,5069394812694835.0,2012,9,264,18,0.9999999999999988
2012-09-21,1843198486912136.5,2012,9,265,3,0.1172083407895429
2012-09-22,8622819866596866.0,2012,9,266,16,0.9405100630961822
2012-09-23,1453146371441700.5,2012,9,267,13,0.598337846127601
2012-09-24,,2012,9,268,0,0.0
2012-09-25,,2012,9,269,0,0.0
2012-09-26,2521130233495551.5,2012,9,270,4,0.1620320959933496
2012-09-27,1.0380036004717542e+16,2012,9,271,11,0.7412670336154015
2012-09-28,,2012,9,272,0,0.0
2012-09-29,5744120436842890.0,2012,9,273,16,0.8280504361562051
2012-09-30,493715360399450.1,2012,9,274,4,0.1180483037293552
2012-10-01,4641343672717531.0,2012,10,275,13,0.7182361538125882
2012-10-02,,2012,10,276,0,0.0
2012-10-03,3048688114636085.5,2012,10,277,18,0.9999999999999988
2012-10-04,,2012,10,278,0,0.0
2012-10-05,6402308682839879.0,2012,10,279,18,0.9999999999999988
2012-10-06,,2012,10,280,0,0.0
2012-10-07,1985304026810696.0,2012,10,281,12,0.5557797470160898
2012-10-08,5021765713841033.0,2012,10,282,13,0.6497014787263218
2012-10-09,6933574563188068.0,2012,10,283,12,0.6533191752322473
2012-10-10,1846542430139096.5,2012,10,284,4,0.0433528906757685
2012-10-11,,2012,10,285,0,0.0
2012-10-12,,2012,10,286,0,0.0
2012-10-13,8980292232451630.0,2012,10,287,15,0.9259989130375637
2012-10-14,3211721706310828.5,2012,10,288,18,0.9999999999999988
2012-10-15,1.1615802610293158e+16,2012,10,289,18,0.9999999999999988
2012-10-16,1.0723610953426858e+16,2012,10,290,18,0.9999999999999988
2012-10-17,6121729106792171.0,2012,10,291,18,0.9999999999999988
2012-10-18,,2012,10,292,0,0.0
2012-10-19,2967717713029182.0,2012,10,293,2,0.0225313187682068
2012-10-20,,2012,10,294,0,0.0
2012-10-21,4061224006603048.0,2012,10,295,18,0.9999999999999988
2012-10-22,1.0984072406476078e+16,2012,10,296,18,0.9999999999999988
2012-10-23,3409860793506234.0,2012,10,297,10,0.6456653395721126
2012-10-24,7487182960085150.0,2012,10,298,18,0.9999999999999988
2012-10-25,7539354539164946.0,2012,10,299,6,0.3283244201841088
2012-10-26,8038335582126482.0,2012,10,300,18,0.9999999999999988
2012-10-27,,2012,10,301,0,0.0
2012-10-28,2539389911125145.0,2012,10,302,17,0.987618037406628
2012-10-29,8827414970543302.0,2012,10,303,17,0.9849414496470644
2012-10-30,937055831982080.0,2012,10,304,2,0.0066029844944396
2012-10-31,1.2175526957185444e+16,2012,10,305,10,0.4764139830655484
2012-11-01,,2012,11,306,0,0.0
2012-11-02,1205067696832512.0,2012,11,307,1,0.0057630215546273
2012-11-03,,2012,11,308,0,0.0
2012-11-04,,2012,11,309,0,0.0
2012-11-05,,2012,11,310,0,0.0
2012-11-06,,2012,11,311,0,0.0
2012-11-07,,2012,11,312,0,0.0
2012-11-08,3242278611882917.5,2012,11,313,12,0.5557797470160898
2012-11-09,1.2353806544996042e+16,2012,11,314,18,0.9999999999999988
2012-11-10,,2012,11,315,0,0.0
2012-11-11,6563492862076531.0,2012,11,316,18,0.9999999999999988
2012-11-12,,2012,11,317,0,0.0
2012-11-13,3310416944607679.0,2012,11,318,6,0.3283244201841088
2012-11-14,8731858743296323.0,2012,11,319,13,0.8915863262773427
2012-11-15,4548747523611029.0,2012,11,320,16,0.9327236359779
2012-11-16,1.0066722387605124e+16,2012,11,321,18,0.9999999999999988
2012-11-17,,2012,11,322,0,0.0
2012-11-18,6377441577731732.0,2012,11,323,18,0.9999999999999988
2012-11-19,,2012,11,324,0,0.0
2012-11-20,4460936754774917.0,2012,11,325,18,0.9999999999999988
2012-11-21,,2012,11,326,0,0.0
2012-11-22,5760135836633893.0,2012,11,327,13,0.6850498881241232
2012-11-23,1.2108566540300024e+16,2012,11,328,18,0.9999999999999988
2012-11-24,2377973770419583.0,2012,11,329,12,0.6061393162878369
2012-11-25,1.0677692013691894e+16,2012,11,330,18,0.9999999999999988
2012-11-26,,2012,11,331,0,0.0
2012-11-27,1.5485775234893102e+16,2012,11,332,18,0.9999999999999988
2012-11-28,,2012,11,333,0,0.0
2012-11-29,7393583282887034.0,2012,11,334,16,0.941057463390498
2012-11-30,1.7737988981971168e+16,2012,11,335,18,0.9999999999999988
2012-12-01,1.0314433234895528e+16,2012,12,336,9,0.4789963529030523
2012-12-02,1.148703346600998e+16,2012,12,337,18,0.9999999999999988
2012-12-03,5487231002993434.0,2012,12,338,10,0.5894541932130603
2012-12-04,1.2071266095476244e+16,2012,12,339,18,0.9999999999999988
2012-12-05,,2012,12,340,0,0.0
2012-12-06,7606274508197638.0,2012,12,341,18,0.9999999999999988
2012-12-07,,2012,12,342,0,0.0
2012-12-08,7538431474174386.0,2012,12,343,18,0.9999999999999988
2012-12-09,,2012,12,344,0,0.0
2012-12-10,9863600383145552.0,2012,12,345,12,0.7201080449272708
2012-12-11,1.120928525269302e+16,2012,12,346,16,0.876692954009475
2012-12-12,,2012,12,347,0,0.0
2012-12-13,8272336105918029.0,2012,12,348,18,0.9999999999999988
2012-12-14,,2012,12,349,0,0.0
2012-12-15,8752026654605294.0,2012,12,350,18,0.9999999999999988
2012-12-16,1.2032293945803846e+16,2012,12,351,18,0.9999999999999988
2012-12-17,1.2606937319162118e+16,2012,12,352,18,0.9999999999999988
2012-12-18,1.8484309382942144e+16,2012,12,353,18,0.9999999999999988
2012-12-19,8445873696627274.0,2012,12,354,10,0.5894541932130603
2012-12-20,4468311383268945.0,2012,12,355,18,0.9999999999999988
2012-12-21,,2012,12,356,0,0.0
2012-12-22,8688682629304146.0,2012,12,357,17,0.9991600370601866
2012-12-23,,2012,12,358,0,0.0
2012-12-24,7007326705189746.0,2012,12,359,18,0.9999999999999988
2012-12-25,5913486985229465.0,2012,12,360,18,0.9999999999999988
2012-12-26,4848566459363657.0,2012,12,361,12,0.6061393162878369
2012-12-27,9290564620054774.0,2012,12,362,18,0.9999999999999988
2012-12-28,,2012,12,363,0,0.0
2012-12-29,1.3749004881035172e+16,2012,12,364,18,0.9999999999999988
2012-12-30,,2012,12,365,0,0.0
2012-12-31,3896508030960262.5,2012,12,366,15,0.9896412553184692
2013-01-01,3787109202987660.0,2013,1,1,18,0.9999999999999988
2013-01-02,,2013,1,2,0,0.0
2013-01-03,1.0487215191955716e+16,2013,1,3,18,0.9999999999999988
2013-01-04,8687645270668219.0,2013,1,4,8,0.4231618690223012
2013-01-05,1.0129943187293368e+16,2013,1,5,18,0.9999999999999988
2013-01-06,,2013,1,6,0,0.0
2013-01-07,6117635691365713.0,2013,1,7,18,0.9999999999999988
2013-01-08,,2013,1,8,0,0.0
2013-01-09,2962304807786901.0,2013,1,9,18,0.9999999999999988
2013-01-10,,2013,1,10,0,0.0
2013-01-11,5603789027263128.0,2013,1,11,13,0.6753310328195238
2013-01-12,1.2180192594776036e+16,2013,1,12,18,0.9999999999999988
2013-01-13,,2013,1,13,0,0.0
2013-01-14,9677801095200462.0,2013,1,14,18,0.9999999999999988
2013-01-15,,2013,1,15,0,0.0
2013-01-16,6081031965350360.0,2013,1,16,18,0.9999999999999988
2013-01-17,1.3262451812501428e+16,2013,1,17,17,0.9849414496470644
2013-01-18,1.1200356952551008e+16,2013,1,18,17,0.930808283468312
2013-01-19,1.6357031510472324e+16,2013,1,19,18,0.9999999999999988
2013-01-20,5743710684128292.0,2013,1,20,8,0.5221778291909615
2013-01-21,,2013,1,21,0,0.0
2013-01-22,,2013,1,22,0,0.0
2013-01-23,,2013,1,23,0,0.0
2013-01-24,,2013,1,24,0,0.0
2013-01-25,6409509924864877.0,2013,1,25,18,0.9999999999999988
2013-01-26,1.4176216586097868e+16,2013,1,26,18,0.9999999999999988
2013-01-27,3966008549338191.0,2013,1,27,12,0.7129417035942114
2013-01-28,1.0940455098928426e+16,2013,1,28,18,0.9999999999999988
2013-01-29,,2013,1,29,0,0.0
2013-01-30,1.145360113437493e+16,2013,1,30,18,0.9999999999999988
2013-01-31,,2013,1,31,0,0.0
2013-02-01,6846649837573138.0,2013,2,32,18,0.9999999999999988
2013-02-02,1.0640772576236666e+16,2013,2,33,17,0.987618037406628
2013-02-03,7410829469262707.0,2013,2,34,18,0.9999999999999988
2013-02-04,9179300461052750.0,2013,2,35,18,0.9999999999999988
2013-02-05,1.1316304764297498e+16,2013,2,36,12,0.7910123124906855
2013-02-06,1.1198781088480792e+16,2013,2,37,18,0.9999999999999988
2013-02-07,,2013,2,38,0,0.0
2013-02-08,8474042261680451.0,2013,2,39,18,0.9999999999999988
2013-02-09,,2013,2,40,0,0.0
2013-02-10,2448492604149370.0,2013,2,41,18,0.9999999999999988
2013-02-11,,2013,2,42,0,0.0
2013-02-12,8021561020652846.0,2013,2,43,13,0.7947680726777755
2013-02-13,1.3300773946209386e+16,2013,2,44,18,0.9999999999999988
2013-02-14,,2013,2,45,0,0.0
2013-02-15,1.1028629171069202e+16,2013,2,46,18,0.9999999999999988
2013-02-16,,2013,2,47,0,0.0
2013-02-17,3791145815498633.5,2013,2,48,18,0.9999999999999988
2013-02-18,8570167610740926.0,2013,2,49,16,0.941057463390498
2013-02-19,9923418608465622.0,2013,2,50,18,0.9999999999999988
2013-02-20,9850414325025830.0,2013,2,51,18,0.9999999999999988
2013-02-21,6766090562217210.0,2013,2,52,18,0.9999999999999988
2013-02-22,8718127115745861.0,2013,2,53,18,0.9999999999999988
2013-02-23,4239481596410029.0,2013,2,54,3,0.0740010869624353
2013-02-24,4358764759406252.0,2013,2,55,18,0.9999999999999988
2013-02-25,,2013,2,56,0,0.0
2013-02-26,2988827714997587.5,2013,2,57,18,0.9999999999999988
2013-02-27,1.1648817538455146e+16,2013,2,58,18,0.9999999999999988
2013-02-28,9447398908256270.0,2013,2,59,14,0.7956080356175877
2013-03-01,4502792590920466.5,2013,3,60,17,0.8802682498059378
2013-03-02,4464612950777777.0,2013,3,61,18,0.9999999999999988
2013-03-03,4786662399208601.0,2013,3,62,18,0.9999999999999988
2013-03-04,,2013,3,63,0,0.0
2013-03-05,6408988552321928.0,2013,3,64,18,0.9999999999999988
2013-03-06,1.2503050132063844e+16,2013,3,65,16,0.941057463390498
2013-03-07,5826781925944757.0,2013,3,66,18,0.9999999999999988
2013-03-08,1.197529379442644e+16,2013,3,67,16,0.9132478611247168
2013-03-09,4055906873199928.0,2013,3,68,18,0.9999999999999988
2013-03-10,,2013,3,69,0,0.0
2013-03-11,3105033823524213.0,2013,3,70,3,0.0740010869624353
2013-03-12,6052691871254944.0,2013,3,71,18,0.9999999999999988
2013-03-13,,2013,3,72,0,0.0
2013-03-14,,2013,3,73,0,0.0
2013-03-15,,2013,3,74,0,0.0
2013-03-16,,2013,3,75,0,0.0
2013-03-17,4062455961774510.5,2013,3,76,18,0.9999999999999988
2013-03-18,6704114216641097.0,2013,3,77,18,0.9999999999999988
2013-03-19,7863567717144915.0,2013,3,78,18,0.9999999999999988
2013-03-20,,2013,3,79,0,0.0
2013-03-21,4353214742888329.0,2013,3,80,18,0.9999999999999988
2013-03-22,4891346652499791.0,2013,3,81,14,0.7145817974020142
2013-03-23,2655971642638083.0,2013,3,82,18,0.9999999999999988
2013-03-24,6367418041013350.0,2013,3,83,18,0.9999999999999988
2013-03-25,9638341640755972.0,2013,3,84,18,0.9999999999999988
2013-03-26,6251267567419381.0,2013,3,85,18,0.9999999999999988
2013-03-27,,2013,3,86,0,0.0
2013-03-28,3341880987684701.5,2013,3,87,4,0.0933551233697217
2013-03-29,,2013,3,88,0,0.0
2013-03-30,3033277387065292.0,2013,3,89,14,0.7163208013030002
2013-03-31,5767932603595178.0,2013,3,90,16,0.9720120867593778
2013-04-01,4069259227698190.5,2013,4,91,6,0.3558855050002023
2013-04-02,730099587532587.6,2013,4,92,15,0.8096249095950498
2013-04-03,4372250537949902.5,2013,4,93,18,0.9999999999999988
2013-04-04,7734154483242070.0,2013,4,94,18,0.9999999999999988
2013-04-05,,2013,4,95,0,0.0
2013-04-06,3674276563997992.0,2013,4,96,17,0.953439425983869
2013-04-07,3568429872624283.5,2013,4,97,8,0.334845711355109
2013-04-08,5786901339883388.0,2013,4,98,16,0.947852442257344
2013-04-09,9469718076189930.0,2013,4,99,18,0.9999999999999988
2013-04-10,9197979517472598.0,2013,4,100,18,0.9999999999999988
2013-04-11,4805795987037016.0,2013,4,101,17,0.8802682498059378
2013-04-12,1995873986805760.0,2013,4,102,1,0.012381962593371
2013-04-13,3536440619801592.5,2013,4,103,18,0.9999999999999988
2013-04-14,,2013,4,104,0,0.0
2013-04-15,5423312233737894.0,2013,4,105,18,0.9999999999999988
2013-04-16,,2013,4,106,0,0.0
2013-04-17,4912265320652836.0,2013,4,107,5,0.1338934638643196
2013-04-18,1.087474643781041e+16,2013,4,108,18,0.9999999999999988
2013-04-19,1.0123764457074154e+16,2013,4,109,18,0.9999999999999988
2013-04-20,4478048052845205.0,2013,4,110,18,0.9999999999999988
2013-04-21,,2013,4,111,0,0.0
2013-04-22,4721725428269216.0,2013,4,112,18,0.9999999999999988
2013-04-23,3204338607926587.5,2013,4,113,8,0.4032791582704229
2013-04-24,,2013,4,114,0,0.0
2013-04-25,3971110871536744.0,2013,4,115,13,0.6545234302833532
2013-04-26,,2013,4,116,0,0.0
2013-04-27,5015904816874861.0,2013,4,117,18,0.9999999999999988
2013-04-28,,2013,4,118,0,0.0
2013-04-29,2712424233310265.0,2013,4,119,16,0.8808741215927736
2013-04-30,,2013,4,120,0,0.0
2013-05-01,2760039854443153.5,2013,5,121,18,0.9999999999999988
2013-05-02,1.0987148999820266e+16,2013,5,122,18,0.9999999999999988
2013-05-03,3889923174070925.5,2013,5,123,5,0.1338934638643196
2013-05-04,4738406959977890.0,2013,5,124,18,0.9999999999999988
2013-05-05,6692019232275404.0,2013,5,125,18,0.9999999999999988
2013-05-06,7379727193427155.0,2013,5,126,18,0.9999999999999988
2013-05-07,,2013,5,127,0,0.0
2013-05-08,4541152256970751.0,2013,5,128,18,0.9999999999999988
2013-05-09,1.3360426288966048e+16,2013,5,129,16,0.941057463390498
2013-05-10,4387814107282905.5,2013,5,130,7,0.2344953915290004
2013-05-11,4965183307402146.0,2013,5,131,14,0.8615913922565
2013-05-12,506071987212914.3,2013,5,132,3,0.1469735456404152
2013-05-13,915111501889536.0,2013,5,133,1,0.0129293628876867
2013-05-14,,2013,5,134,0,0.0
2013-05-15,1942518437035293.2,2013,5,135,15,0.8264729941465789
2013-05-16,,2013,5,136,0,0.0
2013-05-17,943133491444963.2,2013,5,137,8,0.4176850937404618
2013-05-18,,2013,5,138,0,0.0
2013-05-19,-1211041157285856.2,2013,5,139,3,0.1172083407895429
2013-05-20,6922440188012358.0,2013,5,140,14,0.9243723403157212
2013-05-21,4406719682244273.0,2013,5,141,14,0.7163208013030002
2013-05-22,6101491960972228.0,2013,5,142,18,0.9999999999999988
2013-05-23,,2013,5,143,0,0.0
2013-05-24,3359349535892072.0,2013,5,144,18,0.9999999999999988
2013-05-25,3483626268372449.5,2013,5,145,7,0.4202298541216534
2013-05-26,,2013,5,146,0,0.0
2013-05-27,4209628555417484.0,2013,5,147,3,0.0875921018150945
2013-05-28,7685818104278253.0,2013,5,148,16,0.9811856894599744
2013-05-29,7353747594427474.0,2013,5,149,16,0.9774686812317922
2013-05-30,,2013,5,150,0,0.0
2013-05-31,2108738362339383.5,2013,5,151,18,0.9999999999999988
2013-06-01,,2013,6,152,0,0.0
2013-06-02,2514957902198944.0,2013,6,153,10,0.4827521130901423
2013-06-03,3688782302325609.5,2013,6,154,18,0.9999999999999988
2013-06-04,2487427445541589.0,2013,6,155,7,0.3596412651872923
2013-06-05,7913007714830624.0,2013,6,156,18,0.9999999999999988
2013-06-06,8133493503920002.0,2013,6,157,18,0.9999999999999988
2013-06-07,7065034517506958.0,2013,6,158,18,0.9999999999999988
2013-06-08,,2013,6,159,0,0.0
2013-06-09,1343815511000599.8,2013,6,160,3,0.1260266451501277
2013-06-10,2857062804862710.0,2013,6,161,7,0.240328669010137
2013-06-11,2742202132332544.0,2013,6,162,3,0.1491027331056629
2013-06-12,3998927891092008.0,2013,6,163,12,0.5200010910232318
2013-06-13,3805127545393286.5,2013,6,164,8,0.5404516420262175
2013-06-14,3188717669842944.0,2013,6,165,2,0.0672763640220989
2013-06-15,,2013,6,166,0,0.0
2013-06-16,2292193876325102.5,2013,6,167,18,0.9999999999999988
2013-06-17,,2013,6,168,0,0.0
2013-06-18,3733524638371697.0,2013,6,169,18,0.9999999999999988
2013-06-19,,2013,6,170,0,0.0
2013-06-20,,2013,6,171,0,0.0
2013-06-21,,2013,6,172,0,0.0
2013-06-22,-18675610852184.527,2013,6,173,4,0.1180483037293552
2013-06-23,1149361906638583.8,2013,6,174,4,0.0433528906757685
2013-06-24,,2013,6,175,0,0.0
2013-06-25,1235546663813120.0,2013,6,176,2,0.0672763640220989
2013-06-26,4637687168502555.0,2013,6,177,16,0.9173336679766226
2013-06-27,3626399410363095.0,2013,6,178,8,0.5004021436660095
2013-06-28,6640442328257909.0,2013,6,179,18,0.9999999999999988
2013-06-29,5828531746630445.0,2013,6,180,6,0.313485938307799
2013-06-30,6137573889062558.0,2013,6,181,15,0.8901857176758139
2013-07-01,,2013,7,182,0,0.0
2013-07-02,3342932732521842.0,2013,7,183,11,0.6473756893064248
2013-07-03,,2013,7,184,0,0.0
2013-07-04,316101340799701.56,2013,7,185,5,0.1721133990896929
2013-07-05,,2013,7,186,0,0.0
2013-07-06,,2013,7,187,0,0.0
2013-07-07,1313186921840639.8,2013,7,188,2,0.0947557319712507
2013-07-08,,2013,7,189,0,0.0
2013-07-09,4653806513507077.0,2013,7,190,18,0.9999999999999988
2013-07-10,,2013,7,191,0,0.0
2013-07-11,2952527309485802.0,2013,7,192,16,0.9525994630440568
2013-07-12,3734183514014415.0,2013,7,193,9,0.4369149771964301
2013-07-13,,2013,7,194,0,0.0
2013-07-14,4187662180242489.5,2013,7,195,14,0.7089245577489797
2013-07-15,5019020721694451.0,2013,7,196,10,0.668701729224306
2013-07-16,4818466116977995.0,2013,7,197,10,0.5395618670284581
2013-07-17,,2013,7,198,0,0.0
2013-07-18,1349759496424598.2,2013,7,199,2,0.0066029844944396
2013-07-19,,2013,7,200,0,0.0
2013-07-20,,2013,7,201,0,0.0
2013-07-21,,2013,7,202,0,0.0
2013-07-22,,2013,7,203,0,0.0
2013-07-23,5164403633035210.0,2013,7,204,18,0.9999999999999988
2013-07-24,2987017071082443.0,2013,7,205,11,0.5704117596548428
2013-07-25,846794477010944.0,2013,7,206,1,0.0463845361880279
2013-07-26,,2013,7,207,0,0.0
2013-07-27,3464301120172184.0,2013,7,208,18,0.9999999999999988
2013-07-28,3281839268578534.0,2013,7,209,17,0.9870706371123122
2013-07-29,4326071787877079.0,2013,7,210,18,0.9999999999999988
2013-07-30,5353881017543974.0,2013,7,211,18,0.9999999999999988
2013-07-31,4773884127292095.0,2013,7,212,13,0.8758586166624456
2013-08-01,3728480258354111.0,2013,8,213,17,0.9181736309164348
2013-08-02,,2013,8,214,0,0.0
2013-08-03,1843314871071352.8,2013,8,215,12,0.5877958299359195
2013-08-04,,2013,8,216,0,0.0
2013-08-05,3626836420115121.5,2013,8,217,8,0.4474502985913342
2013-08-06,6892046731274448.0,2013,8,218,18,0.9999999999999988
2013-08-07,2997647028357244.0,2013,8,219,10,0.5894541932130603
2013-08-08,4284891034027971.0,2013,8,220,13,0.6641029876338357
2013-08-09,7376926276092950.0,2013,8,221,16,0.8659558172472706
2013-08-10,,2013,8,222,0,0.0
2013-08-11,,2013,8,223,0,0.0
2013-08-12,,2013,8,224,0,0.0
2013-08-13,2613405395862943.0,2013,8,225,16,0.9383808756309346
2013-08-14,2337316545144589.0,2013,8,226,14,0.7664313117871407
2013-08-15,4029190196386259.0,2013,8,227,18,0.9999999999999988
2013-08-16,4620544886641467.0,2013,8,228,18,0.9999999999999988
2013-08-17,1721640253697008.0,2013,8,229,18,0.9999999999999988
2013-08-18,,2013,8,230,0,0.0
2013-08-19,1324926197375798.8,2013,8,231,3,0.0875921018150945
2013-08-20,,2013,8,232,0,0.0
2013-08-21,,2013,8,233,0,0.0
2013-08-22,,2013,8,234,0,0.0
2013-08-23,1661434627050193.5,2013,8,235,6,0.3558855050002023
2013-08-24,3400957096318027.5,2013,8,236,17,0.9849414496470644
2013-08-25,,2013,8,237,0,0.0
2013-08-26,,2013,8,238,0,0.0
2013-08-27,,2013,8,239,0,0.0
2013-08-28,2266033181121205.5,2013,8,240,14,0.7943914101994743
2013-08-29,2666385218813854.5,2013,8,241,16,0.7984418807223739
2013-08-30,855514291782358.8,2013,8,242,2,0.0225313187682068
2013-08-31,5636480209102544.0,2013,8,243,12,0.6743521675754535
2013-09-01,2820304479802134.5,2013,9,244,18,0.9999999999999988
2013-09-02,8726317064829034.0,2013,9,245,3,0.0282943403228341
2013-09-03,,2013,9,246,0,0.0
2013-09-04,,2013,9,247,0,0.0
2013-09-05,,2013,9,248,0,0.0
2013-09-06,,2013,9,249,0,0.0
2013-09-07,,2013,9,250,0,0.0
2013-09-08,,2013,9,251,0,0.0
2013-09-09,3270652374249658.5,2013,9,252,6,0.1902400428062202
2013-09-10,3091587534299523.5,2013,9,253,8,0.378416823768409
2013-09-11,,2013,9,254,0,0.0
2013-09-12,,2013,9,255,0,0.0
2013-09-13,,2013,9,256,0,0.0
2013-09-14,,2013,9,257,0,0.0
2013-09-15,,2013,9,258,0,0.0
2013-09-16,,2013,9,259,0,0.0
2013-09-17,,2013,9,260,0,0.0
2013-09-18,,2013,9,261,0,0.0
2013-09-19,,2013,9,262,0,0.0
2013-09-20,1029559763861504.0,2013,9,263,1,0.0008399629398123
2013-09-21,,2013,9,264,0,0.0
2013-09-22,,2013,9,265,0,0.0
2013-09-23,,2013,9,266,0,0.0
2013-09-24,1739764067181635.8,2013,9,267,4,0.1209641009766329
2013-09-25,172370255437261.3,2013,9,268,7,0.2923770226851933
2013-09-26,,2013,9,269,0,0.0
2013-09-27,2384416960645714.5,2013,9,270,16,0.9933970155055594
2013-09-28,,2013,9,271,0,0.0
2013-09-29,2441935567668456.0,2013,9,272,18,0.9999999999999988
2013-09-30,9055580238802866.0,2013,9,273,18,0.9999999999999988
2013-10-01,3636699517788321.5,2013,10,274,17,0.9870706371123122
2013-10-02,9560204459551128.0,2013,10,275,18,0.9999999999999988
2013-10-03,7140841849909402.0,2013,10,276,17,0.9849414496470644
2013-10-04,8759198421578280.0,2013,10,277,18,0.9999999999999988
2013-10-05,,2013,10,278,0,0.0
2013-10-06,2058211427277136.0,2013,10,279,9,0.4328179512146037
2013-10-07,,2013,10,280,0,0.0
2013-10-08,-1200068757553152.0,2013,10,281,2,0.0066029844944396
2013-10-09,9209998131135980.0,2013,10,282,10,0.5987281030971132
2013-10-10,,2013,10,283,0,0.0
2013-10-11,9336592043794710.0,2013,10,284,14,0.8492706941724938
2013-10-12,3367866758896882.0,2013,10,285,13,0.6641029876338357
2013-10-13,3708500263370577.5,2013,10,286,18,0.9999999999999988
2013-10-14,,2013,10,287,0,0.0
2013-10-15,4520810886120067.0,2013,10,288,15,0.8530264543595838
2013-10-16,1.3732839841314856e+16,2013,10,289,17,0.9849414496470644
2013-10-17,2510404108953296.5,2013,10,290,9,0.3017717555510993
2013-10-18,7582715141613979.0,2013,10,291,17,0.9870706371123122
2013-10-19,-699281811963904.0,2013,10,292,1,0.012381962593371
2013-10-20,,2013,10,293,0,0.0
2013-10-21,,2013,10,294,0,0.0
2013-10-22,,2013,10,295,0,0.0
2013-10-23,,2013,10,296,0,0.0
2013-10-24,692419124353140.1,2013,10,297,4,0.0933551233697217
2013-10-25,,2013,10,298,0,0.0
2013-10-26,2000914130927616.0,2013,10,299,1,0.00375576018709
2013-10-27,456468267596234.4,2013,10,300,7,0.2908140565928775
2013-10-28,,2013,10,301,0,0.0
2013-10-29,6824407413756627.0,2013,10,302,17,0.9477821863308344
2013-10-30,,2013,10,303,0,0.0
2013-10-31,2481612344507755.0,2013,10,304,7,0.3526243106935742
2013-11-01,8602992646405966.0,2013,11,305,14,0.7686096299646046
2013-11-02,,2013,11,306,0,0.0
2013-11-03,5054326490319259.0,2013,11,307,18,0.9999999999999988
2013-11-04,4214560851331417.5,2013,11,308,8,0.5221778291909615
2013-11-05,4780680997887177.0,2013,11,309,18,0.9999999999999988
2013-11-06,,2013,11,310,0,0.0
2013-11-07,3698988940396159.0,2013,11,311,2,0.0947557319712507
2013-11-08,,2013,11,312,0,0.0
2013-11-09,1418450223578206.2,2013,11,313,4,0.0933551233697217
2013-11-10,890262887382543.8,2013,11,314,3,0.1172083407895429
2013-11-11,1745864859616778.8,2013,11,315,7,0.3596412651872923
2013-11-12,,2013,11,316,0,0.0
2013-11-13,,2013,11,317,0,0.0
2013-11-14,4159448838088568.0,2013,11,318,10,0.3931776819851458
2013-11-15,,2013,11,319,0,0.0
2013-11-16,4143324622928688.0,2013,11,320,18,0.9999999999999988
2013-11-17,8764723278675130.0,2013,11,321,17,0.987618037406628
2013-11-18,2802136518795715.5,2013,11,322,9,0.4789963529030523
2013-11-19,1.1328818298055442e+16,2013,11,323,15,0.8861630619617701
2013-11-20,2857939650213110.0,2013,11,324,3,0.1172083407895429
2013-11-21,3009018073029323.0,2013,11,325,13,0.5722189046923962
2013-11-22,,2013,11,326,0,0.0
2013-11-23,1645271615185974.0,2013,11,327,8,0.6214101202038761
2013-11-24,,2013,11,328,0,0.0
2013-11-25,2648368546350517.5,2013,11,329,9,0.4699029074096264
2013-11-26,,2013,11,330,0,0.0
2013-11-27,9247310227675960.0,2013,11,331,12,0.7129417035942114
2013-11-28,1.5284226405752342e+16,2013,11,332,18,0.9999999999999988
2013-11-29,,2013,11,333,0,0.0
2013-11-30,1.2211260766011322e+16,2013,11,334,18,0.9999999999999988
2013-12-01,,2013,12,335,0,0.0
2013-12-02,7543533080201426.0,2013,12,336,18,0.9999999999999988
2013-12-03,1.7011909347163988e+16,2013,12,337,18,0.9999999999999988
2013-12-04,9787728567107064.0,2013,12,338,18,0.9999999999999988
2013-12-05,1.3922118763139446e+16,2013,12,339,18,0.9999999999999988
2013-12-06,9105366275928964.0,2013,12,340,11,0.7091859434071214
2013-12-07,9483877421695210.0,2013,12,341,18,0.9999999999999988
2013-12-08,,2013,12,342,0,0.0
2013-12-09,8083887318080467.0,2013,12,343,18,0.9999999999999988
2013-12-10,,2013,12,344,0,0.0
2013-12-11,5308209795407223.0,2013,12,345,18,0.9999999999999988
2013-12-12,4363485654964801.0,2013,12,346,17,0.9942369784453716
2013-12-13,5275151733416068.0,2013,12,347,8,0.372570628074979
2013-12-14,1.4231431830775392e+16,2013,12,348,16,0.941057463390498
2013-12-15,,2013,12,349,0,0.0
2013-12-16,8513215291266037.0,2013,12,350,18,0.9999999999999988
2013-12-17,,2013,12,351,0,0.0
2013-12-18,9295361797132196.0,2013,12,352,18,0.9999999999999988
2013-12-19,1.3183046100157094e+16,2013,12,353,18,0.9999999999999988
2013-12-20,7404783588856160.0,2013,12,354,18,0.9999999999999988
2013-12-21,6861652562996287.0,2013,12,355,18,0.9999999999999988
2013-12-22,4425628150596663.0,2013,12,356,10,0.5894541932130603
2013-12-23,2963669388878890.0,2013,12,357,12,0.5478992896469934
2013-12-24,,2013,12,358,0,0.0
2013-12-25,4460132470935561.5,2013,12,359,2,0.0672763640220989
2013-12-26,,2013,12,360,0,0.0
2013-12-27,,2013,12,361,0,0.0
2013-12-28,,2013,12,362,0,0.0
2013-12-29,3417640129000041.5,2013,12,363,8,0.5919776026175786
2013-12-30,1.3240396601926164e+16,2013,12,364,16,0.9954042768730966
2013-12-31,,2013,12,365,0,0.0
2014-01-01,4744456299597557.0,2014,1,1,15,0.9124078981849044
2014-01-02,,2014,1,2,0,0.0
2014-01-03,4924370744893821.0,2014,1,3,18,0.9999999999999988
2014-01-04,1.5356775048410682e+16,2014,1,4,18,0.9999999999999988
2014-01-05,7225585795150630.0,2014,1,5,18,0.9999999999999988
2014-01-06,7808381359337533.0,2014,1,6,18,0.9999999999999988
2014-01-07,2757929015880432.5,2014,1,7,3,0.1138369380382288
2014-01-08,1.0295673732394648e+16,2014,1,8,18,0.9999999999999988
2014-01-09,,2014,1,9,0,0.0
2014-01-10,3331815837363322.0,2014,1,10,8,0.5542526858977086
2014-01-11,,2014,1,11,0,0.0
2014-01-12,3550285370528863.0,2014,1,12,18,0.9999999999999988
2014-01-13,1.5770507220659572e+16,2014,1,13,18,0.9999999999999988
2014-01-14,5986881325105495.0,2014,1,14,7,0.3596412651872923
2014-01-15,1166644487972634.8,2014,1,15,9,0.4251578621557342
2014-01-16,,2014,1,16,0,0.0
2014-01-17,9699917085139994.0,2014,1,17,18,0.9999999999999988
2014-01-18,,2014,1,18,0,0.0
2014-01-19,7128040631559331.0,2014,1,19,18,0.9999999999999988
2014-01-20,1.6225513059335186e+16,2014,1,20,18,0.9999999999999988
2014-01-21,4441577872356640.0,2014,1,21,18,0.9999999999999988
2014-01-22,1.3899851831674532e+16,2014,1,22,18,0.9999999999999988
2014-01-23,7159203596044255.0,2014,1,23,11,0.7091859434071214
2014-01-24,8303002522105144.0,2014,1,24,18,0.9999999999999988
2014-01-25,,2014,1,25,0,0.0
2014-01-26,4445762444547562.5,2014,1,26,18,0.9999999999999988
2014-01-27,,2014,1,27,0,0.0
2014-01-28,1412960145907940.5,2014,1,28,4,0.2335686882128581
2014-01-29,,2014,1,29,0,0.0
2014-01-30,7378675194814179.0,2014,1,30,12,0.7129417035942114
2014-01-31,1.7118542387624606e+16,2014,1,31,18,0.9999999999999988
2014-02-01,,2014,2,32,0,0.0
2014-02-02,6434492988624086.0,2014,2,33,18,0.9999999999999988
2014-02-03,,2014,2,34,0,0.0
2014-02-04,7779343751980602.0,2014,2,35,18,0.9999999999999988
2014-02-05,1.2536551503694014e+16,2014,2,36,18,0.9999999999999988
2014-02-06,1.0364235871926646e+16,2014,2,37,18,0.9999999999999988
2014-02-07,1.1830860296489656e+16,2014,2,38,18,0.9999999999999988
2014-02-08,5538564925550714.0,2014,2,39,11,0.7091859434071214
2014-02-09,4655213559197977.0,2014,2,40,18,0.9999999999999988
2014-02-10,,2014,2,41,0,0.0
2014-02-11,7636177147083738.0,2014,2,42,16,0.830228754333669
2014-02-12,,2014,2,43,0,0.0
2014-02-13,6711298777276936.0,2014,2,44,18,0.9999999999999988
2014-02-14,1.3359428977335842e+16,2014,2,45,18,0.9999999999999988
2014-02-15,4344209481731095.0,2014,2,46,13,0.725871066481898
2014-02-16,8644416094739850.0,2014,2,47,18,0.9999999999999988
2014-02-17,1.2181563630036774e+16,2014,2,48,16,0.9933970155055594
2014-02-18,1.2268860606791484e+16,2014,2,49,18,0.9999999999999988
2014-02-19,,2014,2,50,0,0.0
2014-02-20,7686576570931810.0,2014,2,51,18,0.9999999999999988
2014-02-21,1.102434450430353e+16,2014,2,52,18,0.9999999999999988
2014-02-22,3843053099361225.5,2014,2,53,16,0.8337076758092398
2014-02-23,3114873097119648.0,2014,2,54,12,0.6201695694678627
2014-02-24,7197105993173087.0,2014,2,55,18,0.9999999999999988
2014-02-25,9105485178772934.0,2014,2,56,18,0.9999999999999988
2014-02-26,,2014,2,57,0,0.0
2014-02-27,2715108643444477.0,2014,2,58,17,0.9536154638119712
2014-02-28,,2014,2,59,0,0.0
2014-03-01,5989460232649419.0,2014,3,60,18,0.9999999999999988
2014-03-02,,2014,3,61,0,0.0
2014-03-03,1029342562992620.8,2014,3,62,3,0.0802057269097856
2014-03-04,9017705936288226.0,2014,3,63,18,0.9999999999999988
2014-03-05,6933995843419729.0,2014,3,64,18,0.9999999999999988
2014-03-06,1.259687040383456e+16,2014,3,65,18,0.9999999999999988
2014-03-07,,2014,3,66,0,0.0
2014-03-08,5687074099198973.0,2014,3,67,18,0.9999999999999988
2014-03-09,2615438856945664.0,2014,3,68,2,0.1340441827527285
2014-03-10,,2014,3,69,0,0.0
2014-03-11,4393801695513325.5,2014,3,70,18,0.9999999999999988
2014-03-12,9783450962351542.0,2014,3,71,18,0.9999999999999988
2014-03-13,7114821070625482.0,2014,3,72,18,0.9999999999999988
2014-03-14,,2014,3,73,0,0.0
2014-03-15,6029071036521115.0,2014,3,74,18,0.9999999999999988
2014-03-16,,2014,3,75,0,0.0
2014-03-17,2680164199577483.5,2014,3,76,18,0.9999999999999988
2014-03-18,5691030024224884.0,2014,3,77,18,0.9999999999999988
2014-03-19,1884885113264956.0,2014,3,78,8,0.3252085493739489
2014-03-20,9270725356007494.0,2014,3,79,18,0.9999999999999988
2014-03-21,6265511909912048.0,2014,3,80,18,0.9999999999999988
2014-03-22,6551791496046446.0,2014,3,81,18,0.9999999999999988
2014-03-23,,2014,3,82,0,0.0
2014-03-24,5826229205906696.0,2014,3,83,18,0.9999999999999988
2014-03-25,3629813218349937.0,2014,3,84,14,0.6447842090834917
2014-03-26,1315372514712121.0,2014,3,85,14,0.8287265638501182
2014-03-27,6846553649410410.0,2014,3,86,18,0.9999999999999988
2014-03-28,7083927128967429.0,2014,3,87,18,0.9999999999999988
2014-03-29,3726400097083697.0,2014,3,88,18,0.9999999999999988
2014-03-30,,2014,3,89,0,0.0
2014-03-31,5255416864598428.0,2014,3,90,18,0.9999999999999988
2014-04-01,,2014,4,91,0,0.0
2014-04-02,4150498721556185.5,2014,4,92,9,0.4938348347793621
2014-04-03,,2014,4,93,0,0.0
2014-04-04,3549497544460695.0,2014,4,94,13,0.6753310328195238
2014-04-05,4097707560879821.0,2014,4,95,18,0.9999999999999988
2014-04-06,2836580836085383.5,2014,4,96,18,0.9999999999999988
2014-04-07,1.0416325377353752e+16,2014,4,97,16,0.9132478611247168
2014-04-08,,2014,4,98,0,0.0
2014-04-09,6185823965869361.0,2014,4,99,18,0.9999999999999988
2014-04-10,9887207943897166.0,2014,4,100,18,0.9999999999999988
2014-04-11,7328628931819382.0,2014,4,101,14,0.8135436312588923
2014-04-12,8943713882920384.0,2014,4,102,18,0.9999999999999988
2014-04-13,6566746449569360.0,2014,4,103,18,0.9999999999999988
2014-04-14,6611294509537671.0,2014,4,104,18,0.9999999999999988
2014-04-15,,2014,4,105,0,0.0
2014-04-16,2502458452269102.0,2014,4,106,18,0.9999999999999988
2014-04-17,,2014,4,107,0,0.0
2014-04-18,,2014,4,108,0,0.0
2014-04-19,4043128110656841.0,2014,4,109,18,0.9999999999999988
2014-04-20,2066547417598294.5,2014,4,110,10,0.5894541932130603
2014-04-21,7418943527511917.0,2014,4,111,18,0.9999999999999988
2014-04-22,5193978835792664.0,2014,4,112,13,0.7800789776408069
2014-04-23,2066875718244295.5,2014,4,113,11,0.5004378192738017
2014-04-24,,2014,4,114,0,0.0
2014-04-25,,2014,4,115,0,0.0
2014-04-26,3521805149247941.0,2014,4,116,8,0.4518119305652599
2014-04-27,468982002741030.3,2014,4,117,11,0.5973734566124714
2014-04-28,9858791005037314.0,2014,4,118,18,0.9999999999999988
2014-04-29,1632635529168283.0,2014,4,119,3,0.0730393855767262
2014-04-30,1607836146833207.5,2014,4,120,12,0.6453025839740806
2014-05-01,,2014,5,121,0,0.0
2014-05-02,1438736726955628.5,2014,5,122,11,0.6615942767195468
2014-05-03,,2014,5,123,0,0.0
2014-05-04,846805276623603.6,2014,5,124,2,0.0521475577426552
2014-05-05,,2014,5,125,0,0.0
2014-05-06,,2014,5,126,0,0.0
2014-05-07,1444530391330352.2,2014,5,127,2,0.0616191243690643
2014-05-08,,2014,5,128,0,0.0
2014-05-09,9927593240232080.0,2014,5,129,18,0.9999999999999988
2014-05-10,,2014,5,130,0,0.0
2014-05-11,2363710381322805.5,2014,5,131,17,0.987618037406628
2014-05-12,5459610042931138.0,2014,5,132,17,0.9849414496470644
2014-05-13,3579050313095725.5,2014,5,133,8,0.2888423926634126
2014-05-14,3394039349023507.0,2014,5,134,17,0.9783086441716043
2014-05-15,7626932346095083.0,2014,5,135,18,0.9999999999999988
2014-05-16,9849415950625730.0,2014,5,136,18,0.9999999999999988
2014-05-17,,2014,5,137,0,0.0
2014-05-18,2491655129511107.0,2014,5,138,16,0.9178789205806256
2014-05-19,,2014,5,139,0,0.0
2014-05-20,2541059623768901.0,2014,5,140,16,0.9052442680287482
2014-05-21,5854924435111462.0,2014,5,141,13,0.817238240957037
2014-05-22,1119961309249536.0,2014,5,142,1,0.0057630215546273
2014-05-23,6946663343583675.0,2014,5,143,5,0.1397396595577497
2014-05-24,3694254612956950.5,2014,5,144,9,0.7120329066054051
2014-05-25,,2014,5,145,0,0.0
2014-05-26,,2014,5,146,0,0.0
2014-05-27,3550149387150961.5,2014,5,147,8,0.469530187556959
2014-05-28,5179150725941859.0,2014,5,148,5,0.1535765301348548
2014-05-29,,2014,5,149,0,0.0
2014-05-30,,2014,5,150,0,0.0
2014-05-31,4444147191821597.5,2014,5,151,7,0.317241698494889
2014-06-01,1615712682431975.8,2014,6,152,10,0.4810460575752565
2014-06-02,,2014,6,153,0,0.0
2014-06-03,1083380335211375.2,2014,6,154,5,0.1919273911368277
2014-06-04,,2014,6,155,0,0.0
2014-06-05,,2014,6,156,0,0.0
2014-06-06,,2014,6,157,0,0.0
2014-06-07,,2014,6,158,0,0.0
2014-06-08,3159105719831547.0,2014,6,159,3,0.0282943403228341
2014-06-09,4912988307083199.0,2014,6,160,18,0.9999999999999988
2014-06-10,4452134296531698.5,2014,6,161,17,0.987618037406628
2014-06-11,,2014,6,162,0,0.0
2014-06-12,4496110992552281.5,2014,6,163,18,0.9999999999999988
2014-06-13,5291292994993830.0,2014,6,164,18,0.9999999999999988
2014-06-14,3400189161332969.5,2014,6,165,18,0.9999999999999988
2014-06-15,4702492323286796.0,2014,6,166,18,0.9999999999999988
2014-06-16,5471744725888250.0,2014,6,167,16,0.9385569134590366
2014-06-17,6082215555470903.0,2014,6,168,17,0.9181736309164348
2014-06-18,,2014,6,169,0,0.0
2014-06-19,1404931243342949.8,2014,6,170,6,0.3283244201841088
2014-06-20,,2014,6,171,0,0.0
2014-06-21,1390414134077808.2,2014,6,172,2,0.0521475577426552
2014-06-22,4927654879158143.0,2014,6,173,14,0.843625143659684
2014-06-23,,2014,6,174,0,0.0
2014-06-24,,2014,6,175,0,0.0
2014-06-25,,2014,6,176,0,0.0
2014-06-26,404674838528000.0,2014,6,177,1,0.0150585503529344
2014-06-27,,2014,6,178,0,0.0
2014-06-28,700610336625679.0,2014,6,179,8,0.4715272758335391
2014-06-29,275442478028931.38,2014,6,180,7,0.2690293698687516
2014-06-30,,2014,6,181,0,0.0
2014-07-01,8547672043158394.0,2014,7,182,5,0.1397396595577497
2014-07-02,7761013980118845.0,2014,7,183,6,0.313485938307799
2014-07-03,,2014,7,184,0,0.0
2014-07-04,,2014,7,185,0,0.0
2014-07-05,,2014,7,186,0,0.0
2014-07-06,,2014,7,187,0,0.0
2014-07-07,,2014,7,188,0,0.0
2014-07-08,,2014,7,189,0,0.0
2014-07-09,,2014,7,190,0,0.0
2014-07-10,8559927497069514.0,2014,7,191,5,0.1397396595577497
2014-07-11,4646228244586193.0,2014,7,192,18,0.9999999999999988
2014-07-12,5349406314067370.0,2014,7,193,18,0.9999999999999988
2014-07-13,,2014,7,194,0,0.0
2014-07-14,3062372996074193.5,2014,7,195,16,0.941057463390498
2014-07-15,1547173191518603.0,2014,7,196,10,0.6006585730624097
2014-07-16,,2014,7,197,0,0.0
2014-07-17,4520845487289914.0,2014,7,198,13,0.7923996757248134
2014-07-18,989450339352576.0,2014,7,199,1,0.0057630215546273
2014-07-19,5440777773529739.0,2014,7,200,18,0.9999999999999988
2014-07-20,,2014,7,201,0,0.0
2014-07-21,3162489127635289.5,2014,7,202,18,0.9999999999999988
2014-07-22,,2014,7,203,0,0.0
2014-07-23,1647395241450545.5,2014,7,204,9,0.3204846623340394
2014-07-24,9414597720244294.0,2014,7,205,4,0.3342192323399411
2014-07-25,1721937226420676.0,2014,7,206,7,0.3214527891868589
2014-07-26,6982830051746739.0,2014,7,207,18,0.9999999999999988
2014-07-27,2982283418734541.0,2014,7,208,18,0.9999999999999988
2014-07-28,3662928789694801.0,2014,7,209,18,0.9999999999999988
2014-07-29,,2014,7,210,0,0.0
2014-07-30,2614657015513775.5,2014,7,211,16,0.9052442680287482
2014-07-31,5571138440526463.0,2014,7,212,18,0.9999999999999988
2014-08-01,4773449079582838.0,2014,8,213,18,0.9999999999999988
2014-08-02,2588324657054424.0,2014,8,214,18,0.9999999999999988
2014-08-03,3229792158489062.5,2014,8,215,18,0.9999999999999988
2014-08-04,4018554039119331.0,2014,8,216,15,0.8928623054353773
2014-08-05,,2014,8,217,0,0.0
2014-08-06,1365818276433872.2,2014,8,218,4,0.2667052958344763
2014-08-07,,2014,8,219,0,0.0
2014-08-08,,2014,8,220,0,0.0
2014-08-09,,2014,8,221,0,0.0
2014-08-10,2321624754256278.0,2014,8,222,12,0.7129417035942114
2014-08-11,2450759048477735.5,2014,8,223,7,0.2588655379649751
2014-08-12,1372645573875994.5,2014,8,224,2,0.0208215719075617
2014-08-13,2534898477763364.5,2014,8,225,11,0.6024838632647714
2014-08-14,,2014,8,226,0,0.0
2014-08-15,3064325784699746.0,2014,8,227,17,0.987618037406628
2014-08-16,2981614031622664.5,2014,8,228,15,0.9028203702276912
2014-08-17,2174675487546528.5,2014,8,229,16,0.927052523281222
2014-08-18,352928300793856.0,2014,8,230,1,0.0150585503529344
2014-08-19,1093895789355027.2,2014,8,231,3,0.1469735456404152
2014-08-20,4580252637452720.0,2014,8,232,18,0.9999999999999988
2014-08-21,,2014,8,233,0,0.0
2014-08-22,3684001739692166.5,2014,8,234,2,0.0225313187682068
2014-08-23,,2014,8,235,0,0.0
2014-08-24,2827880545720388.0,2014,8,236,13,0.7317172621753282
2014-08-25,6343110227840611.0,2014,8,237,17,0.9477821863308344
2014-08-26,3582493068884638.5,2014,8,238,11,0.5932099534001503
2014-08-27,6223004729022214.0,2014,8,239,18,0.9999999999999988
2014-08-28,4494263713706757.0,2014,8,240,18,0.9999999999999988
2014-08-29,4454903924674729.5,2014,8,241,18,0.9999999999999988
2014-08-30,,2014,8,242,0,0.0
2014-08-31,2425553097386432.5,2014,8,243,17,0.987618037406628
2014-09-01,1471648948290013.5,2014,9,244,3,0.1100983108763604
2014-09-02,,2014,9,245,0,0.0
2014-09-03,,2014,9,246,0,0.0
2014-09-04,,2014,9,247,0,0.0
2014-09-05,6198528780884935.0,2014,9,248,16,0.9383808756309346
2014-09-06,,2014,9,249,0,0.0
2014-09-07,,2014,9,250,0,0.0
2014-09-08,,2014,9,251,0,0.0
2014-09-09,1935819320805345.5,2014,9,252,2,0.0066029844944396
2014-09-10,,2014,9,253,0,0.0
2014-09-11,1421971582194051.8,2014,9,254,9,0.5351071920786481
2014-09-12,4699221965718423.0,2014,9,255,5,0.1397396595577497
2014-09-13,2606706651561984.0,2014,9,256,1,0.0129293628876867
2014-09-14,,2014,9,257,0,0.0
2014-09-15,,2014,9,258,0,0.0
2014-09-16,,2014,9,259,0,0.0
2014-09-17,3091732221458680.0,2014,9,260,16,0.9383808756309346
2014-09-18,4242447767107585.5,2014,9,261,15,0.8264729941465789
2014-09-19,5080772820648612.0,2014,9,262,15,0.8006420831800612
2014-09-20,5070545433816559.0,2014,9,263,12,0.7876515698034294
2014-09-21,1765544420179968.2,2014,9,264,5,0.0971108835568117
2014-09-22,,2014,9,265,0,0.0
2014-09-23,,2014,9,266,0,0.0
2014-09-24,,2014,9,267,0,0.0
2014-09-25,1421773099110718.8,2014,9,268,13,0.7914073299905194
2014-09-26,5205139726461351.0,2014,9,269,18,0.9999999999999988
2014-09-27,3661644929041174.5,2014,9,270,8,0.5221778291909615
2014-09-28,2988594555433079.0,2014,9,271,9,0.3632008272867082
2014-09-29,1626421760454047.2,2014,9,272,6,0.1521216221511207
2014-09-30,4774045723900955.0,2014,9,273,14,0.7352251741502509
2014-10-01,,2014,10,274,0,0.0
2014-10-02,923293358098552.6,2014,10,275,2,0.0672763640220989
2014-10-03,5573186613001880.0,2014,10,276,4,0.1743415295134735
2014-10-04,,2014,10,277,0,0.0
2014-10-05,8071873489272832.0,2014,10,278,1,0.081826369083564
2014-10-06,,2014,10,279,0,0.0
2014-10-07,4673287827652653.0,2014,10,280,18,0.9999999999999988
2014-10-08,,2014,10,281,0,0.0
2014-10-09,2497287997276224.5,2014,10,282,14,0.7664313117871407
2014-10-10,,2014,10,283,0,0.0
2014-10-11,529968283028221.75,2014,10,284,2,0.0616191243690643
2014-10-12,,2014,10,285,0,0.0
2014-10-13,6247752309479882.0,2014,10,286,7,0.530464260150107
2014-10-14,1278023560558733.0,2014,10,287,8,0.3572504576751641
2014-10-15,,2014,10,288,0,0.0
2014-10-16,547850201117915.2,2014,10,289,7,0.2502393355586941
2014-10-17,,2014,10,290,0,0.0
2014-10-18,,2014,10,291,0,0.0
2014-10-19,,2014,10,292,0,0.0
2014-10-20,,2014,10,293,0,0.0
2014-10-21,1729811932938501.2,2014,10,294,3,0.0858768396064635
2014-10-22,,2014,10,295,0,0.0
2014-10-23,8099102662120038.0,2014,10,296,4,0.1620320959933496
2014-10-24,,2014,10,297,0,0.0
2014-10-25,2893902249196066.0,2014,10,298,18,0.9999999999999988
2014-10-26,,2014,10,299,0,0.0
2014-10-27,4837785671025801.0,2014,10,300,18,0.9999999999999988
2014-10-28,8228482113698389.0,2014,10,301,18,0.9999999999999988
2014-10-29,5495162492622222.0,2014,10,302,10,0.5894541932130603
2014-10-30,9626820562013676.0,2014,10,303,18,0.9999999999999988
2014-10-31,,2014,10,304,0,0.0
2014-11-01,4867320953024814.0,2014,11,305,2,0.0188143105400244
2014-11-02,,2014,11,306,0,0.0
2014-11-03,6587332730293862.0,2014,11,307,18,0.9999999999999988
2014-11-04,3363090164771576.5,2014,11,308,4,0.1864563687411067
2014-11-05,6428382204780434.0,2014,11,309,18,0.9999999999999988
2014-11-06,1.0104447123708166e+16,2014,11,310,18,0.9999999999999988
2014-11-07,,2014,11,311,0,0.0
2014-11-08,5134975389138944.0,2014,11,312,1,0.0522178136691645
2014-11-09,,2014,11,313,0,0.0
2014-11-10,4857406224171352.0,2014,11,314,14,0.8135436312588923
2014-11-11,,2014,11,315,0,0.0
2014-11-12,,2014,11,316,0,0.0
2014-11-13,,2014,11,317,0,0.0
2014-11-14,1.0088872181649266e+16,2014,11,318,6,0.3558855050002023
2014-11-15,1.6403515299295188e+16,2014,11,319,15,0.8861630619617701
2014-11-16,,2014,11,320,0,0.0
2014-11-17,4423634520463597.0,2014,11,321,17,0.987618037406628
2014-11-18,,2014,11,322,0,0.0
2014-11-19,5950448423836837.0,2014,11,323,18,0.9999999999999988
2014-11-20,,2014,11,324,0,0.0
2014-11-21,,2014,11,325,0,0.0
2014-11-22,6993585345585963.0,2014,11,326,17,0.8994204708653557
2014-11-23,,2014,11,327,0,0.0
2014-11-24,,2014,11,328,0,0.0
2014-11-25,,2014,11,329,0,0.0
2014-11-26,4894446061586173.0,2014,11,330,18,0.9999999999999988
2014-11-27,,2014,11,331,0,0.0
2014-11-28,1.1014364672382438e+16,2014,11,332,18,0.9999999999999988
2014-11-29,2.707964626506326e+16,2014,11,333,18,0.9999999999999988
2014-11-30,5375452971420997.0,2014,11,334,11,0.7091859434071214
2014-12-01,1.3628488111949564e+16,2014,12,335,18,0.9999999999999988
2014-12-02,,2014,12,336,0,0.0
2014-12-03,1.0489439364769544e+16,2014,12,337,18,0.9999999999999988
2014-12-04,,2014,12,338,0,0.0
2014-12-05,1.0085474126264246e+16,2014,12,339,18,0.9999999999999988
2014-12-06,9396307450802910.0,2014,12,340,4,0.1864563687411067
2014-12-07,5389571907834775.0,2014,12,341,18,0.9999999999999988
2014-12-08,8705279638514253.0,2014,12,342,18,0.9999999999999988
2014-12-09,,2014,12,343,0,0.0
2014-12-10,,2014,12,344,0,0.0
2014-12-11,,2014,12,345,0,0.0
2014-12-12,3920488187584553.0,2014,12,346,2,0.1340441827527285
2014-12-13,,2014,12,347,0,0.0
2014-12-14,567873529446400.0,2014,12,348,1,0.0057630215546273
2014-12-15,,2014,12,349,0,0.0
2014-12-16,3072955147878400.0,2014,12,350,1,0.0057630215546273
2014-12-17,1.3448325915233376e+16,2014,12,351,16,0.9311834567660212
2014-12-18,,2014,12,352,0,0.0
2014-12-19,1.6350911932043292e+16,2014,12,353,18,0.9999999999999988
2014-12-20,,2014,12,354,0,0.0
2014-12-21,8070926698313464.0,2014,12,355,18,0.9999999999999988
2014-12-22,8200481453113344.0,2014,12,356,1,0.0691917165316868
2014-12-23,,2014,12,357,0,0.0
2014-12-24,,2014,12,358,0,0.0
2014-12-25,,2014,12,359,0,0.0
2014-12-26,3384361026756465.0,2014,12,360,15,0.7761134248748316
2014-12-27,,2014,12,361,0,0.0
2014-12-28,3323285027817056.0,2014,12,362,18,0.9999999999999988
2014-12-29,,2014,12,363,0,0.0
2014-12-30,7915516293518850.0,2014,12,364,18,0.9999999999999988
2014-12-31,1.6969864287598484e+16,2014,12,365,18,0.9999999999999988
2015-01-01,741084796965094.9,2015,1,1,10,0.5894541932130603
2015-01-02,5933544337314450.0,2015,1,2,18,0.9999999999999988
2015-01-03,,2015,1,3,0,0.0
2015-01-04,1494284131318709.8,2015,1,4,2,0.0616191243690643
2015-01-05,,2015,1,5,0,0.0
2015-01-06,,2015,1,6,0,0.0
2015-01-07,7546107945095754.0,2015,1,7,5,0.2081477245695012
2015-01-08,,2015,1,8,0,0.0
2015-01-09,2.0695249620801264e+16,2015,1,9,16,0.96325009381867
2015-01-10,,2015,1,10,0,0.0
2015-01-11,7505663288802267.0,2015,1,11,18,0.9999999999999988
2015-01-12,,2015,1,12,0,0.0
2015-01-13,6599149837634134.0,2015,1,13,18,0.9999999999999988
2015-01-14,,2015,1,14,0,0.0
2015-01-15,7432561879992227.0,2015,1,15,18,0.9999999999999988
2015-01-16,,2015,1,16,0,0.0
2015-01-17,4795129117652130.0,2015,1,17,10,0.5894541932130603
2015-01-18,5161174508656099.0,2015,1,18,18,0.9999999999999988
2015-01-19,,2015,1,19,0,0.0
2015-01-20,9508567786022640.0,2015,1,20,18,0.9999999999999988
2015-01-21,,2015,1,21,0,0.0
2015-01-22,3802198946676131.0,2015,1,22,18,0.9999999999999988
2015-01-23,4792989631988311.0,2015,1,23,5,0.2081477245695012
2015-01-24,3853349350844789.5,2015,1,24,13,0.6569875464676063
2015-01-25,,2015,1,25,0,0.0
2015-01-26,,2015,1,26,0,0.0
2015-01-27,1.2489576536263344e+16,2015,1,27,18,0.9999999999999988
2015-01-28,,2015,1,28,0,0.0
2015-01-29,3788406390380041.0,2015,1,29,18,0.9999999999999988
2015-01-30,,2015,1,30,0,0.0
2015-01-31,4813646701631545.0,2015,1,31,18,0.9999999999999988
2015-02-01,4812895266527255.0,2015,2,32,13,0.8039416753783721
2015-02-02,,2015,2,33,0,0.0
2015-02-03,,2015,2,34,0,0.0
2015-02-04,,2015,2,35,0,0.0
2015-02-05,7437238172653616.0,2015,2,36,18,0.9999999999999988
2015-02-06,,2015,2,37,0,0.0
2015-02-07,8215544858352125.0,2015,2,38,18,0.9999999999999988
2015-02-08,1873904249775822.0,2015,2,39,4,0.1864563687411067
2015-02-09,5107466040682495.0,2015,2,40,18,0.9999999999999988
2015-02-10,1.3085651569838626e+16,2015,2,41,18,0.9999999999999988
2015-02-11,,2015,2,42,0,0.0
2015-02-12,4654858792694816.0,2015,2,43,4,0.0933551233697217
2015-02-13,,2015,2,44,0,0.0
2015-02-14,,2015,2,45,0,0.0
2015-02-15,,2015,2,46,0,0.0
2015-02-16,1706240860836552.5,2015,2,47,8,0.5172478869098567
2015-02-17,,2015,2,48,0,0.0
2015-02-18,6902026483030813.0,2015,2,49,9,0.4699029074096264
2015-02-19,1.238778057810064e+16,2015,2,50,18,0.9999999999999988
2015-02-20,,2015,2,51,0,0.0
2015-02-21,9082552859424124.0,2015,2,52,18,0.9999999999999988
2015-02-22,,2015,2,53,0,0.0
2015-02-23,5046050774601621.0,2015,2,54,18,0.9999999999999988
2015-02-24,4706178848039449.0,2015,2,55,5,0.2081477245695012
2015-02-25,8559838796405008.0,2015,2,56,18,0.9999999999999988
2015-02-26,1.101448434421547e+16,2015,2,57,18,0.9999999999999988
2015-02-27,,2015,2,58,0,0.0
2015-02-28,6052458313616261.0,2015,2,59,18,0.9999999999999988
2015-03-01,,2015,3,60,0,0.0
2015-03-02,5836084283634260.0,2015,3,61,18,0.9999999999999988
2015-03-03,,2015,3,62,0,0.0
2015-03-04,5861058499157121.0,2015,3,63,18,0.9999999999999988
2015-03-05,6462271747935789.0,2015,3,64,18,0.9999999999999988
2015-03-06,5602426739710754.0,2015,3,65,11,0.6023835561007469
2015-03-07,8186808223866499.0,2015,3,66,17,0.953439425983869
2015-03-08,8827241500160086.0,2015,3,67,15,0.7726843710522711
2015-03-09,8277507005913906.0,2015,3,68,17,0.987618037406628
2015-03-10,,2015,3,69,0,0.0
2015-03-11,1407040939326534.5,2015,3,70,3,0.1491027331056629
2015-03-12,20028851461954.28,2015,3,71,16,0.8808741215927736
2015-03-13,,2015,3,72,0,0.0
2015-03-14,235376535486021.56,2015,3,73,9,0.6886486870984172
2015-03-15,,2015,3,74,0,0.0
2015-03-16,4990253934239363.0,2015,3,75,16,0.9774686812317922
2015-03-17,,2015,3,76,0,0.0
2015-03-18,1721202727004507.5,2015,3,77,12,0.5797914968550189
2015-03-19,,2015,3,78,0,0.0
2015-03-20,919795614493439.8,2015,3,79,2,0.0616191243690643
2015-03-21,,2015,3,80,0,0.0
2015-03-22,3686219221199371.0,2015,3,81,3,0.0787104982734041
2015-03-23,3246566557307405.0,2015,3,82,8,0.4666143903096813
2015-03-24,5554216840851599.0,2015,3,83,15,0.766939822174235
2015-03-25,9554369456779746.0,2015,3,84,17,0.8802682498253696
2015-03-26,,2015,3,85,0,0.0
2015-03-27,1895453225444201.2,2015,3,86,5,0.1037826142667475
2015-03-28,6269059093634537.0,2015,3,87,11,0.6782777687303344
2015-03-29,1300734669198432.8,2015,3,88,12,0.6716755798158901
2015-03-30,6700360958570800.0,2015,3,89,18,0.9999999999999988
2015-03-31,7580189827566195.0,2015,3,90,17,0.9962442398129088
2015-04-01,6052120454785459.0,2015,4,91,18,0.9999999999999988
2015-04-02,,2015,4,92,0,0.0
2015-04-03,3892472569984017.0,2015,4,93,16,0.9774686812317922
2015-04-04,,2015,4,94,0,0.0
2015-04-05,3162040549388057.0,2015,4,95,18,0.9999999999999988
2015-04-06,6982368538242137.0,2015,4,96,18,0.9999999999999988
2015-04-07,3013846518602790.0,2015,4,97,13,0.6129898489322397
2015-04-08,8727149193804414.0,2015,4,98,18,0.9999999999999988
2015-04-09,6750184548515017.0,2015,4,99,18,0.9999999999999988
2015-04-10,9092026366575714.0,2015,4,100,18,0.9999999999999988
2015-04-11,,2015,4,101,0,0.0
2015-04-12,1539304302268565.2,2015,4,102,3,0.1491027331056629
2015-04-13,5261856019389290.0,2015,4,103,15,0.930908107215662
2015-04-14,2521453656211152.5,2015,4,104,6,0.4351268074904832
2015-04-15,4065990610562114.5,2015,4,105,17,0.8994204708653557
2015-04-16,7087909873645106.0,2015,4,106,18,0.9999999999999988
2015-04-17,6186011248629533.0,2015,4,107,18,0.9999999999999988
2015-04-18,,2015,4,108,0,0.0
2015-04-19,2459623699336740.0,2015,4,109,18,0.9999999999999988
2015-04-20,,2015,4,110,0,0.0
2015-04-21,3108146184073620.0,2015,4,111,6,0.3283244201841088
2015-04-22,,2015,4,112,0,0.0
2015-04-23,1318896842295202.5,2015,4,113,9,0.4405786675940843
2015-04-24,5081029956792319.0,2015,4,114,18,0.9999999999999988
2015-04-25,4721849615699205.0,2015,4,115,18,0.9999999999999988
2015-04-26,3539047197542925.0,2015,4,116,18,0.9999999999999988
2015-04-27,,2015,4,117,0,0.0
2015-04-28,2637074673583193.5,2015,4,118,8,0.5172478869098567
2015-04-29,,2015,4,119,0,0.0
2015-04-30,,2015,4,120,0,0.0
2015-05-01,4378800934783279.0,2015,5,121,15,0.8172993914459823
2015-05-02,,2015,5,122,0,0.0
2015-05-03,3441001679762601.5,2015,5,123,17,0.9849414496470644
2015-05-04,2912187005796352.0,2015,5,124,1,0.012381962593371
2015-05-05,3844737525131255.0,2015,5,125,18,0.9999999999999988
2015-05-06,,2015,5,126,0,0.0
2015-05-07,2860786500518183.0,2015,5,127,14,0.8135436312588923
2015-05-08,4998889271283829.0,2015,5,128,18,0.9999999999999988
2015-05-09,1968615777795143.2,2015,5,129,11,0.7091859434071214
2015-05-10,4177407847925329.5,2015,5,130,17,0.9181736309164348
2015-05-11,7788124488233150.0,2015,5,131,18,0.9999999999999988
2015-05-12,4562196939931647.0,2015,5,132,2,0.0672763640220989
2015-05-13,,2015,5,133,0,0.0
2015-05-14,1707337172899254.0,2015,5,134,7,0.2440749488794829
2015-05-15,2319480203236173.5,2015,5,135,5,0.1844847048116418
2015-05-16,-130059051294756.56,2015,5,136,2,0.0225313187682068
2015-05-17,2578930195183840.0,2015,5,137,16,0.9354002237374636
2015-05-18,4127841593386864.0,2015,5,138,18,0.9999999999999988
2015-05-19,5536367806722508.0,2015,5,139,17,0.9849414496470644
2015-05-20,,2015,5,140,0,0.0
2015-05-21,3533370270082432.0,2015,5,141,16,0.9862306741725
2015-05-22,,2015,5,142,0,0.0
2015-05-23,,2015,5,143,0,0.0
2015-05-24,,2015,5,144,0,0.0
2015-05-25,2885849350792157.5,2015,5,145,10,0.6569681297379569
2015-05-26,4380576800964769.5,2015,5,146,18,0.9999999999999988
2015-05-27,3721454125002985.5,2015,5,147,7,0.3285444886607334
2015-05-28,-370366632676948.9,2015,5,148,6,0.2336267415571645
2015-05-29,,2015,5,149,0,0.0
2015-05-30,,2015,5,150,0,0.0
2015-05-31,,2015,5,151,0,0.0
2015-06-01,,2015,6,152,0,0.0
2015-06-02,6161404248187864.0,2015,6,153,13,0.8255859414132785
2015-06-03,9912935206428732.0,2015,6,154,11,0.672281451583294
2015-06-04,7473520438628234.0,2015,6,155,15,0.8508972668943361
2015-06-05,,2015,6,156,0,0.0
2015-06-06,,2015,6,157,0,0.0
2015-06-07,,2015,6,158,0,0.0
2015-06-08,3382920830009577.0,2015,6,159,18,0.9999999999999988
2015-06-09,6393741436084509.0,2015,6,160,18,0.9999999999999988
2015-06-10,2259655054816758.5,2015,6,161,11,0.5932099534001503
2015-06-11,6079369992596383.0,2015,6,162,18,0.9999999999999988
2015-06-12,3181370313283305.5,2015,6,163,18,0.9999999999999988
2015-06-13,6403658420256403.0,2015,6,164,11,0.7573340115687539
2015-06-14,,2015,6,165,0,0.0
2015-06-15,,2015,6,166,0,0.0
2015-06-16,4536600617721900.0,2015,6,167,16,0.8870385082719847
2015-06-17,,2015,6,168,0,0.0
2015-06-18,618588637495296.0,2015,6,169,1,0.0463845361880279
2015-06-19,2707176290618919.5,2015,6,170,5,0.1057370859630928
2015-06-20,1607693426711361.5,2015,6,171,6,0.40149559636204
2015-06-21,,2015,6,172,0,0.0
2015-06-22,4119923384136283.0,2015,6,173,18,0.9999999999999988
2015-06-23,,2015,6,174,0,0.0
2015-06-24,,2015,6,175,0,0.0
2015-06-25,,2015,6,176,0,0.0
2015-06-26,,2015,6,177,0,0.0
2015-06-27,1.1635865585151328e+16,2015,6,178,11,0.7752696072100584
2015-06-28,734312253552385.1,2015,6,179,2,0.0821210794193735
2015-06-29,,2015,6,180,0,0.0
2015-06-30,,2015,6,181,0,0.0
2015-07-01,,2015,7,182,0,0.0
2015-07-02,1738170996516050.8,2015,7,183,2,0.0066029844944396
2015-07-03,,2015,7,184,0,0.0
2015-07-04,3714010319897966.5,2015,7,185,3,0.1491027331056629
2015-07-05,662155261319711.5,2015,7,186,5,0.3534435278294892
2015-07-06,5876289920492255.0,2015,7,187,11,0.6592936172225191
2015-07-07,,2015,7,188,0,0.0
2015-07-08,2835225078291930.0,2015,7,189,12,0.6684671008955333
2015-07-09,,2015,7,190,0,0.0
2015-07-10,,2015,7,191,0,0.0
2015-07-11,3244520413731693.0,2015,7,192,18,0.9999999999999988
2015-07-12,,2015,7,193,0,0.0
2015-07-13,1.0133332840365714e+16,2015,7,194,18,0.9999999999999988
2015-07-14,6061447729831498.0,2015,7,195,18,0.9999999999999988
2015-07-15,7614790859970920.0,2015,7,196,17,0.9181736309164348
2015-07-16,,2015,7,197,0,0.0
2015-07-17,975762479906816.0,2015,7,198,2,0.0672763640220989
2015-07-18,4847354279235208.0,2015,7,199,5,0.0971108835568117
2015-07-19,2577111105667072.0,2015,7,200,6,0.5247012385954797
2015-07-20,5908394105064765.0,2015,7,201,13,0.7209127415915834
2015-07-21,3706365048164189.0,2015,7,202,7,0.2588655379649751
2015-07-22,3083701303109437.5,2015,7,203,16,0.8110765332742511
2015-07-23,,2015,7,204,0,0.0
2015-07-24,4252818201428297.0,2015,7,205,17,0.8994204708653557
2015-07-25,,2015,7,206,0,0.0
2015-07-26,2716868115822989.5,2015,7,207,18,0.9999999999999988
2015-07-27,,2015,7,208,0,0.0
2015-07-28,2313202648297784.0,2015,7,209,12,0.6061393162878369
2015-07-29,5178327093388402.0,2015,7,210,18,0.9999999999999988
2015-07-30,4136023690668865.5,2015,7,211,18,0.9999999999999988
2015-07-31,4762102473723668.0,2015,7,212,18,0.9999999999999988
2015-08-01,,2015,8,213,0,0.0
2015-08-02,2258743779646434.0,2015,8,214,18,0.9999999999999988
2015-08-03,5408766022943611.0,2015,8,215,17,0.9849414496470644
2015-08-04,1110786199437226.0,2015,8,216,5,0.1397396595577497
2015-08-05,3611510213229601.5,2015,8,217,18,0.9999999999999988
2015-08-06,5509503557216052.0,2015,8,218,17,0.9962442398129088
2015-08-07,4420137122283800.0,2015,8,219,15,0.764691997086223
2015-08-08,,2015,8,220,0,0.0
2015-08-09,3017542774712515.5,2015,8,221,18,0.9999999999999988
2015-08-10,,2015,8,222,0,0.0
2015-08-11,-387415713194050.7,2015,8,223,6,0.3558855050002023
2015-08-12,1066384344110233.6,2015,8,224,7,0.4544577727673082
2015-08-13,,2015,8,225,0,0.0
2015-08-14,7249519077997701.0,2015,8,226,18,0.9999999999999988
2015-08-15,4941377988186908.0,2015,8,227,18,0.9999999999999988
2015-08-16,3306483734832699.5,2015,8,228,15,0.8535738546538995
2015-08-17,,2015,8,229,0,0.0
2015-08-18,402800420847616.0,2015,8,230,1,0.0150585503529344
2015-08-19,5124864438335581.0,2015,8,231,15,0.92621256034141
2015-08-20,989459407586107.0,2015,8,232,2,0.0066029844944396
2015-08-21,5077264906784407.0,2015,8,233,7,0.3753303899733452
2015-08-22,4468671594960203.0,2015,8,234,9,0.424977397784539
2015-08-23,3819297200638579.0,2015,8,235,18,0.9999999999999988
2015-08-24,,2015,8,236,0,0.0
2015-08-25,3329457201111081.0,2015,8,237,2,0.1340441827527285
2015-08-26,,2015,8,238,0,0.0
2015-08-27,,2015,8,239,0,0.0
2015-08-28,,2015,8,240,0,0.0
2015-08-29,1004686390166294.8,2015,8,241,6,0.3558855050002023
2015-08-30,2046084728884945.2,2015,8,242,5,0.1879538590381332
2015-08-31,1627827244380920.0,2015,8,243,2,0.0279879132406211
2015-09-01,4395934816418799.0,2015,9,244,9,0.3786847850358513
2015-09-02,,2015,9,245,0,0.0
2015-09-03,3099659274637633.0,2015,9,246,4,0.0933551233697217
2015-09-04,4166730294750855.0,2015,9,247,12,0.7856120294381482
2015-09-05,,2015,9,248,0,0.0
2015-09-06,3798237059884937.0,2015,9,249,18,0.9999999999999988
2015-09-07,4422303548667320.0,2015,9,250,18,0.9999999999999988
2015-09-08,9537082770623316.0,2015,9,251,17,0.987618037406628
2015-09-09,,2015,9,252,0,0.0
2015-09-10,3399532003566698.5,2015,9,253,4,0.0898076827903057
2015-09-11,,2015,9,254,0,0.0
2015-09-12,,2015,9,255,0,0.0
2015-09-13,,2015,9,256,0,0.0
2015-09-14,,2015,9,257,0,0.0
2015-09-15,1.1791272987355502e+16,2015,9,258,11,0.7752696072100584
2015-09-16,,2015,9,259,0,0.0
2015-09-17,,2015,9,260,0,0.0
2015-09-18,,2015,9,261,0,0.0
2015-09-19,3186742285420866.0,2015,9,262,18,0.9999999999999988
2015-09-20,3983277872435187.0,2015,9,263,12,0.6808491825164867
2015-09-21,1174443949397179.8,2015,9,264,2,0.0066029844944396
2015-09-22,5468759914263484.0,2015,9,265,18,0.9999999999999988
2015-09-23,4980740011063893.0,2015,9,266,18,0.9999999999999988
2015-09-24,2773159194798332.0,2015,9,267,14,0.8043366928782061
2015-09-25,,2015,9,268,0,0.0
2015-09-26,,2015,9,269,0,0.0
2015-09-27,,2015,9,270,0,0.0
2015-09-28,,2015,9,271,0,0.0
2015-09-29,,2015,9,272,0,0.0
2015-09-30,,2015,9,273,0,0.0
2015-10-01,1114167666802688.0,2015,10,274,1,0.0150585503529344
2015-10-02,5590654574031813.0,2015,10,275,18,0.9999999999999988
2015-10-03,1.046930538038949e+16,2015,10,276,18,0.9999999999999988
2015-10-04,,2015,10,277,0,0.0
2015-10-05,4783394932558819.0,2015,10,278,18,0.9999999999999988
2015-10-06,6588725622881772.0,2015,10,279,15,0.9717056596771648
2015-10-07,6426761760115330.0,2015,10,280,18,0.9999999999999988
2015-10-08,7845694883620309.0,2015,10,281,18,0.9999999999999988
2015-10-09,,2015,10,282,0,0.0
2015-10-10,4185123977896440.0,2015,10,283,18,0.9999999999999988
2015-10-11,,2015,10,284,0,0.0
2015-10-12,2861505234574936.0,2015,10,285,17,0.9870706371123122
2015-10-13,,2015,10,286,0,0.0
2015-10-14,,2015,10,287,0,0.0
2015-10-15,8013658796523266.0,2015,10,288,17,0.9849414496470644
2015-10-16,1105193948210323.2,2015,10,289,6,0.3558855050002023
2015-10-17,,2015,10,290,0,0.0
2015-10-18,,2015,10,291,0,0.0
2015-10-19,3568747918917632.0,2015,10,292,1,0.00375576018709
2015-10-20,,2015,10,293,0,0.0
2015-10-21,1035221226749677.2,2015,10,294,3,0.1260266451501277
2015-10-22,,2015,10,295,0,0.0
2015-10-23,,2015,10,296,0,0.0
2015-10-24,9520701040318344.0,2015,10,297,8,0.6614220091077716
2015-10-25,,2015,10,298,0,0.0
2015-10-26,,2015,10,299,0,0.0
2015-10-27,,2015,10,300,0,0.0
2015-10-28,1414162810929152.0,2015,10,301,1,0.0008399629398123
2015-10-29,,2015,10,302,0,0.0
2015-10-30,,2015,10,303,0,0.0
2015-10-31,,2015,10,304,0,0.0
2015-11-01,,2015,11,305,0,0.0
2015-11-02,4935966043042934.0,2015,11,306,10,0.5511130733757619
2015-11-03,,2015,11,307,0,0.0
2015-11-04,5119178367727463.0,2015,11,308,18,0.9999999999999988
2015-11-05,,2015,11,309,0,0.0
2015-11-06,5559646140318328.0,2015,11,310,17,0.987618037406628
2015-11-07,2835023930811075.5,2015,11,311,3,0.17352700585342
2015-11-08,,2015,11,312,0,0.0
2015-11-09,8098116126176418.0,2015,11,313,18,0.9999999999999988
2015-11-10,,2015,11,314,0,0.0
2015-11-11,8526054589838499.0,2015,11,315,18,0.9999999999999988
2015-11-12,,2015,11,316,0,0.0
2015-11-13,,2015,11,317,0,0.0
2015-11-14,,2015,11,318,0,0.0
2015-11-15,,2015,11,319,0,0.0
2015-11-16,6022666304092058.0,2015,11,320,18,0.9999999999999988
2015-11-17,551064664916490.9,2015,11,321,2,0.0672763640220989
2015-11-18,1.0770552078340168e+16,2015,11,322,10,0.5395618670284581
2015-11-19,,2015,11,323,0,0.0
2015-11-20,9512996447622468.0,2015,11,324,18,0.9999999999999988
2015-11-21,,2015,11,325,0,0.0
2015-11-22,1430745571066945.2,2015,11,326,3,0.0282943403228341
2015-11-23,3808624943581301.0,2015,11,327,4,0.1864563687411067
2015-11-24,2775259233397020.5,2015,11,328,6,0.177397073428497
2015-11-25,1.9669985828633676e+16,2015,11,329,18,0.9999999999999988
2015-11-26,,2015,11,330,0,0.0
2015-11-27,,2015,11,331,0,0.0
2015-11-28,,2015,11,332,0,0.0
2015-11-29,3261623260640320.0,2015,11,333,18,0.9999999999999988
2015-11-30,,2015,11,334,0,0.0
2015-12-01,8696733909611666.0,2015,12,335,18,0.9999999999999988
2015-12-02,,2015,12,336,0,0.0
2015-12-03,,2015,12,337,0,0.0
2015-12-04,1.4909522618982882e+16,2015,12,338,17,0.9962442398129088
2015-12-05,,2015,12,339,0,0.0
2015-12-06,8670996564831854.0,2015,12,340,18,0.9999999999999988
2015-12-07,,2015,12,341,0,0.0
2015-12-08,,2015,12,342,0,0.0
2015-12-09,1956910043496448.0,2015,12,343,1,0.00375576018709
2015-12-10,1.1563926414387062e+16,2015,12,344,18,0.9999999999999988
2015-12-11,1.7502249030546018e+16,2015,12,345,18,0.9999999999999988
2015-12-12,,2015,12,346,0,0.0
2015-12-13,,2015,12,347,0,0.0
2015-12-14,,2015,12,348,0,0.0
2015-12-15,5427273060786585.0,2015,12,349,18,0.9999999999999988
2015-12-16,,2015,12,350,0,0.0
2015-12-17,6343971995858064.0,2015,12,351,18,0.9999999999999988
2015-12-18,2.6020486500029656e+16,2015,12,352,8,0.5789358085313164
2015-12-19,8698366302387600.0,2015,12,353,10,0.5894541932130603
2015-12-20,1.2663171795671214e+16,2015,12,354,18,0.9999999999999988
2015-12-21,,2015,12,355,0,0.0
2015-12-22,539592452176273.1,2015,12,356,2,0.0188143105400244
2015-12-23,,2015,12,357,0,0.0
2015-12-24,7734200246071483.0,2015,12,358,18,0.9999999999999988
2015-12-25,4437944030669625.5,2015,12,359,4,0.1864563687411067
2015-12-26,4397681919706061.0,2015,12,360,18,0.9999999999999988
2015-12-27,4371724523379433.5,2015,12,361,18,0.9999999999999988
2015-12-28,,2015,12,362,0,0.0
2015-12-29,8613668264338258.0,2015,12,363,18,0.9999999999999988
2015-12-30,,2015,12,364,0,0.0
2015-12-31,7266093879266125.0,2015,12,365,16,0.8956647106782658
2016-01-01,,2016,1,1,0,0.0
2016-01-02,4739134548569184.0,2016,1,2,14,0.8464777692473493
2016-01-03,,2016,1,3,0,0.0
2016-01-04,,2016,1,4,0,0.0
2016-01-05,9005938871047131.0,2016,1,5,18,0.9999999999999988
2016-01-06,,2016,1,6,0,0.0
2016-01-07,6440618443065594.0,2016,1,7,18,0.9999999999999988
2016-01-08,,2016,1,8,0,0.0
2016-01-09,7814839963291355.0,2016,1,9,18,0.9999999999999988
2016-01-10,-506265555386640.3,2016,1,10,4,0.1952183616818145
2016-01-11,7329884521513400.0,2016,1,11,18,0.9999999999999988
2016-01-12,,2016,1,12,0,0.0
2016-01-13,,2016,1,13,0,0.0
2016-01-14,2414052278467017.0,2016,1,14,16,0.9327236359779
2016-01-15,,2016,1,15,0,0.0
2016-01-16,,2016,1,16,0,0.0
2016-01-17,,2016,1,17,0,0.0
2016-01-18,8651827937428026.0,2016,1,18,18,0.9999999999999988
2016-01-19,5228406078491614.0,2016,1,19,8,0.2742449911290632
2016-01-20,9600080241101356.0,2016,1,20,3,0.1172083407895429
2016-01-21,1.4988656522684954e+16,2016,1,21,18,0.9999999999999988
2016-01-22,,2016,1,22,0,0.0
2016-01-23,1.1198425614953054e+16,2016,1,23,18,0.9999999999999988
2016-01-24,,2016,1,24,0,0.0
2016-01-25,1.1145007077761186e+16,2016,1,25,18,0.9999999999999988
2016-01-26,1505869596675631.5,2016,1,26,2,0.0166851230747767
2016-01-27,3446243249748894.5,2016,1,27,18,0.9999999999999988
2016-01-28,1.081574697721817e+16,2016,1,28,18,0.9999999999999988
2016-01-29,,2016,1,29,0,0.0
2016-01-30,,2016,1,30,0,0.0
2016-01-31,,2016,1,31,0,0.0
2016-02-01,4954998386635258.0,2016,2,32,18,0.9999999999999988
2016-02-02,,2016,2,33,0,0.0
2016-02-03,7713498378246475.0,2016,2,34,18,0.9999999999999988
2016-02-04,,2016,2,35,0,0.0
2016-02-05,7727068239974307.0,2016,2,36,12,0.7910123124906855
2016-02-06,7481761650561214.0,2016,2,37,18,0.9999999999999988
2016-02-07,,2016,2,38,0,0.0
2016-02-08,8737257173476006.0,2016,2,39,18,0.9999999999999988
2016-02-09,,2016,2,40,0,0.0
2016-02-10,2243265074011578.0,2016,2,41,4,0.0232881075692163
2016-02-11,8094874226689683.0,2016,2,42,3,0.0858768396064635
2016-02-12,6954824417227796.0,2016,2,43,18,0.9999999999999988
2016-02-13,9691951543384778.0,2016,2,44,18,0.9999999999999988
2016-02-14,,2016,2,45,0,0.0
2016-02-15,9751327804676462.0,2016,2,46,18,0.9999999999999988
2016-02-16,,2016,2,47,0,0.0
2016-02-17,3509610065546933.5,2016,2,48,18,0.9999999999999988
2016-02-18,,2016,2,49,0,0.0
2016-02-19,9265188176190828.0,2016,2,50,18,0.9999999999999988
2016-02-20,1.2661421067128212e+16,2016,2,51,18,0.9999999999999988
2016-02-21,4758184484975816.0,2016,2,52,11,0.7091859434071214
2016-02-22,1.1045491567715706e+16,2016,2,53,18,0.9999999999999988
2016-02-23,,2016,2,54,0,0.0
2016-02-24,9493009013410102.0,2016,2,55,18,0.9999999999999988
2016-02-25,,2016,2,56,0,0.0
2016-02-26,3069795542504969.0,2016,2,57,9,0.3017717555510993
2016-02-27,,2016,2,58,0,0.0
2016-02-28,,2016,2,59,0,0.0
2016-02-29,1.9768333092470344e+16,2016,2,60,16,0.9354002237374636
2016-03-01,,2016,3,61,0,0.0
2016-03-02,,2016,3,62,0,0.0
2016-03-03,,2016,3,63,0,0.0
2016-03-04,1948664140537967.5,2016,3,64,2,0.0045957231269023
2016-03-05,,2016,3,65,0,0.0
2016-03-06,3279950060476505.0,2016,3,66,16,0.9052442680287482
2016-03-07,,2016,3,67,0,0.0
2016-03-08,3755170043537003.0,2016,3,68,8,0.5221778291909615
2016-03-09,2113450855853078.5,2016,3,69,6,0.2089876875093135
2016-03-10,4773930146719479.0,2016,3,70,14,0.8043366928782061
2016-03-11,3878824649454337.0,2016,3,71,18,0.9999999999999988
2016-03-12,,2016,3,72,0,0.0
2016-03-13,4357234968663699.0,2016,3,73,18,0.9999999999999988
2016-03-14,1.1044636625624874e+16,2016,3,74,18,0.9999999999999988
2016-03-15,5646710996286249.0,2016,3,75,18,0.9999999999999988
2016-03-16,1.873621860841988e+16,2016,3,76,13,0.6846049427035767
2016-03-17,8516592326892346.0,2016,3,77,16,0.9811856894599744
2016-03-18,6196823307020426.0,2016,3,78,12,0.8478783778488782
2016-03-19,,2016,3,79,0,0.0
2016-03-20,1605409286288356.5,2016,3,80,2,0.0166851230747767
2016-03-21,,2016,3,81,0,0.0
2016-03-22,1669006553062275.5,2016,3,82,2,0.0672763640220989
2016-03-23,20705067257208.45,2016,3,83,9,0.4543510653342365
2016-03-24,676564810895800.5,2016,3,84,4,0.0839614870968756
2016-03-25,2339264725032354.5,2016,3,85,18,0.9999999999999988
2016-03-26,1529166667401179.8,2016,3,86,16,0.8808741215927736
2016-03-27,3556469432435548.0,2016,3,87,18,0.9999999999999988
2016-03-28,,2016,3,88,0,0.0
2016-03-29,3405793633221231.0,2016,3,89,18,0.9999999999999988
2016-03-30,8380511449678482.0,2016,3,90,18,0.9999999999999988
2016-03-31,5763810655567646.0,2016,3,91,18,0.9999999999999988
2016-04-01,4390148210674213.5,2016,4,92,18,0.9999999999999988
2016-04-02,6482783203887571.0,2016,4,93,18,0.9999999999999988
2016-04-03,5390205481488183.0,2016,4,94,17,0.9536154638119712
2016-04-04,,2016,4,95,0,0.0
2016-04-05,5238126779209491.0,2016,4,96,18,0.9999999999999988
2016-04-06,,2016,4,97,0,0.0
2016-04-07,5537085097589925.0,2016,4,98,18,0.9999999999999988
2016-04-08,,2016,4,99,0,0.0
2016-04-09,2374705757117673.5,2016,4,100,5,0.0897245086515029
2016-04-10,4989105929488681.0,2016,4,101,18,0.9999999999999988
2016-04-11,6002568354401383.0,2016,4,102,18,0.9999999999999988
2016-04-12,6451441018788054.0,2016,4,103,18,0.9999999999999988
2016-04-13,,2016,4,104,0,0.0
2016-04-14,5491819672557759.0,2016,4,105,17,0.987618037406628
2016-04-15,8144303442987779.0,2016,4,106,17,0.987618037406628
2016-04-16,1761575836198568.2,2016,4,107,2,0.0947557319712507
2016-04-17,3130634894225296.0,2016,4,108,4,0.0810456898495979
2016-04-18,6616330626543105.0,2016,4,109,11,0.6784469036296836
2016-04-19,3167965157191297.0,2016,4,110,6,0.1861112775334841
2016-04-20,,2016,4,111,0,0.0
2016-04-21,6111620984679377.0,2016,4,112,14,0.8047816383181844
2016-04-22,,2016,4,113,0,0.0
2016-04-23,,2016,4,114,0,0.0
2016-04-24,3593575957618882.5,2016,4,115,18,0.9999999999999988
2016-04-25,4418186101439729.0,2016,4,116,9,0.438571406226547
2016-04-26,2465955472982661.5,2016,4,117,9,0.4705874891463767
2016-04-27,7544620014274915.0,2016,4,118,18,0.9999999999999988
2016-04-28,8284680268769906.0,2016,4,119,18,0.9999999999999988
2016-04-29,,2016,4,120,0,0.0
2016-04-30,,2016,4,121,0,0.0
2016-05-01,5994427129925334.0,2016,5,122,18,0.9999999999999988
2016-05-02,5131536969868522.0,2016,5,123,18,0.9999999999999988
2016-05-03,5507079329738429.0,2016,5,124,17,0.930808283468312
2016-05-04,5228248856979808.0,2016,5,125,14,0.7922622227342266
2016-05-05,4583664749123631.0,2016,5,126,18,0.9999999999999988
2016-05-06,,2016,5,127,0,0.0
2016-05-07,3466615932119656.0,2016,5,128,18,0.9999999999999988
2016-05-08,,2016,5,129,0,0.0
2016-05-09,1138967212341964.0,2016,5,130,6,0.2793473526334821
2016-05-10,,2016,5,131,0,0.0
2016-05-11,,2016,5,132,0,0.0
2016-05-12,6828458869213830.0,2016,5,133,16,0.9746886745189411
2016-05-13,3825951834585749.5,2016,5,134,18,0.9999999999999988
2016-05-14,5315537456859184.0,2016,5,135,14,0.8064658803434538
2016-05-15,,2016,5,136,0,0.0
2016-05-16,808947963396096.0,2016,5,137,1,0.0463845361880279
2016-05-17,2578480585199693.5,2016,5,138,8,0.4034665063273397
2016-05-18,,2016,5,139,0,0.0
2016-05-19,4312394275789681.5,2016,5,140,18,0.9999999999999988
2016-05-20,9916970489379806.0,2016,5,141,16,0.9383808756309346
2016-05-21,3987912114024153.5,2016,5,142,17,0.987618037406628
2016-05-22,,2016,5,143,0,0.0
2016-05-23,4999664816938081.0,2016,5,144,12,0.6473054333799153
2016-05-24,,2016,5,145,0,0.0
2016-05-25,3569470245495710.0,2016,5,146,18,0.9999999999999988
2016-05-26,4278074072346422.5,2016,5,147,9,0.6738039717011426
2016-05-27,3518695626995081.5,2016,5,148,7,0.4026265433875274
2016-05-28,6244198668913740.0,2016,5,149,16,0.9440264261437444
2016-05-29,,2016,5,150,0,0.0
2016-06-10,,2016,6,162,0,0.0
2016-06-13,,2016,6,165,0,0.0
2016-06-14,3719804100118477.5,2016,6,166,12,0.6603472274467457
2016-06-15,2029935223864950.8,2016,6,167,8,0.3741030846047328
2016-06-16,,2016,6,168,0,0.0
2016-06-17,2550124572561827.5,2016,6,169,18,0.9999999999999988
2016-06-18,3104178039809757.0,2016,6,170,14,0.8379679040066494
2016-06-19,1539134335863677.0,2016,6,171,6,0.2128040357006059
2016-06-20,,2016,6,172,0,0.0
2016-06-21,2607345425039692.5,2016,6,173,12,0.7876515698034294
2016-06-22,5208012044213619.0,2016,6,174,18,0.9999999999999988
2016-06-23,,2016,6,175,0,0.0
2016-06-24,,2016,6,176,0,0.0
2016-06-25,,2016,6,177,0,0.0
2016-06-26,,2016,6,178,0,0.0
2016-06-27,3069086983758108.0,2016,6,179,18,0.9999999999999988
2016-06-28,2254065071589693.0,2016,6,180,11,0.5428503841284031
2016-06-29,4634750992387836.0,2016,6,181,18,0.9999999999999988
2016-06-30,4287196726080451.0,2016,6,182,15,0.8890156875494354
2016-07-01,3319821062927012.0,2016,7,183,8,0.5329588825340185
2016-07-02,,2016,7,184,0,0.0
2016-07-03,1163409072560306.5,2016,7,185,9,0.4938348347793621
2016-07-04,6206687984004929.0,2016,7,186,16,0.949683665796779
2016-07-05,1128401054203904.0,2016,7,187,2,0.0947557319712507
2016-07-06,3869726238873191.0,2016,7,188,18,0.9999999999999988
2016-07-07,3515307830727565.0,2016,7,189,15,0.807320773087161
2016-07-08,6461118305331066.0,2016,7,190,18,0.9999999999999988
2016-07-09,,2016,7,191,0,0.0
2016-07-10,3267554298696115.0,2016,7,192,6,0.3114786769402616
2016-07-11,,2016,7,193,0,0.0
2016-07-12,1131508060389376.0,2016,7,194,3,0.1469735456404152
2016-07-13,,2016,7,195,0,0.0
2016-07-14,,2016,7,196,0,0.0
2016-07-15,5050902318386176.0,2016,7,197,18,0.9999999999999988
2016-07-16,3057459845672719.0,2016,7,198,17,0.9536154638119712
2016-07-17,2818528873014657.5,2016,7,199,16,0.7984418807418057
2016-07-18,,2016,7,200,0,0.0
2016-07-19,2309842433654109.5,2016,7,201,9,0.4789963529030523
2016-07-20,2698725507611972.0,2016,7,202,9,0.3765555975706036
2016-07-21,,2016,7,203,0,0.0
2016-07-22,3339540209566690.5,2016,7,204,15,0.746224067072641
2016-07-23,1831679417259290.0,2016,7,205,15,0.9783384651526248
2016-07-24,3686933454065653.0,2016,7,206,18,0.9999999999999988
2016-07-25,,2016,7,207,0,0.0
2016-07-26,2674880967668523.0,2016,7,208,15,0.8714943843925975
2016-07-27,,2016,7,209,0,0.0
2016-07-28,1687727531622400.0,2016,7,210,3,0.1469735456404152
2016-07-29,4245942181706766.5,2016,7,211,18,0.9999999999999988
2016-07-30,1649800920075757.5,2016,7,212,6,0.2400899793838583
2016-07-31,1343785613831654.0,2016,7,213,3,0.0622830494807746
2016-08-01,7846842796121283.0,2016,8,214,16,0.941057463390498
2016-08-02,3922341336881522.5,2016,8,215,12,0.5675497802690791
2016-08-03,,2016,8,216,0,0.0
2016-08-04,3088667743610136.0,2016,8,217,18,0.9999999999999988
2016-08-05,,2016,8,218,0,0.0
2016-08-06,,2016,8,219,0,0.0
2016-08-07,1959676296337715.5,2016,8,220,3,0.021661534847374
2016-08-08,,2016,8,221,0,0.0
2016-08-09,8053485273802610.0,2016,8,222,17,0.987618037406628
2016-08-10,,2016,8,223,0,0.0
2016-08-11,2639902466110181.5,2016,8,224,14,0.8047816383181844
2016-08-12,,2016,8,225,0,0.0
2016-08-13,2115460686576792.8,2016,8,226,18,0.9999999999999988
2016-08-14,,2016,8,227,0,0.0
2016-08-15,2512419603598252.5,2016,8,228,5,0.1901558175083197
2016-08-16,,2016,8,229,0,0.0
2016-08-17,8602739547119395.0,2016,8,230,11,0.7565727585788562
2016-08-18,2050858292346880.0,2016,8,231,1,0.0129293628876867
2016-08-19,,2016,8,232,0,0.0
2016-08-20,4490661782226096.0,2016,8,233,2,0.0066029844944396
2016-08-21,-165889246956149.88,2016,8,234,8,0.5558416100274949
2016-08-22,,2016,8,235,0,0.0
2016-08-23,8058255324908741.0,2016,8,236,9,0.5061651652206368
2016-08-24,8595000735874435.0,2016,8,237,11,0.7418144339097171
2016-08-25,6699872891610407.0,2016,8,238,18,0.9999999999999988
2016-08-26,,2016,8,239,0,0.0
2016-08-27,2806189504327707.0,2016,8,240,16,0.9178789205806256
2016-08-28,,2016,8,241,0,0.0
2016-08-29,2029592225547588.8,2016,8,242,12,0.5443712374592066
2016-08-30,4803149654960457.0,2016,8,243,18,0.9999999999999988
2016-08-31,2354898016664987.5,2016,8,244,11,0.5428503841284031
2016-09-01,1534824711628614.8,2016,9,245,9,0.7408570204498376
2016-09-02,2312505875306723.5,2016,9,246,5,0.0899134646918984
2016-09-03,,2016,9,247,0,0.0
2016-09-04,,2016,9,248,0,0.0
2016-09-05,,2016,9,249,0,0.0
2016-09-06,3260677811428997.5,2016,9,250,13,0.8342121438195594
2016-09-07,2107335738561442.5,2016,9,251,12,0.6473054333799153
2016-09-08,3688974337844361.5,2016,9,252,18,0.9999999999999988
2016-09-09,7400249206796248.0,2016,9,253,17,0.9849414496470644
2016-09-10,6868764546706162.0,2016,9,254,18,0.9999999999999988
2016-09-11,,2016,9,255,0,0.0
2016-09-12,1642189394786159.0,2016,9,256,5,0.0971108835568117
2016-09-13,,2016,9,257,0,0.0
2016-09-14,2778786368726774.5,2016,9,258,18,0.9999999999999988
2016-09-15,,2016,9,259,0,0.0
2016-09-16,,2016,9,260,0,0.0
2016-09-17,2000243620501130.8,2016,9,261,13,0.6270703362107649
2016-09-18,2572601995665972.5,2016,9,262,11,0.5337998966329284
2016-09-19,1332133417053701.0,2016,9,263,16,0.8659558172472706
2016-09-20,,2016,9,264,0,0.0
2016-09-21,,2016,9,265,0,0.0
2016-09-22,5331784919644915.0,2016,9,266,6,0.313485938307799
2016-09-23,,2016,9,267,0,0.0
2016-09-24,2977408266082637.5,2016,9,268,12,0.5443712374592066
2016-09-25,,2016,9,269,0,0.0
2016-09-26,,2016,9,270,0,0.0
2016-09-27,,2016,9,271,0,0.0
2016-09-28,,2016,9,272,0,0.0
2016-09-29,,2016,9,273,0,0.0
2016-09-30,-287798145438887.2,2016,9,274,4,0.0933551233697217
2016-10-01,9702618340943586.0,2016,10,275,17,0.9870706371123122
2016-10-02,,2016,10,276,0,0.0
2016-10-03,1.0811399993320086e+16,2016,10,277,17,0.9870706371123122
2016-10-04,5986612433019811.0,2016,10,278,15,0.8530264543595838
2016-10-05,4952553934195461.0,2016,10,279,15,0.920341673384529
2016-10-06,,2016,10,280,0,0.0
2016-10-07,3808121381317743.0,2016,10,281,18,0.9999999999999988
2016-10-08,4273881167162986.5,2016,10,282,3,0.0858768396064635
2016-10-09,,2016,10,283,0,0.0
2016-10-10,5664782279245194.0,2016,10,284,17,0.9849414496470644
2016-10-11,,2016,10,285,0,0.0
2016-10-12,8453229463923306.0,2016,10,286,14,0.8043366928782061
2016-10-13,,2016,10,287,0,0.0
2016-10-14,3909136323719833.0,2016,10,288,18,0.9999999999999988
2016-10-15,,2016,10,289,0,0.0
2016-10-16,2618850737060009.0,2016,10,290,16,0.9052442680287482
2016-10-17,,2016,10,291,0,0.0
2016-10-18,,2016,10,292,0,0.0
2016-10-19,9991323463480736.0,2016,10,293,18,0.9999999999999988
2016-10-20,,2016,10,294,0,0.0
2016-10-21,,2016,10,295,0,0.0
2016-10-22,,2016,10,296,0,0.0
2016-10-23,2494613910772929.0,2016,10,297,4,0.1620320959933496
2016-10-24,-720558415425717.4,2016,10,298,4,0.1864563687411067
2016-10-25,2778370928432086.0,2016,10,299,16,0.9327236359779
2016-10-26,7444912230186141.0,2016,10,300,18,0.9999999999999988
2016-10-27,,2016,10,301,0,0.0
2016-10-28,5077233967981842.0,2016,10,302,4,0.1507293058275052
2016-10-29,,2016,10,303,0,0.0
2016-10-30,2280856182512117.0,2016,10,304,8,0.3389009367772429
2016-10-31,,2016,10,305,0,0.0
2016-11-01,3070883837990566.5,2016,11,306,14,0.7067412439525177
2016-11-02,6943223015496741.0,2016,11,307,18,0.9999999999999988
2016-11-03,,2016,11,308,0,0.0
2016-11-04,479749373119775.06,2016,11,309,13,0.9157320858209104
2016-11-05,,2016,11,310,0,0.0
2016-11-06,3621019285262560.0,2016,11,311,13,0.6641029876338357
2016-11-07,,2016,11,312,0,0.0
2016-11-08,,2016,11,313,0,0.0
2016-11-09,,2016,11,314,0,0.0
2016-11-10,,2016,11,315,0,0.0
2016-11-11,,2016,11,316,0,0.0
2016-11-12,,2016,11,317,0,0.0
2016-11-13,1191110395297792.0,2016,11,318,1,0.0150585503529344
2016-11-14,,2016,11,319,0,0.0
2016-11-15,,2016,11,320,0,0.0
2016-11-16,,2016,11,321,0,0.0
2016-11-17,,2016,11,322,0,0.0
2016-11-18,,2016,11,323,0,0.0
2016-11-19,,2016,11,324,0,0.0
2016-11-20,2599045425297170.0,2016,11,325,15,0.8769583817293194
2016-11-21,,2016,11,326,0,0.0
2016-11-22,9832293473865482.0,2016,11,327,18,0.9999999999999988
2016-11-23,,2016,11,328,0,0.0
2016-11-24,6762318311950272.0,2016,11,329,18,0.9999999999999988
2016-11-25,3461738113055595.0,2016,11,330,4,0.1864563687411067
2016-11-26,6920808055447107.0,2016,11,331,18,0.9999999999999988
2016-11-27,8869823176174994.0,2016,11,332,18,0.9999999999999988
2016-11-28,,2016,11,333,0,0.0
2016-11-29,7030003099103231.0,2016,11,334,18,0.9999999999999988
2016-11-30,,2016,11,335,0,0.0
2016-12-01,4358097797634289.5,2016,12,336,18,0.9999999999999988
2016-12-02,,2016,12,337,0,0.0
2016-12-03,2851562290564118.0,2016,12,338,18,0.9999999999999988
2016-12-04,2751611554109810.0,2016,12,339,15,0.973712921044702
2016-12-05,,2016,12,340,0,0.0
2016-12-06,1.447827962278689e+16,2016,12,341,18,0.9999999999999988
2016-12-07,,2016,12,342,0,0.0
2016-12-08,1.1101957427855248e+16,2016,12,343,18,0.9999999999999988
2016-12-09,,2016,12,344,0,0.0
2016-12-10,1969880903886352.0,2016,12,345,6,0.2089876875093135
2016-12-11,2893423832367307.0,2016,12,346,4,0.1864563687411067
2016-12-12,6741367691705931.0,2016,12,347,18,0.9999999999999988
2016-12-13,1.5083637157539582e+16,2016,12,348,18,0.9999999999999988
2016-12-14,,2016,12,349,0,0.0
2016-12-15,9077409373838732.0,2016,12,350,16,0.9383808756309346
2016-12-16,,2016,12,351,0,0.0
2016-12-17,6057806258057683.0,2016,12,352,15,0.8085373985052744
2016-12-18,,2016,12,353,0,0.0
2016-12-19,6448806590960391.0,2016,12,354,13,0.7999171952312194
2016-12-20,,2016,12,355,0,0.0
2016-12-21,,2016,12,356,0,0.0
2016-12-22,1.3542464650769984e+16,2016,12,357,18,0.9999999999999988
2016-12-23,,2016,12,358,0,0.0
2016-12-24,9561304857470020.0,2016,12,359,18,0.9999999999999988
2016-12-25,,2016,12,360,0,0.0
2016-12-26,4307152532704706.5,2016,12,361,18,0.9999999999999988
2016-12-27,6903387659864328.0,2016,12,362,5,0.2081477245695012
2016-12-28,5479854405287027.0,2016,12,363,18,0.9999999999999988
2016-12-29,6397289457723771.0,2016,12,364,18,0.9999999999999988
2016-12-30,,2016,12,365,0,0.0
2016-12-31,6838968211590924.0,2016,12,366,17,0.9991600370601866
2017-01-01,,2017,1,1,0,0.0
2017-01-02,4002054898104449.5,2017,1,2,18,0.9999999999999988
2017-01-03,,2017,1,3,0,0.0
2017-01-04,5373870030818373.0,2017,1,4,18,0.9999999999999988
2017-01-05,1.1427128956879084e+16,2017,1,5,18,0.9999999999999988
2017-01-06,,2017,1,6,0,0.0
2017-01-07,1.4774692906348088e+16,2017,1,7,18,0.9999999999999988
2017-01-08,,2017,1,8,0,0.0
2017-01-09,1.2183220536677478e+16,2017,1,9,18,0.9999999999999988
2017-01-10,,2017,1,10,0,0.0
2017-01-11,9961569631355872.0,2017,1,11,18,0.9999999999999988
2017-01-12,8342728782824046.0,2017,1,12,5,0.2081477245695012
2017-01-13,9275557654115672.0,2017,1,13,18,0.9999999999999988
2017-01-14,1.4931400591940068e+16,2017,1,14,18,0.9999999999999988
2017-01-15,,2017,1,15,0,0.0
2017-01-16,1.0866522870046966e+16,2017,1,16,18,0.9999999999999988
2017-01-17,,2017,1,17,0,0.0
2017-01-18,5933385139670152.0,2017,1,18,18,0.9999999999999988
2017-01-19,,2017,1,19,0,0.0
2017-01-20,2108760590648882.0,2017,1,20,18,0.9999999999999988
2017-01-21,,2017,1,21,0,0.0
2017-01-22,,2017,1,22,0,0.0
2017-01-23,1.317258514287577e+16,2017,1,23,18,0.9999999999999988
2017-01-24,,2017,1,24,0,0.0
2017-01-25,9779365041383766.0,2017,1,25,18,0.9999999999999988
2017-01-26,,2017,1,26,0,0.0
2017-01-27,7321825419736747.0,2017,1,27,18,0.9999999999999988
2017-01-28,5446306401180446.0,2017,1,28,4,0.1864563687411067
2017-01-29,1.0752378336581336e+16,2017,1,29,16,0.9327236359779
2017-01-30,1.2361578832677924e+16,2017,1,30,18,0.9999999999999988
2017-01-31,,2017,1,31,0,0.0
2017-02-01,8758578985450621.0,2017,2,32,18,0.9999999999999988
2017-02-02,,2017,2,33,0,0.0
2017-02-03,6245722036123392.0,2017,2,34,18,0.9999999999999988
2017-02-04,,2017,2,35,0,0.0
2017-02-05,2852466842207068.5,2017,2,36,3,0.1138369380382288
2017-02-06,1.2414769179195136e+16,2017,2,37,14,0.936090377797382
2017-02-07,,2017,2,38,0,0.0
2017-02-08,1.023877255385193e+16,2017,2,39,18,0.9999999999999988
2017-02-09,,2017,2,40,0,0.0
2017-02-10,1.2603768327063862e+16,2017,2,41,18,0.9999999999999988
2017-02-11,,2017,2,42,0,0.0
2017-02-12,5193891305354800.0,2017,2,43,18,0.9999999999999988
2017-02-13,4491506206129881.5,2017,2,44,4,0.1864563687411067
2017-02-14,8587908289314581.0,2017,2,45,18,0.9999999999999988
2017-02-15,9962040066490464.0,2017,2,46,18,0.9999999999999988
2017-02-16,,2017,2,47,0,0.0
2017-02-17,3136334197363115.5,2017,2,48,18,0.9999999999999988
2017-02-18,,2017,2,49,0,0.0
2017-02-19,2616084409011022.0,2017,2,50,18,0.9999999999999988
2017-02-20,,2017,2,51,0,0.0
2017-02-21,9128658470809088.0,2017,2,52,18,0.9999999999999988
2017-02-22,,2017,2,53,0,0.0
2017-02-23,,2017,2,54,0,0.0
2017-02-24,1.3988970892564434e+16,2017,2,55,18,0.9999999999999988
2017-02-25,,2017,2,56,0,0.0
2017-02-26,4657554450965373.0,2017,2,57,18,0.9999999999999988
2017-02-27,,2017,2,58,0,0.0
2017-02-28,6705497079432118.0,2017,2,59,18,0.9999999999999988
2017-03-01,4742476629173533.0,2017,3,60,5,0.2081477245695012
2017-03-02,5497791157129577.0,2017,3,61,18,0.9999999999999988
2017-03-03,5980873412652918.0,2017,3,62,18,0.9999999999999988
2017-03-04,,2017,3,63,0,0.0
2017-03-05,5011730234696622.0,2017,3,64,15,0.9259989130375637
2017-03-06,,2017,3,65,0,0.0
2017-03-07,2026479905328298.8,2017,3,66,3,0.0588207981636041
2017-03-08,,2017,3,67,0,0.0
2017-03-09,1416160294323607.5,2017,3,68,2,0.0614430865409623
2017-03-10,1.1486277890792444e+16,2017,3,69,18,0.9999999999999988
2017-03-11,1262301647828845.0,2017,3,70,5,0.2373244483999481
2017-03-12,,2017,3,71,0,0.0
2017-03-17,7166901082322434.0,2017,3,76,18,0.9999999999999988
2017-03-18,6125642741326058.0,2017,3,77,18,0.9999999999999988
2017-03-19,4164726603444261.0,2017,3,78,18,0.9999999999999988
2017-03-20,4901260700262865.0,2017,3,79,18,0.9999999999999988
2017-03-21,5313194377986275.0,2017,3,80,18,0.9999999999999988
2017-03-22,,2017,3,81,0,0.0
2017-03-23,4861856037306268.0,2017,3,82,18,0.9999999999999988
2017-03-24,,2017,3,83,0,0.0
2017-03-25,653608313978202.1,2017,3,84,8,0.2987933065056448
2017-03-26,,2017,3,85,0,0.0
2017-03-27,4250743185936393.0,2017,3,86,9,0.5913695457226483
2017-03-28,8414809296090718.0,2017,3,87,18,0.9999999999999988
2017-03-29,6199592098280957.0,2017,3,88,18,0.9999999999999988
2017-03-30,9865879829216246.0,2017,3,89,18,0.9999999999999988
2017-03-31,,2017,3,90,0,0.0
2017-04-01,3876439468547633.0,2017,4,91,18,0.9999999999999988
2017-04-02,5263569822700863.0,2017,4,92,18,0.9999999999999988
2017-04-03,9683716798218256.0,2017,4,93,17,0.9942369784453716
2017-04-04,7142570207945794.0,2017,4,94,18,0.9999999999999988
2017-04-05,9130673885825172.0,2017,4,95,18,0.9999999999999988
2017-04-06,7421813166832669.0,2017,4,96,15,0.8508972668943361
2017-04-07,,2017,4,97,0,0.0
2017-04-08,1581934412313395.2,2017,4,98,8,0.2687776095568604
2017-04-09,,2017,4,99,0,0.0
2017-04-10,3166872075949473.0,2017,4,100,6,0.2464835753716041
2017-04-11,1.051774231626317e+16,2017,4,101,17,0.987618037406628
2017-04-12,426122512658090.9,2017,4,102,11,0.5932099534001503
2017-04-13,6686595673731188.0,2017,4,103,14,0.8175699530287786
2017-04-14,526414186784182.9,2017,4,104,6,0.2641818864299581
2017-04-15,4369819446705247.0,2017,4,105,18,0.9999999999999988
2017-04-16,,2017,4,106,0,0.0
2017-04-17,-161108177577945.38,2017,4,107,4,0.1499426960454752
2017-04-18,2191253428791981.5,2017,4,108,8,0.3623608643468959
2017-04-19,5652331473947975.0,2017,4,109,18,0.9999999999999988
2017-04-20,7565633079638142.0,2017,4,110,18,0.9999999999999988
2017-04-21,5516822270721289.0,2017,4,111,15,0.807320773087161
2017-04-22,6984655515939368.0,2017,4,112,18,0.9999999999999988
2017-04-23,,2017,4,113,0,0.0
2017-04-24,3594759190842769.5,2017,4,114,18,0.9999999999999988
2017-04-25,,2017,4,115,0,0.0
2017-04-26,3973509511421782.5,2017,4,116,18,0.9999999999999988
2017-04-27,,2017,4,117,0,0.0
2017-04-28,,2017,4,118,0,0.0
2017-04-29,1906455721866168.0,2017,4,119,16,0.8678862872319986
2017-04-30,6081468881341665.0,2017,4,120,18,0.9999999999999988
2017-05-01,5181823884440658.0,2017,5,121,18,0.9999999999999988
2017-05-02,,2017,5,122,0,0.0
2017-05-03,3085836853565345.0,2017,5,123,4,0.1620320959933496
2017-05-04,3488794418348032.0,2017,5,124,2,0.1340441827527285
2017-05-05,2563343960827050.5,2017,5,125,2,0.0066029844944396
2017-05-06,5077778258721984.0,2017,5,126,13,0.7918522754304977
2017-05-07,,2017,5,127,0,0.0
2017-05-08,2987270815709564.0,2017,5,128,5,0.2817638461679789
2017-05-09,,2017,5,129,0,0.0
2017-05-10,3426110594052698.5,2017,5,130,16,0.9933970155055594
2017-05-11,,2017,5,131,0,0.0
2017-05-12,,2017,5,132,0,0.0
2017-05-13,5080615291015394.0,2017,5,133,18,0.9999999999999988
2017-05-14,2155668913368562.5,2017,5,134,6,0.2030851803960064
2017-05-15,7060456630376855.0,2017,5,135,17,0.987618037406628
2017-05-16,5696006777974532.0,2017,5,136,13,0.7295389439784326
2017-05-17,6869218282635709.0,2017,5,137,18,0.9999999999999988
2017-05-18,,2017,5,138,0,0.0
2017-05-19,3317587346944827.5,2017,5,139,18,0.9999999999999988
2017-05-20,6842825834483978.0,2017,5,140,18,0.9999999999999988
2017-05-21,3185554744846703.5,2017,5,141,17,0.9870706371123122
2017-05-22,5864163009753306.0,2017,5,142,18,0.9999999999999988
2017-05-23,5972433275256201.0,2017,5,143,17,0.9849414496470644
2017-05-24,4473828262607078.5,2017,5,144,18,0.9999999999999988
2017-05-25,,2017,5,145,0,0.0
2017-05-26,3988548958768735.0,2017,5,146,18,0.9999999999999988
2017-05-27,,2017,5,147,0,0.0
2017-05-28,4703631277295601.0,2017,5,148,7,0.317241698494889
2017-05-29,,2017,5,149,0,0.0
2017-05-30,3445247454308421.5,2017,5,150,6,0.3558855050002023
2017-05-31,,2017,5,151,0,0.0
2017-06-01,2436831148057028.5,2017,6,152,6,0.197690412691455
2017-06-02,3625719034128739.0,2017,6,153,16,0.9725594870536935
2017-06-03,,2017,6,154,0,0.0
2017-06-04,2734368803115334.0,2017,6,155,18,0.9999999999999988
2017-06-05,3598766587057391.0,2017,6,156,17,0.8804487141965649
2017-06-06,2495814890946559.5,2017,6,157,3,0.1331366750633101
2017-06-07,1533179164082601.5,2017,6,158,12,0.7454677392424698
2017-06-08,3866563284290910.5,2017,6,159,13,0.7914073299905194
2017-06-09,2682921631967565.5,2017,6,160,3,0.1172083407895429
2017-06-10,,2017,6,161,0,0.0
2017-06-11,2574172039599246.0,2017,6,162,9,0.5067905750318105
2017-06-12,,2017,6,163,0,0.0
2017-06-13,4067123128321642.5,2017,6,164,14,0.8796143768495356
2017-06-14,1585900179335992.0,2017,6,165,13,0.6846049427035767
2017-06-15,2049056681919264.8,2017,6,166,7,0.350777029002401
2017-06-16,5672457501597151.0,2017,6,167,18,0.9999999999999988
2017-06-17,5528329251228767.0,2017,6,168,18,0.9999999999999988
2017-06-18,3863185605281997.0,2017,6,169,18,0.9999999999999988
2017-06-19,,2017,6,170,0,0.0
2017-06-20,3114262318416135.0,2017,6,171,18,0.9999999999999988
2017-06-21,5321728096113747.0,2017,6,172,15,0.9259989130375637
2017-06-22,1714399560756371.0,2017,6,173,10,0.4827521130901423
2017-06-23,5369101683931935.0,2017,6,174,18,0.9999999999999988
2017-06-24,,2017,6,175,0,0.0
2017-06-25,,2017,6,176,0,0.0
2017-06-26,,2017,6,177,0,0.0
2017-06-27,,2017,6,178,0,0.0
2017-06-28,,2017,6,179,0,0.0
2017-06-29,976774844655839.2,2017,6,180,2,0.0616191243690643
2017-06-30,,2017,6,181,0,0.0
2017-07-01,,2017,7,182,0,0.0
2017-07-02,4983333241419795.0,2017,7,183,18,0.9999999999999988
2017-07-03,1052984993792827.0,2017,7,184,2,0.0066029844944396
2017-07-04,3624071355024428.0,2017,7,185,3,0.0624590873088766
2017-07-05,,2017,7,186,0,0.0
2017-07-06,2309801211679077.0,2017,7,187,8,0.3349274046785483
2017-07-07,2147855257471532.8,2017,7,188,3,0.1260266451501277
2017-07-08,,2017,7,189,0,0.0
2017-07-09,,2017,7,190,0,0.0
2017-07-10,,2017,7,191,0,0.0
2017-07-11,,2017,7,192,0,0.0
2017-07-12,,2017,7,193,0,0.0
2017-07-13,3034754233827537.0,2017,7,194,18,0.9999999999999988
2017-07-14,,2017,7,195,0,0.0
2017-07-15,2468172492568943.0,2017,7,196,15,0.8530264543595838
2017-07-16,4972134918546537.0,2017,7,197,17,0.9477821863308344
2017-07-17,3146758730808908.0,2017,7,198,3,0.1172083407895429
2017-07-18,3304734446249169.0,2017,7,199,6,0.1362980008799263
2017-07-19,2351117040761909.0,2017,7,200,14,0.9767118924307826
2017-07-20,3721586635630646.5,2017,7,201,10,0.483299513384458
2017-07-21,,2017,7,202,0,0.0
2017-07-22,2937497769446912.0,2017,7,203,14,0.5717934972961876
2017-07-23,3883219812387635.0,2017,7,204,6,0.313485938307799
2017-07-24,1792798672027648.0,2017,7,205,2,0.0066029844944396
2017-07-25,6151086677184438.0,2017,7,206,7,0.317241698494889
2017-07-26,2808070213164935.5,2017,7,207,5,0.1535765301348548
2017-07-27,1822991421169379.2,2017,7,208,8,0.3592975511145231
2017-07-28,,2017,7,209,0,0.0
2017-07-29,2900827266684394.5,2017,7,210,17,0.9849414496470644
2017-07-30,,2017,7,211,0,0.0
2017-07-31,3210769581667911.5,2017,7,212,18,0.9999999999999988
2017-08-01,,2017,8,213,0,0.0
2017-08-02,2410073066674035.5,2017,8,214,10,0.4828322702973131
2017-08-03,3903787463741647.0,2017,8,215,15,0.8156684735434022
2017-08-04,7368003121556128.0,2017,8,216,14,0.8551039716536303
2017-08-05,5625572923325271.0,2017,8,217,18,0.9999999999999988
2017-08-06,,2017,8,218,0,0.0
2017-08-07,3551176384720176.5,2017,8,219,18,0.9999999999999988
2017-08-08,4181420369374583.0,2017,8,220,18,0.9999999999999988
2017-08-09,,2017,8,221,0,0.0
2017-08-10,,2017,8,222,0,0.0
2017-08-11,4092441044561457.5,2017,8,223,13,0.6297256587305573
2017-08-12,2587460372557514.0,2017,8,224,5,0.0868087114042252
2017-08-13,,2017,8,225,0,0.0
2017-08-14,2674861057985953.5,2017,8,226,15,0.8264729941465789
2017-08-15,,2017,8,227,0,0.0
2017-08-16,1936555119738880.0,2017,8,228,3,0.1469735456404152
2017-08-17,2902349211362880.5,2017,8,229,17,0.930808283468312
2017-08-18,1736164957789127.2,2017,8,230,11,0.4865880304844031
2017-08-19,3885341250303053.5,2017,8,231,18,0.9999999999999988
2017-08-20,2942282148444740.5,2017,8,232,16,0.9833148769252222
2017-08-21,,2017,8,233,0,0.0
2017-08-22,,2017,8,234,0,0.0
2017-08-23,2121194623849149.2,2017,8,235,4,0.1807450027762897
2017-08-24,4528318665014172.0,2017,8,236,14,0.8737810993683991
2017-08-25,,2017,8,237,0,0.0
2017-08-26,4432050907731625.5,2017,8,238,16,0.8280504361562051
2017-08-27,1781789106389486.0,2017,8,239,8,0.3110833516341396
2017-08-28,737270931914752.0,2017,8,240,1,0.0008399629398123
2017-08-29,,2017,8,241,0,0.0
2017-08-30,,2017,8,242,0,0.0
2017-08-31,,2017,8,243,0,0.0
2017-09-01,,2017,9,244,0,0.0
2017-09-02,,2017,9,245,0,0.0
2017-09-03,,2017,9,246,0,0.0
2017-09-04,3997676982491997.5,2017,9,247,3,0.0282943403228341
2017-09-05,2504766838697657.0,2017,9,248,9,0.583691171658433
2017-09-06,,2017,9,249,0,0.0
2017-09-07,,2017,9,250,0,0.0
2017-09-08,,2017,9,251,0,0.0
2017-09-09,,2017,9,252,0,0.0
2017-09-10,,2017,9,253,0,0.0
2017-09-11,5218541888644792.0,2017,9,254,18,0.9999999999999988
2017-09-12,7293610120735011.0,2017,9,255,18,0.9999999999999988
2017-09-13,1966534253599168.8,2017,9,256,8,0.3132666654111696
2017-09-14,,2017,9,257,0,0.0
2017-09-15,3258651194656718.0,2017,9,258,18,0.9999999999999988
2017-09-16,,2017,9,259,0,0.0
2017-09-17,2676649799352644.5,2017,9,260,6,0.3283244201841088
2017-09-18,4066431743794601.0,2017,9,261,18,0.9999999999999988
2017-09-19,1347645103009239.2,2017,9,262,12,0.5557797470160898
2017-09-20,3840632505121345.5,2017,9,263,7,0.2440749488794829
2017-09-21,2942682701747325.5,2017,9,264,8,0.4876279565896491
2017-09-22,3435500167989618.5,2017,9,265,13,0.5573006003468932
2017-09-23,,2017,9,266,0,0.0
2017-09-24,,2017,9,267,0,0.0
2017-09-25,2880678857277440.0,2017,9,268,2,0.0066029844944396
2017-09-26,,2017,9,269,0,0.0
2017-09-27,4604399223547221.0,2017,9,270,8,0.3864334150265758
2017-09-28,2363302264963072.0,2017,9,271,2,0.0066029844944396
2017-09-29,,2017,9,272,0,0.0
2017-09-30,,2017,9,273,0,0.0
2017-10-01,,2017,10,274,0,0.0
2017-10-02,,2017,10,275,0,0.0
2017-10-03,,2017,10,276,0,0.0
2017-10-04,,2017,10,277,0,0.0
2017-10-05,46370187639416.234,2017,10,278,10,0.5388629522657381
2017-10-06,3693289538611158.5,2017,10,279,18,0.9999999999999988
2017-10-07,8926443638187446.0,2017,10,280,15,0.9896412553184692
2017-10-08,1941332682906038.5,2017,10,281,6,0.1241956827197584
2017-10-09,,2017,10,282,0,0.0
2017-10-10,3374753372962815.5,2017,10,283,3,0.1260266451501277
2017-10-11,2073432908890112.0,2017,10,284,1,0.00375576018709
2017-10-12,,2017,10,285,0,0.0
2017-10-13,4023840106545585.0,2017,10,286,18,0.9999999999999988
2017-10-14,,2017,10,287,0,0.0
2017-10-15,3657496468573534.5,2017,10,288,11,0.5917796806976225
2017-10-16,,2017,10,289,0,0.0
2017-10-17,1850112492379809.5,2017,10,290,8,0.5597835874913303
2017-10-18,,2017,10,291,0,0.0
2017-10-19,1910221647387616.5,2017,10,292,10,0.4400359481374735
2017-10-20,1.1864005732152098e+16,2017,10,293,18,0.9999999999999988
2017-10-21,,2017,10,294,0,0.0
2017-10-22,1585767831184845.2,2017,10,295,18,0.9999999999999988
2017-10-23,,2017,10,296,0,0.0
2017-10-24,2445386292981103.5,2017,10,297,10,0.5333856096903177
2017-10-25,,2017,10,298,0,0.0
2017-10-26,7589309491351096.0,2017,10,299,18,0.9999999999999988
2017-10-27,4258939416255149.0,2017,10,300,5,0.2081477245695012
2017-10-28,1.103109391108945e+16,2017,10,301,11,0.6644408981532293
2017-10-29,8030601777437214.0,2017,10,302,15,0.8530264543595838
2017-10-30,,2017,10,303,0,0.0
2017-10-31,1.0742065892927596e+16,2017,10,304,4,0.0933551233697217
2017-11-01,,2017,11,305,0,0.0
2017-11-02,2798733106760792.0,2017,11,306,15,0.8264729941465789
2017-11-03,,2017,11,307,0,0.0
2017-11-04,4301062882998207.0,2017,11,308,18,0.9999999999999988
2017-11-05,,2017,11,309,0,0.0
2017-11-06,,2017,11,310,0,0.0
2017-11-07,9111252475004276.0,2017,11,311,18,0.9999999999999988
2017-11-08,,2017,11,312,0,0.0
2017-11-09,1.0694142137418704e+16,2017,11,313,18,0.9999999999999988
2017-11-10,,2017,11,314,0,0.0
2017-11-11,6020710146059368.0,2017,11,315,18,0.9999999999999988
2017-11-12,2536136082862441.0,2017,11,316,4,0.1864563687411067
2017-11-13,3276730822020149.5,2017,11,317,15,0.9141231603935356
2017-11-14,4662358252798492.0,2017,11,318,18,0.9999999999999988
2017-11-15,,2017,11,319,0,0.0
2017-11-16,9791182739121622.0,2017,11,320,18,0.9999999999999988
2017-11-17,,2017,11,321,0,0.0
2017-11-18,5490707549559155.0,2017,11,322,18,0.9999999999999988
2017-11-19,,2017,11,323,0,0.0
2017-11-20,3788441498317945.0,2017,11,324,18,0.9999999999999988
2017-11-21,1.5303633470956256e+16,2017,11,325,18,0.9999999999999988
2017-11-22,,2017,11,326,0,0.0
2017-11-23,1.4006891841646708e+16,2017,11,327,18,0.9999999999999988
2017-11-24,,2017,11,328,0,0.0
2017-11-25,1.2095498507741632e+16,2017,11,329,18,0.9999999999999988
2017-11-26,,2017,11,330,0,0.0
2017-11-27,7746080083484995.0,2017,11,331,18,0.9999999999999988
2017-11-28,5885730720332819.0,2017,11,332,4,0.1864563687411067
2017-11-29,9908828348527128.0,2017,11,333,14,0.8135436312588923
2017-11-30,1.3461240008182708e+16,2017,11,334,18,0.9999999999999988
2017-12-01,,2017,12,335,0,0.0
2017-12-02,1.1408249731339988e+16,2017,12,336,18,0.9999999999999988
2017-12-03,,2017,12,337,0,0.0
2017-12-04,6795661238393911.0,2017,12,338,18,0.9999999999999988
2017-12-05,,2017,12,339,0,0.0
2017-12-06,9648149063107024.0,2017,12,340,18,0.9999999999999988
2017-12-07,,2017,12,341,0,0.0
2017-12-08,,2017,12,342,0,0.0
2017-12-09,1.017566236634939e+16,2017,12,343,18,0.9999999999999988
2017-12-10,,2017,12,344,0,0.0
2017-12-11,1.3819483338433016e+16,2017,12,345,18,0.9999999999999988
2017-12-12,,2017,12,346,0,0.0
2017-12-13,9682976461321878.0,2017,12,347,18,0.9999999999999988
2017-12-14,8581973772488928.0,2017,12,348,4,0.1864563687411067
2017-12-15,9823168373683482.0,2017,12,349,14,0.8135436312588923
2017-12-16,2661160868619153.0,2017,12,350,17,0.9783086441716043
2017-12-17,,2017,12,351,0,0.0
2017-12-18,1.087520730772944e+16,2017,12,352,18,0.9999999999999988
2017-12-19,,2017,12,353,0,0.0
2017-12-20,7327391707234648.0,2017,12,354,18,0.9999999999999988
2017-12-21,,2017,12,355,0,0.0
2017-12-22,8026969044162941.0,2017,12,356,18,0.9999999999999988
2017-12-23,1.185950628183633e+16,2017,12,357,18,0.9999999999999988
2017-12-24,,2017,12,358,0,0.0
2017-12-25,3254228650379339.5,2017,12,359,18,0.9999999999999988
2017-12-26,,2017,12,360,0,0.0
2017-12-27,8969084851899758.0,2017,12,361,18,0.9999999999999988
2017-12-28,,2017,12,362,0,0.0
2017-12-29,7568115877808382.0,2017,12,363,18,0.9999999999999988
2017-12-30,5356063219249208.0,2017,12,364,3,0.0858768396064635
2017-12-31,5994616077232362.0,2017,12,365,9,0.4789963529030523
2018-01-01,6181684811544839.0,2018,1,1,18,0.9999999999999988
2018-01-02,,2018,1,2,0,0.0
2018-01-03,6148497784121746.0,2018,1,3,18,0.9999999999999988
2018-01-04,,2018,1,4,0,0.0
2018-01-05,5989603315050901.0,2018,1,5,18,0.9999999999999988
2018-01-06,,2018,1,6,0,0.0
2018-01-07,4864539113021887.0,2018,1,7,18,0.9999999999999988
2018-01-08,,2018,1,8,0,0.0
2018-01-09,,2018,1,9,0,0.0
2018-01-10,1.6176979989566114e+16,2018,1,10,18,0.9999999999999988
2018-01-11,,2018,1,11,0,0.0
2018-01-12,8920735502813368.0,2018,1,12,18,0.9999999999999988
2018-01-13,,2018,1,13,0,0.0
2018-01-14,5572635651740306.0,2018,1,14,18,0.9999999999999988
2018-01-15,5747408806089861.0,2018,1,15,3,0.0858768396064635
2018-01-16,1.820546929178803e+16,2018,1,16,15,0.9141231603935356
2018-01-17,2.008016181200909e+16,2018,1,17,18,0.9999999999999988
2018-01-18,,2018,1,18,0,0.0
2018-01-19,2.0159499906861324e+16,2018,1,19,17,0.9849414496470644
2018-01-20,,2018,1,20,0,0.0
2018-01-21,3491557872760345.5,2018,1,21,18,0.9999999999999988
2018-01-22,,2018,1,22,0,0.0
2018-01-23,3111953612353804.5,2018,1,23,10,0.4670411174659805
2018-01-24,5802572331104774.0,2018,1,24,13,0.596589051128371
2018-01-25,,2018,1,25,0,0.0
2018-01-26,3.3020743350323364e+16,2018,1,26,11,0.7752696072100584
2018-01-27,,2018,1,27,0,0.0
2018-01-28,,2018,1,28,0,0.0
2018-01-29,,2018,1,29,0,0.0
2018-01-30,,2018,1,30,0,0.0
2018-01-31,,2018,1,31,0,0.0
2018-02-01,9679767885928174.0,2018,2,32,15,0.9141231603935356
2018-02-02,8101236397269571.0,2018,2,33,18,0.9999999999999988
2018-02-03,,2018,2,34,0,0.0
2018-02-04,6901610351018192.0,2018,2,35,18,0.9999999999999988
2018-02-05,,2018,2,36,0,0.0
2018-02-06,7048672843655237.0,2018,2,37,17,0.9849414496470644
2018-02-07,,2018,2,38,0,0.0
2018-02-08,4685264153565630.0,2018,2,39,6,0.4556287625407924
2018-02-09,,2018,2,40,0,0.0
2018-02-10,,2018,2,41,0,0.0
2018-02-11,3873506097714261.0,2018,2,42,11,0.755925051120516
2018-02-12,,2018,2,43,0,0.0
2018-02-13,1.035551917995343e+16,2018,2,44,18,0.9999999999999988
2018-02-14,,2018,2,45,0,0.0
2018-02-15,7666731577710931.0,2018,2,46,18,0.9999999999999988
2018-02-16,1.0166348075930624e+16,2018,2,47,5,0.2081477245695012
2018-02-17,8534758150431230.0,2018,2,48,14,0.8135436312588923
2018-02-18,8582498657675336.0,2018,2,49,18,0.9999999999999988
2018-02-19,,2018,2,50,0,0.0
2018-02-20,8110511956257110.0,2018,2,51,17,0.987618037406628
2018-02-21,,2018,2,52,0,0.0
2018-02-22,5436864646775656.0,2018,2,53,18,0.9999999999999988
2018-02-23,,2018,2,54,0,0.0
2018-02-24,4549964596391069.0,2018,2,55,12,0.6842099251843109
2018-02-25,6904198950740530.0,2018,2,56,18,0.9999999999999988
2018-02-26,,2018,2,57,0,0.0
2018-02-27,1.1593294617655432e+16,2018,2,58,18,0.9999999999999988
2018-02-28,,2018,2,59,0,0.0
2018-03-01,6235734421702075.0,2018,3,60,18,0.9999999999999988
2018-03-02,,2018,3,61,0,0.0
2018-03-03,6160485183302350.0,2018,3,62,18,0.9999999999999988
2018-03-04,4682100300588272.0,2018,3,63,5,0.2081477245695012
2018-03-05,7018254131908814.0,2018,3,64,15,0.8264729941465789
2018-03-06,4584198123286997.0,2018,3,65,14,0.6696534272712271
2018-03-07,3740998574740163.0,2018,3,66,8,0.378416823768409
2018-03-08,2422344281816535.5,2018,3,67,7,0.2737838423104782
2018-03-09,,2018,3,68,0,0.0
2018-03-10,5123377471019156.0,2018,3,69,18,0.9999999999999988
2018-03-11,,2018,3,70,0,0.0
2018-03-12,2447376214302604.0,2018,3,71,10,0.4216795435538306
2018-03-13,,2018,3,72,0,0.0
2018-03-14,5803810868113249.0,2018,3,73,10,0.3894874228253308
2018-03-15,6082582200135566.0,2018,3,74,18,0.9999999999999988
2018-03-16,6889742219342724.0,2018,3,75,14,0.8170225527344629
2018-03-17,7103953211879308.0,2018,3,76,18,0.9999999999999988
2018-03-18,,2018,3,77,0,0.0
2018-03-19,4352282782720796.0,2018,3,78,18,0.9999999999999988
2018-03-20,1.1692380896560024e+16,2018,3,79,17,0.9849414496470644
2018-03-21,4273916845672783.0,2018,3,80,5,0.1397396595577497
2018-03-22,7611721435731101.0,2018,3,81,18,0.9999999999999988
2018-03-23,6267556049401086.0,2018,3,82,18,0.9999999999999988
2018-03-24,5558030345048622.0,2018,3,83,18,0.9999999999999988
2018-03-25,,2018,3,84,0,0.0
2018-03-26,5147649587038298.0,2018,3,85,18,0.9999999999999988
2018-03-27,,2018,3,86,0,0.0
2018-03-28,3848798400380755.0,2018,3,87,18,0.9999999999999988
2018-03-29,4975655830998269.0,2018,3,88,18,0.9999999999999988
2018-03-30,3067642764364891.0,2018,3,89,4,0.1301377036772296
2018-03-31,4067519356792569.5,2018,3,90,16,0.9833148769252222
2018-04-01,5445307365592844.0,2018,4,91,16,0.9833148769252222
2018-04-02,8282603872742926.0,2018,4,92,18,0.9999999999999988
2018-04-03,,2018,4,93,0,0.0
2018-04-04,2670637671578524.5,2018,4,94,15,0.859231094306934
2018-04-05,4184223535389094.5,2018,4,95,18,0.9999999999999988
2018-04-06,-292634392091593.2,2018,4,96,4,0.1180483037293552
2018-04-07,6626734980066417.0,2018,4,97,15,0.8565545065473706
2018-04-08,3958965687772493.0,2018,4,98,17,0.9962442398129088
2018-04-09,3261901038532564.5,2018,4,99,5,0.0897245086515029
2018-04-10,,2018,4,100,0,0.0
2018-04-11,6371224387120195.0,2018,4,101,4,0.0933551233697217
2018-04-12,,2018,4,102,0,0.0
2018-04-13,3662361336782694.5,2018,4,103,15,0.9810150529121884
2018-04-14,,2018,4,104,0,0.0
2018-04-15,3866318230144174.5,2018,4,105,8,0.3222110588032318
2018-04-16,1.2403660558049238e+16,2018,4,106,15,0.937301703203408
2018-04-17,8763051489318739.0,2018,4,107,17,0.9962442398129088
2018-04-18,6360707026652464.0,2018,4,108,18,0.9999999999999988
2018-04-19,,2018,4,109,0,0.0
2018-04-20,4624699545261154.0,2018,4,110,18,0.9999999999999988
2018-04-21,5130101389845037.0,2018,4,111,18,0.9999999999999988
2018-04-22,,2018,4,112,0,0.0
2018-04-23,6607042259322297.0,2018,4,113,18,0.9999999999999988
2018-04-24,,2018,4,114,0,0.0
2018-04-25,2932749132747650.0,2018,4,115,11,0.4924342261778332
2018-04-26,,2018,4,116,0,0.0
2018-04-27,4084916929654888.0,2018,4,117,17,0.9849414496470644
2018-04-28,,2018,4,118,0,0.0
2018-04-29,6265696132328455.0,2018,4,119,4,0.0933551233697217
2018-04-30,5341467328852545.0,2018,4,120,12,0.5256583306762663
2018-05-01,1564375623421008.0,2018,5,121,6,0.2522610726551721
2018-05-02,1139209256342692.5,2018,5,122,5,0.2085926700094795
2018-05-03,3564292423213435.5,2018,5,123,14,0.7943914101994743
2018-05-04,6650376340918769.0,2018,5,124,18,0.9999999999999988
2018-05-05,,2018,5,125,0,0.0
2018-05-06,2134561844813555.5,2018,5,126,15,0.8530264543595838
2018-05-07,5502200118837082.0,2018,5,127,13,0.8608517364807124
2018-05-08,,2018,5,128,0,0.0
2018-05-09,8738517957921710.0,2018,5,129,18,0.9999999999999988
2018-05-10,1.3962125815628658e+16,2018,5,130,7,0.4202298541216534
2018-05-11,6716321040065931.0,2018,5,131,17,0.9849414496470644
2018-05-12,,2018,5,132,0,0.0
2018-05-13,2909275885773747.0,2018,5,133,18,0.9999999999999988
2018-05-14,,2018,5,134,0,0.0
2018-05-15,4111239292763445.5,2018,5,135,18,0.9999999999999988
2018-05-16,,2018,5,136,0,0.0
2018-05-17,2166931359736737.5,2018,5,137,9,0.4699029074096264
2018-05-18,6523309181973042.0,2018,5,138,18,0.9999999999999988
2018-05-19,5367214263293023.0,2018,5,139,10,0.7651202510352226
2018-05-20,2853189937614025.0,2018,5,140,18,0.9999999999999988
2018-05-21,,2018,5,141,0,0.0
2018-05-22,2685217532329631.0,2018,5,142,18,0.9999999999999988
2018-05-23,8851249787087974.0,2018,5,143,16,0.9383808756309346
2018-05-24,3500470837424265.0,2018,5,144,16,0.8337076758092398
2018-05-25,4469002835618150.5,2018,5,145,18,0.9999999999999988
2018-05-26,5435171747030297.0,2018,5,146,18,0.9999999999999988
2018-05-27,5846241925109570.0,2018,5,147,18,0.9999999999999988
2018-05-28,,2018,5,148,0,0.0
2018-05-29,3558226014370358.0,2018,5,149,18,0.9999999999999988
2018-05-30,,2018,5,150,0,0.0
2018-05-31,4031373086363836.0,2018,5,151,18,0.9999999999999988
2018-06-01,5998800194540556.0,2018,6,152,18,0.9999999999999988
2018-06-02,3029759759734802.5,2018,6,153,12,0.5557797470160898
2018-06-03,2021251795830540.5,2018,6,154,15,0.8861630619617701
2018-06-04,4510220953316133.0,2018,6,155,17,0.9962442398129088
2018-06-05,6688070350510290.0,2018,6,156,18,0.9999999999999988
2018-06-06,,2018,6,157,0,0.0
2018-06-07,4479990399532738.5,2018,6,158,13,0.7914073299905194
2018-06-08,3460789194716124.5,2018,6,159,18,0.9999999999999988
2018-06-09,856816821282957.2,2018,6,160,4,0.0933551233697217
2018-06-10,3307235440343542.5,2018,6,161,18,0.9999999999999988
2018-06-11,,2018,6,162,0,0.0
2018-06-12,,2018,6,163,0,0.0
2018-06-13,,2018,6,164,0,0.0
2018-06-14,,2018,6,165,0,0.0
2018-06-15,,2018,6,166,0,0.0
2018-06-16,520564535756290.0,2018,6,167,2,0.0066029844944396
2018-06-17,,2018,6,168,0,0.0
2018-06-18,,2018,6,169,0,0.0
2018-06-19,5182787041312732.0,2018,6,170,6,0.5478797814053522
2018-06-20,,2018,6,171,0,0.0
2018-06-21,,2018,6,172,0,0.0
2018-06-22,,2018,6,173,0,0.0
2018-06-23,1935679885934592.0,2018,6,174,1,0.0150585503529344
2018-06-24,1026550410906203.8,2018,6,175,10,0.5447091479591681
2018-06-25,2247009851408384.0,2018,6,176,2,0.0947557319712507
2018-06-26,4964946479893144.0,2018,6,177,17,0.8802682498253696
2018-06-27,6565439480372722.0,2018,6,178,14,0.8909171670153799
2018-06-28,4420459721014060.0,2018,6,179,13,0.6872815304631401
2018-06-29,,2018,6,180,0,0.0
2018-06-30,3788866504128439.0,2018,6,181,18,0.9999999999999988
2018-07-01,,2018,7,182,0,0.0
2018-07-02,2235758017099327.2,2018,7,183,16,0.9052442680287482
2018-07-03,2325239786992424.5,2018,7,184,12,0.4186650452943056
2018-07-04,1068329118876482.2,2018,7,185,5,0.2393317097674853
2018-07-05,3868529631918085.0,2018,7,186,18,0.9999999999999988
2018-07-06,4400135564476973.0,2018,7,187,10,0.5736770662701476
2018-07-07,2353734052551604.5,2018,7,188,15,0.8193952432311404
2018-07-08,,2018,7,189,0,0.0
2018-07-09,3843464189635482.5,2018,7,190,18,0.9999999999999988
2018-07-10,3737181670228059.0,2018,7,191,11,0.5676082517615991
2018-07-11,,2018,7,192,0,0.0
2018-07-12,3707090956663857.0,2018,7,193,18,0.9999999999999988
2018-07-13,5448727868700214.0,2018,7,194,16,0.9052442680287482
2018-07-14,2706895016752183.0,2018,7,195,9,0.4087501806661439
2018-07-15,,2018,7,196,0,0.0
2018-07-16,4153958610664397.0,2018,7,197,18,0.9999999999999988
2018-07-17,,2018,7,198,0,0.0
2018-07-18,3665934179695662.5,2018,7,199,18,0.9999999999999988
2018-07-19,,2018,7,200,0,0.0
2018-07-20,1033499939988701.6,2018,7,201,2,0.0672763640220989
2018-07-21,4004550677543185.0,2018,7,202,18,0.9999999999999988
2018-07-22,4264485225087789.0,2018,7,203,17,0.9962442398129088
2018-07-23,5550543836256710.0,2018,7,204,18,0.9999999999999988
2018-07-24,,2018,7,205,0,0.0
2018-07-25,4027269945909465.0,2018,7,206,18,0.9999999999999988
2018-07-26,6303988114705450.0,2018,7,207,14,0.8057197625686185
2018-07-27,2887242624409977.5,2018,7,208,4,0.1620320959933496
2018-07-28,4274834467370814.5,2018,7,209,18,0.9999999999999988
2018-07-29,3337881193080763.5,2018,7,210,18,0.9999999999999988
2018-07-30,6294436828774595.0,2018,7,211,18,0.9999999999999988
2018-07-31,,2018,7,212,0,0.0
2018-08-01,2461974089529605.0,2018,8,213,17,0.9849414496470644
2018-08-02,,2018,8,214,0,0.0
2018-08-03,,2018,8,215,0,0.0
2018-08-04,1827693765705965.5,2018,8,216,6,0.1745198404883133
2018-08-05,353706595844096.0,2018,8,217,1,0.0129293628876867
2018-08-06,2121000108303102.5,2018,8,218,4,0.12686660808994
2018-08-07,7480928450297037.0,2018,8,219,16,0.9833148769252222
2018-08-08,5501173179676936.0,2018,8,220,18,0.9999999999999988
2018-08-09,,2018,8,221,0,0.0
2018-08-10,2442241758505227.0,2018,8,222,7,0.3275425105886029
2018-08-11,1708314148855918.8,2018,8,223,7,0.3567254679400146
2018-08-12,,2018,8,224,0,0.0
2018-08-13,8178319009213622.0,2018,8,225,16,0.9933970155055594
2018-08-14,3491699051219832.5,2018,8,226,14,0.7922622227342266
2018-08-15,,2018,8,227,0,0.0
2018-08-16,,2018,8,228,0,0.0
2018-08-17,3833101911372716.0,2018,8,229,18,0.9999999999999988
2018-08-18,,2018,8,230,0,0.0
2018-08-19,2018572728471917.5,2018,8,231,9,0.3204846623340394
2018-08-20,,2018,8,232,0,0.0
2018-08-21,,2018,8,233,0,0.0
2018-08-22,2310379352241184.5,2018,8,234,7,0.2517555080517926
2018-08-23,6592497796532631.0,2018,8,235,12,0.8562964482992987
2018-08-24,3842585424474631.0,2018,8,236,18,0.9999999999999988
2018-08-25,,2018,8,237,0,0.0
2018-08-26,1540274071756281.8,2018,8,238,10,0.3055275157381893
2018-08-27,4188441581053637.0,2018,8,239,16,0.9746886745189411
2018-08-28,,2018,8,240,0,0.0
2018-08-29,1988089757464065.2,2018,8,241,12,0.5740801308902017
2018-08-30,1170880054809449.2,2018,8,242,5,0.1326296296445673
2018-08-31,4855881369687943.0,2018,8,243,17,0.8802682498059378
2018-09-01,,2018,9,244,0,0.0
2018-09-02,2297594174317838.5,2018,9,245,18,0.9999999999999988
2018-09-03,,2018,9,246,0,0.0
2018-09-04,2797756413053549.5,2018,9,247,13,0.7687761874749626
2018-09-05,1778862032637073.8,2018,9,248,10,0.391614147923538
2018-09-06,1181449223273651.2,2018,9,249,4,0.2335686882128581
2018-09-07,1138624858529934.2,2018,9,250,13,0.6641029876338357
2018-09-08,3592502991639387.0,2018,9,251,11,0.7752696072100584
2018-09-09,3172773164667201.0,2018,9,252,15,0.8530264543595838
2018-09-10,,2018,9,253,0,0.0
2018-09-11,,2018,9,254,0,0.0
2018-09-12,4126190879027913.5,2018,9,255,4,0.3068829538133593
2018-09-13,,2018,9,256,0,0.0
2018-09-14,2782459042867531.0,2018,9,257,16,0.8110765332936829
2018-09-15,1562390961048381.0,2018,9,258,5,0.2312238125250364
2018-09-16,453736719712256.0,2018,9,259,1,0.0150585503529344
2018-09-17,,2018,9,260,0,0.0
2018-09-18,1703049646146349.0,2018,9,261,8,0.3516169919422133
2018-09-19,,2018,9,262,0,0.0
2018-09-20,2087878517994679.2,2018,9,263,18,0.9999999999999988
2018-09-21,,2018,9,264,0,0.0
2018-09-22,143593709823389.28,2018,9,265,2,0.0095187817417173
2018-09-23,2817911146567030.5,2018,9,266,13,0.7914073299905194
2018-09-24,4747973038020059.0,2018,9,267,17,0.9962442398129088
2018-09-25,3840246842691512.0,2018,9,268,15,0.8508972668943361
2018-09-26,,2018,9,269,0,0.0
2018-09-27,354945291542514.44,2018,9,270,4,0.0810456898495979
2018-09-28,4391950449985702.5,2018,9,271,12,0.6722229801102058
2018-09-29,414698568793936.5,2018,9,272,6,0.3114786769402616
2018-09-30,5044947606113958.0,2018,9,273,18,0.9999999999999988
2018-10-01,2730305970368987.5,2018,10,274,13,0.7182361538125882
2018-10-02,1676121813292463.8,2018,10,275,12,0.4915589269090145
2018-10-03,,2018,10,276,0,0.0
2018-10-04,1589529597744060.5,2018,10,277,10,0.6225908008346785
2018-10-05,,2018,10,278,0,0.0
2018-10-06,1797095046937030.8,2018,10,279,5,0.2271295389643176
2018-10-07,3243221184193156.5,2018,10,280,10,0.3966654809047936
2018-10-08,,2018,10,281,0,0.0
2018-10-09,6431802306140362.0,2018,10,282,16,0.9833148769252222
2018-10-10,,2018,10,283,0,0.0
2018-10-11,1809988793069792.0,2018,10,284,8,0.2554238792871517
2018-10-12,,2018,10,285,0,0.0
2018-10-13,6873482587537408.0,2018,10,286,1,0.0008399629398123
2018-10-14,,2018,10,287,0,0.0
2018-10-15,,2018,10,288,0,0.0
2018-10-16,3500242889598340.0,2018,10,289,13,0.5799317428624501
2018-10-17,,2018,10,290,0,0.0
2018-10-18,,2018,10,291,0,0.0
2018-10-19,,2018,10,292,0,0.0
2018-10-20,845383110492160.0,2018,10,293,1,0.0129293628876867
2018-10-21,,2018,10,294,0,0.0
2018-10-22,2912530880801547.5,2018,10,295,13,0.8602603404422492
2018-10-23,,2018,10,296,0,0.0
2018-10-24,,2018,10,297,0,0.0
2018-10-25,7380679056474083.0,2018,10,298,18,0.9999999999999988
2018-10-26,,2018,10,299,0,0.0
2018-10-27,,2018,10,300,0,0.0
2018-10-28,,2018,10,301,0,0.0
2018-10-29,903524284104704.0,2018,10,302,2,0.0672763640220989
2018-10-30,4727399778425540.0,2018,10,303,5,0.2081477245695012
2018-10-31,2455392761874229.0,2018,10,304,7,0.3567254679400146
2018-11-01,,2018,11,305,0,0.0
2018-11-02,,2018,11,306,0,0.0
2018-11-03,2555053764247552.0,2018,11,307,1,0.0129293628876867
2018-11-04,,2018,11,308,0,0.0
2018-11-05,1967343171136009.2,2018,11,309,17,0.9783086441716043
2018-11-06,,2018,11,310,0,0.0
2018-11-07,2922037140284166.0,2018,11,311,13,0.596589051128371
2018-11-08,7792418940835190.0,2018,11,312,18,0.9999999999999988
2018-11-09,,2018,11,313,0,0.0
2018-11-10,9494156431397678.0,2018,11,314,18,0.9999999999999988
2018-11-11,,2018,11,315,0,0.0
2018-11-12,5703511496975832.0,2018,11,316,16,0.9933970155055594
2018-11-13,,2018,11,317,0,0.0
2018-11-14,,2018,11,318,0,0.0
2018-11-15,4218659007934482.5,2018,11,319,5,0.2081477245695012
2018-11-16,9746072046631986.0,2018,11,320,13,0.7918522754304977
2018-11-17,1.084981537568115e+16,2018,11,321,18,0.9999999999999988
2018-11-18,,2018,11,322,0,0.0
2018-11-19,7244133024710339.0,2018,11,323,18,0.9999999999999988
2018-11-20,,2018,11,324,0,0.0
2018-11-21,3831119234454857.0,2018,11,325,18,0.9999999999999988
2018-11-22,,2018,11,326,0,0.0
2018-11-23,5474276777178125.0,2018,11,327,18,0.9999999999999988
2018-11-24,,2018,11,328,0,0.0
2018-11-25,,2018,11,329,0,0.0
2018-11-26,1767794607330512.5,2018,11,330,5,0.0955707043449329
2018-11-27,,2018,11,331,0,0.0
2018-11-28,,2018,11,332,0,0.0
2018-11-29,,2018,11,333,0,0.0
2018-11-30,1707258358530048.0,2018,11,334,1,0.0008399629398123
2018-12-01,4257834391933320.0,2018,12,335,5,0.2081477245695012
2018-12-02,5301946276641945.0,2018,12,336,13,0.7918522754304977
2018-12-03,1.3405125684376712e+16,2018,12,337,18,0.9999999999999988
2018-12-04,,2018,12,338,0,0.0
2018-12-05,864236100881775.4,2018,12,339,3,0.0103587446815296
2018-12-06,,2018,12,340,0,0.0
2018-12-07,5474486470610386.0,2018,12,341,18,0.9999999999999988
2018-12-08,,2018,12,342,0,0.0
2018-12-09,3531055563590320.0,2018,12,343,8,0.4474502985913342
2018-12-10,1.3148569057808852e+16,2018,12,344,18,0.9999999999999988
2018-12-11,,2018,12,345,0,0.0
2018-12-12,1778942570659839.8,2018,12,346,2,0.0947557319712507
2018-12-13,,2018,12,347,0,0.0
2018-12-14,1.2983612523652964e+16,2018,12,348,18,0.9999999999999988
2018-12-15,,2018,12,349,0,0.0
2018-12-16,6190651670181696.0,2018,12,350,18,0.9999999999999988
2018-12-17,4713705597511417.0,2018,12,351,5,0.2081477245695012
2018-12-18,8988791337226437.0,2018,12,352,13,0.7918522754304977
2018-12-19,7058047831480773.0,2018,12,353,18,0.9999999999999988
2018-12-20,,2018,12,354,0,0.0
2018-12-21,1.2607898056006298e+16,2018,12,355,18,0.9999999999999988
2018-12-22,,2018,12,356,0,0.0
2018-12-23,6875863595686421.0,2018,12,357,18,0.9999999999999988
2018-12-24,,2018,12,358,0,0.0
2018-12-25,4502198641311043.0,2018,12,359,18,0.9999999999999988
2018-12-26,,2018,12,360,0,0.0
2018-12-27,,2018,12,361,0,0.0
2018-12-28,7130705062813843.0,2018,12,362,15,0.7981471703865644
2018-12-29,,2018,12,363,0,0.0
2018-12-30,4035999106719393.0,2018,12,364,18,0.9999999999999988
2018-12-31,,2018,12,365,0,0.0
2019-01-01,3328132753052218.0,2019,1,1,18,0.9999999999999988
2019-01-02,7078748194147631.0,2019,1,2,4,0.1389560080378144
2019-01-03,1.6798594360105596e+16,2019,1,3,8,0.42576373394257
2019-01-04,1.315483992325708e+16,2019,1,4,18,0.9999999999999988
2019-01-05,,2019,1,5,0,0.0
2019-01-06,4970749767724964.0,2019,1,6,18,0.9999999999999988
2019-01-07,,2019,1,7,0,0.0
2019-01-08,5580017138431038.0,2019,1,8,18,0.9999999999999988
2019-01-09,,2019,1,9,0,0.0
2019-01-10,4508705208676048.0,2019,1,10,7,0.201358783926814
2019-01-11,1.1074997086201794e+16,2019,1,11,18,0.9999999999999988
2019-01-12,,2019,1,12,0,0.0
2019-01-13,1418444730202419.5,2019,1,13,7,0.2878424500472362
2019-01-14,,2019,1,14,0,0.0
2019-01-15,3249445185511418.0,2019,1,15,9,0.2988797000156084
2019-01-16,,2019,1,16,0,0.0
2019-01-17,3612003706079353.5,2019,1,17,2,0.0066029844944396
2019-01-18,2023800859254450.8,2019,1,18,5,0.2081477245695012
2019-01-19,4594565759782208.0,2019,1,19,3,0.1491027331056629
2019-01-20,4801888929745974.0,2019,1,20,18,0.9999999999999988
2019-01-21,,2019,1,21,0,0.0
2019-01-22,1.1067031456023582e+16,2019,1,22,18,0.9999999999999988
2019-01-23,,2019,1,23,0,0.0
2019-01-24,4073688615160903.0,2019,1,24,18,0.9999999999999988
2019-01-25,,2019,1,25,0,0.0
2019-01-26,3749836550811014.5,2019,1,26,18,0.9999999999999988
2019-01-27,,2019,1,27,0,0.0
2019-01-28,,2019,1,28,0,0.0
2019-01-29,1.0624544777011166e+16,2019,1,29,18,0.9999999999999988
2019-01-30,,2019,1,30,0,0.0
2019-01-31,1.1793111842854618e+16,2019,1,31,18,0.9999999999999988
2019-02-01,,2019,2,32,0,0.0
2019-02-02,7706170147305371.0,2019,2,33,18,0.9999999999999988
2019-02-03,2685610116863549.5,2019,2,34,5,0.2081477245695012
2019-02-04,6140912364943396.0,2019,2,35,14,0.8135436312588923
2019-02-05,1.0540649704159792e+16,2019,2,36,18,0.9999999999999988
2019-02-06,,2019,2,37,0,0.0
2019-02-07,7589652524173963.0,2019,2,38,18,0.9999999999999988
2019-02-08,,2019,2,39,0,0.0
2019-02-09,3775647952906999.0,2019,2,40,15,0.8768891520971488
2019-02-10,,2019,2,41,0,0.0
2019-02-11,4194987369691931.0,2019,2,42,18,0.9999999999999988
2019-02-12,5775163873968698.0,2019,2,43,17,0.9849414496470644
2019-02-13,,2019,2,44,0,0.0
2019-02-14,7759954455618099.0,2019,2,45,18,0.9999999999999988
2019-02-15,,2019,2,46,0,0.0
2019-02-16,8008583558284254.0,2019,2,47,18,0.9999999999999988
2019-02-17,,2019,2,48,0,0.0
2019-02-18,4019404679835503.0,2019,2,49,18,0.9999999999999988
2019-02-19,2113293235518934.5,2019,2,50,5,0.2081477245695012
2019-02-20,4934007761091976.0,2019,2,51,14,0.8135436312588923
2019-02-21,4358243715742455.0,2019,2,52,18,0.9999999999999988
2019-02-22,,2019,2,53,0,0.0
2019-02-23,8154163252851374.0,2019,2,54,18,0.9999999999999988
2019-02-24,,2019,2,55,0,0.0
2019-02-25,1339075562719437.2,2019,2,56,6,0.2186373131817425
2019-02-26,,2019,2,57,0,0.0
2019-02-27,4298687320593958.5,2019,2,58,18,0.9999999999999988
2019-02-28,,2019,2,59,0,0.0
2019-03-01,,2019,3,60,0,0.0
2019-03-02,8285609094716285.0,2019,3,61,18,0.9999999999999988
2019-03-03,,2019,3,62,0,0.0
2019-03-04,7494473474258925.0,2019,3,63,16,0.9052442680287482
2019-03-05,,2019,3,64,0,0.0
2019-03-06,5255532228319258.0,2019,3,65,18,0.9999999999999988
2019-03-07,5448671150699336.0,2019,3,66,8,0.3572504576751641
2019-03-08,4174834587588604.0,2019,3,67,14,0.8047816383181844
2019-03-09,8456507403552661.0,2019,3,68,18,0.9999999999999988
2019-03-10,3837606380484022.5,2019,3,69,18,0.9999999999999988
2019-03-11,6114481200270597.0,2019,3,70,18,0.9999999999999988
2019-03-12,,2019,3,71,0,0.0
2019-03-13,3639272103222611.0,2019,3,72,18,0.9999999999999988
2019-03-14,,2019,3,73,0,0.0
2019-03-15,1991892254259742.0,2019,3,74,7,0.4706873128937268
2019-03-16,3852238068106345.0,2019,3,75,15,0.8085373985052744
2019-03-17,3083818599006454.5,2019,3,76,8,0.4288329817189791
2019-03-18,3135869362649001.0,2019,3,77,17,0.8802682498059378
2019-03-19,4972790978356511.0,2019,3,78,14,0.8305577873895535
2019-03-20,8062401282971590.0,2019,3,79,18,0.9999999999999988
2019-03-21,,2019,3,80,0,0.0
2019-03-22,4532554113606051.0,2019,3,81,17,0.987618037406628
2019-03-23,9113505918019940.0,2019,3,82,18,0.9999999999999988
2019-03-24,3999605044341273.5,2019,3,83,18,0.9999999999999988
2019-03-25,4733692979580577.0,2019,3,84,18,0.9999999999999988
2019-03-26,5278067699479002.0,2019,3,85,18,0.9999999999999988
2019-03-27,4874823486161059.0,2019,3,86,18,0.9999999999999988
2019-03-28,,2019,3,87,0,0.0
2019-03-29,5345081542382679.0,2019,3,88,18,0.9999999999999988
2019-03-30,,2019,3,89,0,0.0
2019-03-31,,2019,3,90,0,0.0
2019-04-01,,2019,4,91,0,0.0
2019-04-02,1706168798539845.2,2019,4,92,5,0.0897245086515029
2019-04-03,5733310734433014.0,2019,4,93,17,0.987618037406628
2019-04-04,1898193651800089.2,2019,4,94,11,0.5253903694088242
2019-04-05,613996959531739.2,2019,4,95,11,0.5767008305271126
2019-04-06,,2019,4,96,0,0.0
2019-04-07,3741099874484623.0,2019,4,97,18,0.9999999999999988
2019-04-08,4990850758408024.0,2019,4,98,18,0.9999999999999988
2019-04-09,4272202920531441.0,2019,4,99,11,0.6679198196288001
2019-04-10,9022695766355474.0,2019,4,100,18,0.9999999999999988
2019-04-11,4790192618618553.0,2019,4,101,18,0.9999999999999988
2019-04-12,4437187071369737.5,2019,4,102,18,0.9999999999999988
2019-04-13,,2019,4,103,0,0.0
2019-04-14,3199426880251195.0,2019,4,104,18,0.9999999999999988
2019-04-15,,2019,4,105,0,0.0
2019-04-16,6055553427275187.0,2019,4,106,18,0.9999999999999988
2019-04-17,6897363645830237.0,2019,4,107,18,0.9999999999999988
2019-04-18,3609955761609867.0,2019,4,108,12,0.5557797470160898
2019-04-19,2205555292114045.5,2019,4,109,18,0.9999999999999988
2019-04-20,3490618450384933.5,2019,4,110,17,0.9962442398129088
2019-04-21,4185739043347861.0,2019,4,111,18,0.9999999999999988
2019-04-22,,2019,4,112,0,0.0
2019-04-23,4730626322080648.0,2019,4,113,18,0.9999999999999988
2019-04-24,5232462787917138.0,2019,4,114,18,0.9999999999999988
2019-04-25,5925456620944320.0,2019,4,115,18,0.9999999999999988
2019-04-26,5298931438800365.0,2019,4,116,18,0.9999999999999988
2019-04-27,6086747358331598.0,2019,4,117,11,0.5069842661436733
2019-04-28,,2019,4,118,0,0.0
2019-04-29,,2019,4,119,0,0.0
2019-04-30,4161159480331577.5,2019,4,120,13,0.7356952554026596
2019-05-01,,2019,5,121,0,0.0
2019-05-02,1408428147355928.2,2019,5,122,5,0.2271295389643176
2019-05-03,,2019,5,123,0,0.0
2019-05-04,,2019,5,124,0,0.0
2019-05-05,911997583531481.6,2019,5,125,7,0.3355591018467696
2019-05-06,1841796298459812.8,2019,5,126,10,0.7429956882328294
2019-05-07,4123585906101653.5,2019,5,127,18,0.9999999999999988
2019-05-08,,2019,5,128,0,0.0
2019-05-09,3172935332300559.5,2019,5,129,18,0.9999999999999988
2019-05-10,7823013664086006.0,2019,5,130,18,0.9999999999999988
2019-05-11,4220869389030850.5,2019,5,131,18,0.9999999999999988
2019-05-12,5035447232857316.0,2019,5,132,18,0.9999999999999988
2019-05-13,5101645543347061.0,2019,5,133,18,0.9999999999999988
2019-05-14,7270634411444930.0,2019,5,134,18,0.9999999999999988
2019-05-15,,2019,5,135,0,0.0
2019-05-16,1690054493394879.5,2019,5,136,8,0.3234764291392527
2019-05-17,,2019,5,137,0,0.0
2019-05-18,3051666546891431.0,2019,5,138,9,0.3204846623340394
2019-05-19,4805102856077125.0,2019,5,139,18,0.9999999999999988
2019-05-20,3605452369373349.5,2019,5,140,10,0.5390946239413131
2019-05-21,6748990474178245.0,2019,5,141,18,0.9999999999999988
2019-05-22,5773269253315291.0,2019,5,142,15,0.9369303407371942
2019-05-23,6183144919436931.0,2019,5,143,18,0.9999999999999988
2019-05-24,,2019,5,144,0,0.0
2019-05-25,2056982280470459.2,2019,5,145,18,0.9999999999999988
2019-05-26,3598769289146704.5,2019,5,146,18,0.9999999999999988
2019-05-27,3279645355313150.5,2019,5,147,17,0.9870706371123122
2019-05-28,4987604977599254.0,2019,5,148,18,0.9999999999999988
2019-05-29,5267449691186535.0,2019,5,149,14,0.9222431528504736
2019-05-30,5605734546103831.0,2019,5,150,17,0.9181736309164348
2019-05-31,,2019,5,151,0,0.0
2019-06-01,1867571346296652.8,2019,6,152,3,0.0282943403228341
2019-06-02,,2019,6,153,0,0.0
2019-06-03,,2019,6,154,0,0.0
2019-06-04,,2019,6,155,0,0.0
2019-06-05,,2019,6,156,0,0.0
2019-06-06,8906836249864253.0,2019,6,157,11,0.7752696072100584
2019-06-07,2808149795875424.0,2019,6,158,4,0.0933551233697217
2019-06-08,3026541695301895.0,2019,6,159,18,0.9999999999999988
2019-06-09,,2019,6,160,0,0.0
2019-06-10,2489418254301531.5,2019,6,161,18,0.9999999999999988
2019-06-11,2674110555024036.0,2019,6,162,18,0.9999999999999988
2019-06-12,2691578661219333.5,2019,6,163,4,0.0933551233697217
2019-06-13,,2019,6,164,0,0.0
2019-06-14,5390175900214732.0,2019,6,165,12,0.810797833615558
2019-06-15,5708611824370809.0,2019,6,166,18,0.9999999999999988
2019-06-16,,2019,6,167,0,0.0
2019-06-17,2968348384286197.5,2019,6,168,18,0.9999999999999988
2019-06-18,,2019,6,169,0,0.0
2019-06-19,1463261696963096.8,2019,6,170,6,0.2793473526334821
2019-06-20,6198959799916451.0,2019,6,171,16,0.9178789205806256
2019-06-21,1676915680335908.5,2019,6,172,10,0.4828322702973131
2019-06-22,5808172532141358.0,2019,6,173,3,0.0282943403228341
2019-06-23,-1231000647979408.2,2019,6,174,9,0.3014003930848856
2019-06-24,2495798558397480.5,2019,6,175,4,0.1956633071217928
2019-06-25,,2019,6,176,0,0.0
2019-06-26,,2019,6,177,0,0.0
2019-06-27,691606819282077.2,2019,6,178,15,0.8861630619617701
2019-06-28,2993627350955954.5,2019,6,179,12,0.577507845061393
2019-06-29,2523341992699263.5,2019,6,180,15,0.8508972668943361
2019-06-30,4047424226307421.0,2019,6,181,10,0.5989041409057835
2019-07-01,,2019,7,182,0,0.0
2019-07-02,,2019,7,183,0,0.0
2019-07-03,858112640494641.2,2019,7,184,4,0.1507293058275052
2019-07-04,,2019,7,185,0,0.0
2019-07-05,2820530679783540.5,2019,7,186,18,0.9999999999999988
2019-07-06,,2019,7,187,0,0.0
2019-07-07,2367056074218207.0,2019,7,188,11,0.5520239868289998
2019-07-08,4507354188399392.0,2019,7,189,11,0.7752696072100584
2019-07-09,873893763784267.2,2019,7,190,16,0.9833148769252222
2019-07-10,2482951851458217.5,2019,7,191,10,0.3579118869177117
2019-07-11,,2019,7,192,0,0.0
2019-07-12,721794622864375.8,2019,7,193,3,0.1138369380382288
2019-07-13,4017592885737587.0,2019,7,194,7,0.5895859838142654
2019-07-14,1761232809885696.0,2019,7,195,1,0.0008399629398123
2019-07-15,4530918218389824.0,2019,7,196,18,0.9999999999999988
2019-07-16,2548704654162437.0,2019,7,197,16,0.9052442680287482
2019-07-17,,2019,7,198,0,0.0
2019-07-18,,2019,7,199,0,0.0
2019-07-19,2545427022874852.5,2019,7,200,14,0.8047816383181844
2019-07-20,,2019,7,201,0,0.0
2019-07-21,,2019,7,202,0,0.0
2019-07-22,4466242044083609.5,2019,7,203,17,0.9536154638119712
2019-07-23,1525252256053609.8,2019,7,204,5,0.2393317097674853
2019-07-24,4280557502862602.5,2019,7,205,4,0.0933551233697217
2019-07-25,,2019,7,206,0,0.0
2019-07-26,,2019,7,207,0,0.0
2019-07-27,,2019,7,208,0,0.0
2019-07-28,2142970984611120.8,2019,7,209,18,0.9999999999999988
2019-07-29,1584886791600908.0,2019,7,210,11,0.6024838632647714
2019-07-30,2530833850538823.5,2019,7,211,12,0.7630131659203353
2019-07-31,4094212714477347.0,2019,7,212,18,0.9999999999999988
2019-08-01,4385191276040495.0,2019,8,213,18,0.9999999999999988
2019-08-02,5180113450488546.0,2019,8,214,16,0.9052442680287482
2019-08-03,,2019,8,215,0,0.0
2019-08-04,772021466829934.2,2019,8,216,11,0.4978106634430768
2019-08-05,,2019,8,217,0,0.0
2019-08-06,,2019,8,218,0,0.0
2019-08-07,,2019,8,219,0,0.0
2019-08-08,2000756418478275.5,2019,8,220,12,0.5557797470160898
2019-08-09,4980515306595446.0,2019,8,221,14,0.8239549045025477
2019-08-10,25819220992156.047,2019,8,222,16,0.9833148769252222
2019-08-11,720960659390464.0,2019,8,223,1,0.0008399629398123
2019-08-12,,2019,8,224,0,0.0
2019-08-13,3514005371677256.0,2019,8,225,18,0.9999999999999988
2019-08-14,3976405940364523.0,2019,8,226,18,0.9999999999999988
2019-08-15,2720527740294597.5,2019,8,227,18,0.9999999999999988
2019-08-16,6357388164350755.0,2019,8,228,18,0.9999999999999988
2019-08-17,3596057124335704.0,2019,8,229,16,0.9052442680287482
2019-08-18,4615623217791549.0,2019,8,230,16,0.9052442680287482
2019-08-19,,2019,8,231,0,0.0
2019-08-20,2231713198334284.5,2019,8,232,16,0.9383808756309346
2019-08-21,,2019,8,233,0,0.0
2019-08-22,2069182367662080.0,2019,8,234,1,0.0463845361880279
2019-08-23,5192423791925409.0,2019,8,235,14,0.8322967913099714
2019-08-24,1591829762959025.2,2019,8,236,9,0.4699029074096264
2019-08-25,4724904014460671.0,2019,8,237,18,0.9999999999999988
2019-08-26,3959187013173327.0,2019,8,238,16,0.9833148769252222
2019-08-27,4790290473285983.0,2019,8,239,18,0.9999999999999988
2019-08-28,,2019,8,240,0,0.0
2019-08-29,3188526859112994.5,2019,8,241,18,0.9999999999999988
2019-08-30,5995827476609343.0,2019,8,242,18,0.9999999999999988
2019-08-31,3611328199474260.0,2019,8,243,18,0.9999999999999988
2019-09-01,4062789000637275.0,2019,9,244,18,0.9999999999999988
2019-09-02,2434591104040474.0,2019,9,245,17,0.9849414496470644
2019-09-03,4330595196613463.0,2019,9,246,14,0.9251589500977512
2019-09-04,,2019,9,247,0,0.0
2019-09-05,1605492474703546.0,2019,9,248,12,0.7981786538237449
2019-09-06,,2019,9,249,0,0.0
2019-09-07,1662896222374992.2,2019,9,250,2,0.1531284520018823
2019-09-08,,2019,9,251,0,0.0
2019-09-09,5912870738984960.0,2019,9,252,1,0.00375576018709
2019-09-10,1658512082306402.0,2019,9,253,6,0.2884885691083153
2019-09-11,-149273542690915.0,2019,9,254,16,0.9833148769252222
2019-09-12,,2019,9,255,0,0.0
2019-09-13,,2019,9,256,0,0.0
2019-09-14,1774340912891368.8,2019,9,257,8,0.213740746520185
2019-09-15,2711322703116318.5,2019,9,258,18,0.9999999999999988
2019-09-16,233055199603417.6,2019,9,259,5,0.1397396595577497
2019-09-17,5965931603421430.0,2019,9,260,17,0.9477821863308344
2019-09-18,3057804650741760.0,2019,9,261,1,0.012381962593371
2019-09-19,3381913449590807.5,2019,9,262,9,0.3809889069429176
2019-09-20,,2019,9,263,0,0.0
2019-09-21,1573837390648017.8,2019,9,264,18,0.9999999999999988
2019-09-22,,2019,9,265,0,0.0
2019-09-23,2943487646497340.0,2019,9,266,18,0.9999999999999988
2019-09-24,8633767806142146.0,2019,9,267,17,0.9477821863308344
2019-09-25,,2019,9,268,0,0.0
2019-09-26,7616761585275955.0,2019,9,269,17,0.9477821863308344
2019-09-27,3632869747606781.0,2019,9,270,16,0.9833148769252222
2019-09-28,,2019,9,271,0,0.0
2019-09-29,,2019,9,272,0,0.0
2019-09-30,,2019,9,273,0,0.0
2019-10-01,6854593098917366.0,2019,10,274,17,0.9181736309164348
2019-10-02,3506465989316280.5,2019,10,275,18,0.9999999999999988
2019-10-03,4760373547952792.0,2019,10,276,18,0.9999999999999988
2019-10-04,7356992865895166.0,2019,10,277,14,0.8796143768495356
2019-10-05,3951196244678542.5,2019,10,278,18,0.9999999999999988
2019-10-06,,2019,10,279,0,0.0
2019-10-07,1327185954720418.5,2019,10,280,18,0.9999999999999988
2019-10-08,,2019,10,281,0,0.0
2019-10-09,2480382208191880.5,2019,10,282,14,0.8379679040066494
2019-10-10,,2019,10,283,0,0.0
2019-10-11,,2019,10,284,0,0.0
2019-10-12,1031002460315125.2,2019,10,285,2,0.0254471160154845
2019-10-13,,2019,10,286,0,0.0
2019-10-14,4852402807763921.0,2019,10,287,18,0.9999999999999988
2019-10-15,,2019,10,288,0,0.0
2019-10-16,,2019,10,289,0,0.0
2019-10-17,,2019,10,290,0,0.0
2019-10-18,,2019,10,291,0,0.0
2019-10-19,1535259786717144.2,2019,10,292,12,0.6429767498115216
2019-10-20,,2019,10,293,0,0.0
2019-10-21,6830674627518568.0,2019,10,294,15,0.8577369310377309
2019-10-22,,2019,10,295,0,0.0
2019-10-23,2460548670856008.0,2019,10,296,12,0.6865938841613932
2019-10-24,,2019,10,297,0,0.0
2019-10-25,,2019,10,298,0,0.0
2019-10-26,8220139747910606.0,2019,10,299,3,0.0282943403228341
2019-10-27,,2019,10,300,0,0.0
2019-10-28,9951878736249644.0,2019,10,301,13,0.8368887315791228
2019-10-29,,2019,10,302,0,0.0
2019-10-30,5677070983794334.0,2019,10,303,10,0.5395618670284581
2019-10-31,,2019,10,304,0,0.0
2019-11-01,6268153805119614.0,2019,11,305,15,0.9281281005028112
2019-11-02,1523369870622720.0,2019,11,306,1,0.00375576018709
2019-11-03,3161154631893317.5,2019,11,307,5,0.1397396595577497
2019-11-04,8978479277849530.0,2019,11,308,17,0.987618037406628
2019-11-05,,2019,11,309,0,0.0
2019-11-06,4340923482273973.0,2019,11,310,17,0.9991600370601866
2019-11-07,,2019,11,311,0,0.0
2019-11-08,2770593368303835.0,2019,11,312,16,0.947852442257344
2019-11-09,,2019,11,313,0,0.0
2019-11-10,1675605453475441.5,2019,11,314,8,0.3210905341014433
2019-11-11,,2019,11,315,0,0.0
2019-11-12,,2019,11,316,0,0.0
2019-11-13,4606220781520748.0,2019,11,317,11,0.8441226176617882
2019-11-14,,2019,11,318,0,0.0
2019-11-15,1.0205009672712466e+16,2019,11,319,14,0.8043366928782061
2019-11-16,,2019,11,320,0,0.0
2019-11-17,2562992991333807.5,2019,11,321,12,0.619472883602434
2019-11-18,4481630804885848.0,2019,11,322,4,0.1864563687411067
2019-11-19,,2019,11,323,0,0.0
2019-11-20,9334484513786858.0,2019,11,324,12,0.6722229801102058
2019-11-21,,2019,11,325,0,0.0
2019-11-22,8367329074779291.0,2019,11,326,18,0.9999999999999988
2019-11-23,,2019,11,327,0,0.0
2019-11-24,2990933368508005.0,2019,11,328,18,0.9999999999999988
2019-11-25,,2019,11,329,0,0.0
2019-11-26,1928515590560319.5,2019,11,330,14,0.8731333919100588
2019-11-27,1.029773728282839e+16,2019,11,331,18,0.9999999999999988
2019-11-28,,2019,11,332,0,0.0
2019-11-29,1.0068396060654232e+16,2019,11,333,18,0.9999999999999988
2019-11-30,,2019,11,334,0,0.0
2019-12-01,2416340999489085.5,2019,12,335,18,0.9999999999999988
2019-12-02,,2019,12,336,0,0.0
2019-12-03,4388318314800921.0,2019,12,337,18,0.9999999999999988
2019-12-04,3447144957188389.5,2019,12,338,4,0.1864563687411067
2019-12-05,7782276457762026.0,2019,12,339,15,0.9141231603935356
2019-12-06,6919727680748198.0,2019,12,340,18,0.9999999999999988
2019-12-07,,2019,12,341,0,0.0
2019-12-08,6115032102114470.0,2019,12,342,18,0.9999999999999988
2019-12-09,,2019,12,343,0,0.0
2019-12-10,6046027735455914.0,2019,12,344,18,0.9999999999999988
2019-12-11,,2019,12,345,0,0.0
2019-12-12,2397729410028506.5,2019,12,346,18,0.9999999999999988
2019-12-13,1.0355868310709344e+16,2019,12,347,18,0.9999999999999988
2019-12-14,,2019,12,348,0,0.0
2019-12-15,7674326882322752.0,2019,12,349,18,0.9999999999999988
2019-12-16,,2019,12,350,0,0.0
2019-12-17,8279653620418328.0,2019,12,351,18,0.9999999999999988
2019-12-18,,2019,12,352,0,0.0
2019-12-19,7145244880043162.0,2019,12,353,18,0.9999999999999988
2019-12-20,3266576258426253.0,2019,12,354,2,0.0166851230747767
2019-12-21,,2019,12,355,0,0.0
2019-12-22,2512801633639222.5,2019,12,356,6,0.2207665006469902
2019-12-23,,2019,12,357,0,0.0
2019-12-24,6488587744482020.0,2019,12,358,18,0.9999999999999988
2019-12-25,,2019,12,359,0,0.0
2019-12-26,5270186261436074.0,2019,12,360,18,0.9999999999999988
2019-12-27,,2019,12,361,0,0.0
2019-12-28,3184265074529995.0,2019,12,362,14,0.8986412835343087
2019-12-29,-28402600505773.293,2019,12,363,3,0.1491027331056629
2019-12-30,,2019,12,364,0,0.0
2019-12-31,8846521880378646.0,2019,12,365,18,0.9999999999999988
2020-01-01,,2020,1,1,0,0.0
2020-01-02,1570202911618961.8,2020,1,2,11,0.4439721726957587
2020-01-03,,2020,1,3,0,0.0
2020-01-04,8023906039647214.0,2020,1,4,18,0.9999999999999988
2020-01-05,2248500239695770.5,2020,1,5,4,0.1864563687411067
2020-01-06,1.0838677854535524e+16,2020,1,6,14,0.8135436312588923
2020-01-07,8596457489037851.0,2020,1,7,18,0.9999999999999988
2020-01-08,,2020,1,8,0,0.0
2020-01-09,9610324104795482.0,2020,1,9,18,0.9999999999999988
2020-01-10,,2020,1,10,0,0.0
2020-01-11,4300150338332846.5,2020,1,11,18,0.9999999999999988
2020-01-12,,2020,1,12,0,0.0
2020-01-13,4839711432309312.0,2020,1,13,18,0.9999999999999988
2020-01-14,1.0368576693773794e+16,2020,1,14,18,0.9999999999999988
2020-01-15,,2020,1,15,0,0.0
2020-01-16,1.1860209644960304e+16,2020,1,16,18,0.9999999999999988
2020-01-17,,2020,1,17,0,0.0
2020-01-18,1888218356821150.8,2020,1,18,7,0.1564247826325264
2020-01-19,,2020,1,19,0,0.0
2020-01-20,,2020,1,20,0,0.0
2020-01-21,1522978141770017.8,2020,1,21,5,0.2081477245695012
2020-01-22,7374911289691606.0,2020,1,22,14,0.8135436312588923
2020-01-23,,2020,1,23,0,0.0
2020-01-24,,2020,1,24,0,0.0
2020-01-25,4411879227159998.5,2020,1,25,18,0.9999999999999988
2020-01-26,,2020,1,26,0,0.0
2020-01-27,5271190071060458.0,2020,1,27,18,0.9999999999999988
2020-01-28,,2020,1,28,0,0.0
2020-01-29,4144127360595501.0,2020,1,29,18,0.9999999999999988
2020-01-30,4017819532624125.0,2020,1,30,16,0.9933970155055594
2020-01-31,,2020,1,31,0,0.0
2020-02-01,1.1414184929495038e+16,2020,2,32,17,0.9962442398129088
2020-02-02,,2020,2,33,0,0.0
2020-02-03,5385763103638720.0,2020,2,34,17,0.9181736309164348
2020-02-04,,2020,2,35,0,0.0
2020-02-05,,2020,2,36,0,0.0
2020-02-06,530883786723581.1,2020,2,37,4,0.1864563687411067
2020-02-07,7122268302365864.0,2020,2,38,14,0.8135436312588923
2020-02-08,1.11451464337463e+16,2020,2,39,18,0.9999999999999988
2020-02-09,,2020,2,40,0,0.0
2020-02-10,8817151565233974.0,2020,2,41,18,0.9999999999999988
2020-02-11,,2020,2,42,0,0.0
2020-02-12,3702757930354566.5,2020,2,43,18,0.9999999999999988
2020-02-13,,2020,2,44,0,0.0
2020-02-14,2281665271075035.0,2020,2,45,7,0.201358783926814
2020-02-15,8237236169330765.0,2020,2,46,18,0.9999999999999988
2020-02-16,,2020,2,47,0,0.0
2020-02-17,9429975168601810.0,2020,2,48,18,0.9999999999999988
2020-02-18,,2020,2,49,0,0.0
2020-02-19,1.1365921275325152e+16,2020,2,50,18,0.9999999999999988
2020-02-20,,2020,2,51,0,0.0
2020-02-21,5102989774974536.0,2020,2,52,18,0.9999999999999988
2020-02-22,2123092986737817.5,2020,2,53,4,0.1864563687411067
2020-02-23,5476124828958792.0,2020,2,54,14,0.8135436312588923
2020-02-24,6240897889903215.0,2020,2,55,18,0.9999999999999988
2020-02-25,,2020,2,56,0,0.0
2020-02-26,5714824689090578.0,2020,2,57,18,0.9999999999999988
2020-02-27,,2020,2,58,0,0.0
2020-02-28,5335240745353905.0,2020,2,59,18,0.9999999999999988
2020-02-29,,2020,2,60,0,0.0
2020-03-01,2995057860596753.5,2020,3,61,12,0.6119855119812669
2020-03-02,4624244463747619.0,2020,3,62,15,0.965086718638421
2020-03-03,,2020,3,63,0,0.0
2020-03-04,6945096749590296.0,2020,3,64,18,0.9999999999999988
2020-03-05,-1300655169504006.0,2020,3,65,8,0.5172478869098567
2020-03-06,9003237081716595.0,2020,3,66,17,0.9991600370601866
2020-03-07,,2020,3,67,0,0.0
2020-03-08,3821374818116031.0,2020,3,68,18,0.9999999999999988
2020-03-09,8323417166090554.0,2020,3,69,18,0.9999999999999988
2020-03-10,6559178416683320.0,2020,3,70,17,0.930808283468312
2020-03-11,1.4855834788230616e+16,2020,3,71,16,0.8659558172472706
2020-03-12,5233712740104385.0,2020,3,72,17,0.9962442398129088
2020-03-13,5246937953805833.0,2020,3,73,18,0.9999999999999988
2020-03-14,,2020,3,74,0,0.0
2020-03-15,3799047754095089.0,2020,3,75,18,0.9999999999999988
2020-03-16,,2020,3,76,0,0.0
2020-03-17,1942600086853932.5,2020,3,77,8,0.2859503371279217
2020-03-18,7459039504770858.0,2020,3,78,17,0.9962442398129088
2020-03-19,4121045247645984.0,2020,3,79,13,0.6753310328195238
2020-03-20,6728034006576763.0,2020,3,80,18,0.9999999999999988
2020-03-21,141695942708857.75,2020,3,81,17,0.9962442398129088
2020-03-22,3693948376828591.0,2020,3,82,18,0.9999999999999988
2020-03-23,,2020,3,83,0,0.0
2020-03-24,4602523415430886.0,2020,3,84,18,0.9999999999999988
2020-03-25,8014869521859534.0,2020,3,85,18,0.9999999999999988
2020-03-26,5770834068934816.0,2020,3,86,18,0.9999999999999988
2020-03-27,4805730821462645.0,2020,3,87,18,0.9999999999999988
2020-03-28,4703079426791209.0,2020,3,88,18,0.9999999999999988
2020-03-29,3092104564016228.0,2020,3,89,18,0.9999999999999988
2020-03-30,,2020,3,90,0,0.0
2020-03-31,3090545579149428.5,2020,3,91,18,0.9999999999999988
2020-04-01,,2020,4,92,0,0.0
2020-04-02,2578028142067232.5,2020,4,93,10,0.3727024760032039
2020-04-03,5312496230068040.0,2020,4,94,18,0.9999999999999988
2020-04-04,1027510781472211.4,2020,4,95,9,0.4417623446066658
2020-04-05,3100394348635544.5,2020,4,96,18,0.9999999999999988
2020-04-06,-852764811771540.2,2020,4,97,16,0.9833148769252222
2020-04-07,2980249961455670.0,2020,4,98,16,0.8678862872125668
2020-04-08,,2020,4,99,0,0.0
2020-04-09,2766928289329468.5,2020,4,100,17,0.987618037406628
2020-04-10,3173328800158162.0,2020,4,101,18,0.9999999999999988
2020-04-11,2827536001961287.0,2020,4,102,18,0.9999999999999988
2020-04-12,1529836067225433.8,2020,4,103,18,0.9999999999999988
2020-04-13,5374525383182529.0,2020,4,104,18,0.9999999999999988
2020-04-14,3367639214642299.5,2020,4,105,18,0.9999999999999988
2020-04-15,,2020,4,106,0,0.0
2020-04-16,1740327158084256.8,2020,4,107,18,0.9999999999999988
2020-04-17,,2020,4,108,0,0.0
2020-04-18,1877612640729830.5,2020,4,109,8,0.3741030846047328
2020-04-19,3366505332511149.0,2020,4,110,17,0.930808283468312
2020-04-20,4404025785003283.0,2020,4,111,8,0.3222110588032318
2020-04-21,2586430504471853.5,2020,4,112,17,0.9962442398129088
2020-04-22,-1180975503164016.0,2020,4,113,17,0.9962442398129088
2020-04-23,3997636694748456.0,2020,4,114,16,0.8678862872319986
2020-04-24,,2020,4,115,0,0.0
2020-04-25,149404749135872.0,2020,4,116,2,0.0672763640220989
2020-04-26,1791595836640356.2,2020,4,117,18,0.9999999999999988
2020-04-27,2518154656314004.0,2020,4,118,18,0.9999999999999988
2020-04-28,797867760172667.1,2020,4,119,15,0.8264729941465789
2020-04-29,2722537012417051.5,2020,4,120,9,0.4479650424993932
2020-04-30,2434855185514114.5,2020,4,121,18,0.9999999999999988
2020-05-01,,2020,5,122,0,0.0
2020-05-02,2514606893502915.0,2020,5,123,18,0.9999999999999988
2020-05-03,,2020,5,124,0,0.0
2020-05-04,1674359260535169.2,2020,5,125,12,0.6119855119812669
2020-05-05,3461727386883861.0,2020,5,126,18,0.9999999999999988
2020-05-06,3699411234822933.0,2020,5,127,5,0.1901558175083197
2020-05-07,4144145255641475.0,2020,5,128,11,0.6705964073883635
2020-05-08,-581753946503737.9,2020,5,129,7,0.2146482542096034
2020-05-09,,2020,5,130,0,0.0
2020-05-10,,2020,5,131,0,0.0
2020-05-11,1646242979381247.8,2020,5,132,2,0.0672763640220989
2020-05-12,4420080184013314.5,2020,5,133,17,0.9181736309164348
2020-05-13,3280645002792304.5,2020,5,134,4,0.1620320959933496
2020-05-14,6818314746862740.0,2020,5,135,16,0.9383808756309346
2020-05-15,1703869400106707.2,2020,5,136,9,0.4543510653342365
2020-05-16,3453082831234139.5,2020,5,137,18,0.9999999999999988
2020-05-17,,2020,5,138,0,0.0
2020-05-18,2038644271423560.8,2020,5,139,18,0.9999999999999988
2020-05-19,,2020,5,140,0,0.0
2020-05-20,1889170938115818.5,2020,5,141,5,0.2178340101660104
2020-05-21,4447257995918930.5,2020,5,142,10,0.5011380355458681
2020-05-22,3240436723120867.0,2020,5,143,10,0.488503382993991
2020-05-23,3895866858232137.5,2020,5,144,15,0.9014885078416582
2020-05-24,-966639683216375.0,2020,5,145,15,0.807320773087161
2020-05-25,5170929289187947.0,2020,5,146,18,0.9999999999999988
2020-05-26,,2020,5,147,0,0.0
2020-05-27,1491117040125362.0,2020,5,148,18,0.9999999999999988
2020-05-28,4443273697664663.0,2020,5,149,15,0.937301703203408
2020-05-29,-902553172251311.6,2020,5,150,2,0.0066029844944396
2020-05-30,2691256815964374.0,2020,5,151,18,0.9999999999999988
2020-05-31,,2020,5,152,0,0.0
2020-06-01,2377504825729726.5,2020,6,153,15,0.8861630619617701
2020-06-02,,2020,6,154,0,0.0
2020-06-03,858273987072813.9,2020,6,155,5,0.2170052251119143
2020-06-04,,2020,6,156,0,0.0
2020-06-05,2078926777093136.5,2020,6,157,18,0.9999999999999988
2020-06-06,3664992498950088.0,2020,6,158,16,0.9405100630961822
2020-06-07,1768044707336771.5,2020,6,159,6,0.3526945666200834
2020-06-08,7002847058513218.0,2020,6,160,16,0.9440264261437444
2020-06-09,2865129542825821.5,2020,6,161,16,0.9833148769252222
2020-06-10,1581735812462573.8,2020,6,162,18,0.9999999999999988
2020-06-11,,2020,6,163,0,0.0
2020-06-12,2405089167003001.5,2020,6,164,18,0.9999999999999988
2020-06-13,4793127877666647.0,2020,6,165,18,0.9999999999999988
2020-06-14,3115946934762754.0,2020,6,166,18,0.9999999999999988
2020-06-15,4482161908859943.0,2020,6,167,18,0.9999999999999988
2020-06-16,3767789224851295.0,2020,6,168,17,0.9849414496470644
2020-06-17,3831109804533129.0,2020,6,169,18,0.9999999999999988
2020-06-18,,2020,6,170,0,0.0
2020-06-19,2382052923990020.0,2020,6,171,17,0.9783086441716043
2020-06-20,,2020,6,172,0,0.0
2020-06-21,,2020,6,173,0,0.0
2020-06-22,,2020,6,174,0,0.0
2020-06-23,348816674914304.0,2020,6,175,1,0.0150585503529344
2020-06-24,,2020,6,176,0,0.0
2020-06-25,,2020,6,177,0,0.0
2020-06-26,2476681656344004.0,2020,6,178,16,0.9933970155055594
2020-06-27,,2020,6,179,0,0.0
2020-06-28,2247725350329227.2,2020,6,180,18,0.9999999999999988
2020-06-29,2313433660693803.0,2020,6,181,16,0.9327236359779
2020-06-30,2041374783482356.0,2020,6,182,12,0.7613960735162371
2020-07-01,3127042622137579.5,2020,7,183,18,0.9999999999999988
2020-07-02,3810406416691521.0,2020,7,184,18,0.9999999999999988
2020-07-03,4111863746564073.5,2020,7,185,18,0.9999999999999988
2020-07-04,,2020,7,186,0,0.0
2020-07-05,1162294167898303.8,2020,7,187,7,0.3599034229013588
2020-07-06,,2020,7,188,0,0.0
2020-07-07,3509792513458176.0,2020,7,189,3,0.1469735456404152
2020-07-08,891557380320543.9,2020,7,190,3,0.0740010869624353
2020-07-09,,2020,7,191,0,0.0
2020-07-10,4655232839646297.0,2020,7,192,18,0.9999999999999988
2020-07-11,2067129825036618.0,2020,7,193,3,0.3268747307519316
2020-07-12,3252761121394124.5,2020,7,194,18,0.9999999999999988
2020-07-13,,2020,7,195,0,0.0
2020-07-14,3175875993435901.0,2020,7,196,18,0.9999999999999988
2020-07-15,3902227671024243.0,2020,7,197,18,0.9999999999999988
2020-07-16,3139636586520528.5,2020,7,198,18,0.9999999999999988
2020-07-17,3029572614746309.5,2020,7,199,18,0.9999999999999988
2020-07-18,3735483978616673.5,2020,7,200,16,0.983862277219538
2020-07-19,3837847872374917.0,2020,7,201,17,0.9991600370601866
2020-07-20,,2020,7,202,0,0.0
2020-07-21,3054400818407216.0,2020,7,203,18,0.9999999999999988
2020-07-22,,2020,7,204,0,0.0
2020-07-23,1328596133855349.2,2020,7,205,11,0.4924342261778332
2020-07-24,4511099031182530.0,2020,7,206,18,0.9999999999999988
2020-07-25,2768360506928645.0,2020,7,207,2,0.0749547380863141
2020-07-26,,2020,7,208,0,0.0
2020-07-27,1444905033808764.8,2020,7,209,9,0.7819560929984083
2020-07-28,,2020,7,210,0,0.0
2020-07-29,,2020,7,211,0,0.0
2020-07-30,3631272806637990.5,2020,7,212,16,0.941057463390498
2020-07-31,2752071798025188.0,2020,7,213,7,0.2532485515800796
2020-08-01,1395698343870464.0,2020,8,214,2,0.0947557319712507
2020-08-02,3369465241279801.5,2020,8,215,9,0.5061651652206368
2020-08-03,2849199401631972.5,2020,8,216,3,0.1469735456404152
2020-08-04,3161645013041793.0,2020,8,217,17,0.9181736309164348
2020-08-05,,2020,8,218,0,0.0
2020-08-06,2200905038925631.5,2020,8,219,18,0.9999999999999988
2020-08-07,,2020,8,220,0,0.0
2020-08-08,,2020,8,221,0,0.0
2020-08-09,246442391488217.12,2020,8,222,11,0.5952497844757777
2020-08-10,,2020,8,223,0,0.0
2020-08-11,3008799693661682.5,2020,8,224,12,0.7790253673971484
2020-08-12,2371049021687038.5,2020,8,225,2,0.0181449841479983
2020-08-13,2303850528951857.5,2020,8,226,5,0.2271295389643176
2020-08-14,,2020,8,227,0,0.0
2020-08-15,1935569398174403.2,2020,8,228,14,0.5717934972961876
2020-08-16,1363854568161175.5,2020,8,229,10,0.4735107729336112
2020-08-17,1036251350583867.6,2020,8,230,5,0.1397396595577497
2020-08-18,2866959667250319.5,2020,8,231,18,0.9999999999999988
2020-08-19,2521437170542910.0,2020,8,232,4,0.0933551233697217
2020-08-20,4818353110466242.0,2020,8,233,4,0.0933551233697217
2020-08-21,,2020,8,234,0,0.0
2020-08-22,3116048724550487.5,2020,8,235,18,0.9999999999999988
2020-08-23,,2020,8,236,0,0.0
2020-08-24,,2020,8,237,0,0.0
2020-08-25,992599154360320.0,2020,8,238,1,0.00375576018709
2020-08-26,1255001389268992.0,2020,8,239,1,0.0057630215546273
2020-08-27,4580775357841409.0,2020,8,240,3,0.1655104145952532
2020-08-28,3289817542798222.5,2020,8,241,16,0.9498597036248811
2020-08-29,,2020,8,242,0,0.0
2020-08-30,,2020,8,243,0,0.0
2020-08-31,3584064517713884.5,2020,8,244,17,0.9870706371123122
2020-09-01,4538662240170286.0,2020,9,245,18,0.9999999999999988
2020-09-02,2101281733205153.5,2020,9,246,18,0.9999999999999988
2020-09-03,2321454605145629.5,2020,9,247,18,0.9999999999999988
2020-09-04,,2020,9,248,0,0.0
2020-09-05,,2020,9,249,0,0.0
2020-09-06,,2020,9,250,0,0.0
2020-09-07,1813445116690432.0,2020,9,251,1,0.0008399629398123
2020-09-08,,2020,9,252,0,0.0
2020-09-09,,2020,9,253,0,0.0
2020-09-10,1982640891256254.5,2020,9,254,15,0.9283041383309132
2020-09-11,679919830958080.0,2020,9,255,1,0.00375576018709
2020-09-12,3806620020038506.5,2020,9,256,11,0.6592936172225191
2020-09-13,-1156646182271877.8,2020,9,257,14,0.7570196753079338
2020-09-14,928168605122560.0,2020,9,258,2,0.0616191243690643
2020-09-15,,2020,9,259,0,0.0
2020-09-16,,2020,9,260,0,0.0
2020-09-17,6053094940553675.0,2020,9,261,4,0.3499631763696348
2020-09-18,,2020,9,262,0,0.0
2020-09-19,,2020,9,263,0,0.0
2020-09-20,1065044759615816.2,2020,9,264,4,0.0933551233697217
2020-09-21,4192085233035405.0,2020,9,265,10,0.5395618670284581
2020-09-22,,2020,9,266,0,0.0
2020-09-23,2699356786635420.5,2020,9,267,5,0.1397396595577497
2020-09-24,,2020,9,268,0,0.0
2020-09-25,,2020,9,269,0,0.0
2020-09-26,2838159872476220.5,2020,9,270,3,0.0282943403228341
2020-09-27,1362214932739411.8,2020,9,271,4,0.1209641009766329
2020-09-28,4647385259208522.0,2020,9,272,16,0.9383808756309346
2020-09-29,,2020,9,273,0,0.0
2020-09-30,3645865531402829.5,2020,9,274,18,0.9999999999999988
2020-10-01,,2020,10,275,0,0.0
2020-10-02,2459525621414975.0,2020,10,276,18,0.9999999999999988
2020-10-03,4304028730715009.5,2020,10,277,18,0.9999999999999988
2020-10-04,2172824685408134.0,2020,10,278,18,0.9999999999999988
2020-10-05,4862109498676635.0,2020,10,279,18,0.9999999999999988
2020-10-06,5548905825061841.0,2020,10,280,18,0.9999999999999988
2020-10-07,6932142767396022.0,2020,10,281,18,0.9999999999999988
2020-10-08,,2020,10,282,0,0.0
2020-10-09,2392471364029198.0,2020,10,283,16,0.9383808756309346
2020-10-10,,2020,10,284,0,0.0
2020-10-11,1963927037951308.0,2020,10,285,18,0.9999999999999988
2020-10-12,2178506715413024.0,2020,10,286,8,0.2066307166070026
2020-10-13,,2020,10,287,0,0.0
2020-10-14,4390868986966365.5,2020,10,288,18,0.9999999999999988
2020-10-15,,2020,10,289,0,0.0
2020-10-16,2600537500917616.5,2020,10,290,6,0.3283244201841088
2020-10-17,,2020,10,291,0,0.0
2020-10-18,2546479461205929.5,2020,10,292,18,0.9999999999999988
2020-10-19,6251806986210942.0,2020,10,293,4,0.1864563687411067
2020-10-20,6352454825212941.0,2020,10,294,15,0.9141231603935356
2020-10-21,5544326457618216.0,2020,10,295,18,0.9999999999999988
2020-10-22,,2020,10,296,0,0.0
2020-10-23,3294133986108854.0,2020,10,297,18,0.9999999999999988
2020-10-24,,2020,10,298,0,0.0
2020-10-25,2852451142150491.0,2020,10,299,18,0.9999999999999988
2020-10-26,,2020,10,300,0,0.0
2020-10-27,4988331142642665.0,2020,10,301,18,0.9999999999999988
2020-10-28,9403284908222964.0,2020,10,302,18,0.9999999999999988
2020-10-29,,2020,10,303,0,0.0
2020-10-30,5827309168420227.0,2020,10,304,18,0.9999999999999988
2020-10-31,,2020,10,305,0,0.0
2020-11-01,1953350186202432.0,2020,11,306,18,0.9999999999999988
2020-11-02,,2020,11,307,0,0.0
2020-11-03,5047407849836928.0,2020,11,308,18,0.9999999999999988
2020-11-04,4231545114717705.0,2020,11,309,4,0.1864563687411067
2020-11-05,9629353552612148.0,2020,11,310,14,0.8135436312588923
2020-11-06,1.05677106492134e+16,2020,11,311,18,0.9999999999999988
2020-11-07,,2020,11,312,0,0.0
2020-11-08,3372306647527672.0,2020,11,313,18,0.9999999999999988
2020-11-09,,2020,11,314,0,0.0
2020-11-10,3914559215371870.5,2020,11,315,18,0.9999999999999988
2020-11-11,,2020,11,316,0,0.0
2020-11-12,4692042517698327.0,2020,11,317,18,0.9999999999999988
2020-11-13,1.1133362443240634e+16,2020,11,318,18,0.9999999999999988
2020-11-14,,2020,11,319,0,0.0
2020-11-15,2952846850651488.0,2020,11,320,18,0.9999999999999988
2020-11-16,,2020,11,321,0,0.0
2020-11-17,1506539215218289.5,2020,11,322,6,0.3468612891389468
2020-11-18,,2020,11,323,0,0.0
2020-11-19,5908636102192818.0,2020,11,324,18,0.9999999999999988
2020-11-20,,2020,11,325,0,0.0
2020-11-21,,2020,11,326,0,0.0
2020-11-22,5109959567908931.0,2020,11,327,18,0.9999999999999988
2020-11-23,,2020,11,328,0,0.0
2020-11-24,8602395093176506.0,2020,11,329,18,0.9999999999999988
2020-11-25,,2020,11,330,0,0.0
2020-11-26,4544978056480790.0,2020,11,331,18,0.9999999999999988
2020-11-27,,2020,11,332,0,0.0
2020-11-28,6173276350326797.0,2020,11,333,18,0.9999999999999988
2020-11-29,7300285207895254.0,2020,11,334,18,0.9999999999999988
2020-11-30,,2020,11,335,0,0.0
2020-12-01,9537587317170244.0,2020,12,336,17,0.9870706371123122
2020-12-02,,2020,12,337,0,0.0
2020-12-03,1.2148445839302126e+16,2020,12,338,8,0.3636262346829169
2020-12-04,,2020,12,339,0,0.0
2020-12-05,2496508272073891.5,2020,12,340,18,0.9999999999999988
2020-12-06,2518441693547579.0,2020,12,341,2,0.1043352893217332
2020-12-07,,2020,12,342,0,0.0
2020-12-08,1.0595402102198462e+16,2020,12,343,13,0.7276946064612845
2020-12-09,,2020,12,344,0,0.0
2020-12-10,8030931868835742.0,2020,12,345,18,0.9999999999999988
2020-12-11,,2020,12,346,0,0.0
2020-12-12,4124461281001691.0,2020,12,347,18,0.9999999999999988
2020-12-13,,2020,12,348,0,0.0
2020-12-14,3731583534871730.5,2020,12,349,17,0.9783086441716043
2020-12-15,1.311233335310656e+16,2020,12,350,18,0.9999999999999988
2020-12-16,,2020,12,351,0,0.0
2020-12-17,8103592963197410.0,2020,12,352,18,0.9999999999999988
2020-12-18,,2020,12,353,0,0.0
2020-12-19,6834444658189173.0,2020,12,354,18,0.9999999999999988
2020-12-20,,2020,12,355,0,0.0
2020-12-21,4537115161320317.0,2020,12,356,18,0.9999999999999988
2020-12-22,2235647296501290.5,2020,12,357,4,0.1864563687411067
2020-12-23,8876641703961050.0,2020,12,358,14,0.8135436312588923
2020-12-24,9271177955699866.0,2020,12,359,18,0.9999999999999988
2020-12-25,,2020,12,360,0,0.0
2020-12-26,5114775217953709.0,2020,12,361,18,0.9999999999999988
2020-12-27,,2020,12,362,0,0.0
2020-12-28,5074358093986313.0,2020,12,363,18,0.9999999999999988
2020-12-29,,2020,12,364,0,0.0
2020-12-30,2534464052122790.0,2020,12,365,18,0.9999999999999988
2020-12-31,4889413139764885.0,2020,12,366,18,0.9999999999999988
2021-01-01,,2021,1,1,0,0.0
2021-01-02,7472463954181378.0,2021,1,2,18,0.9999999999999988
2021-01-03,,2021,1,3,0,0.0
2021-01-04,8306338495405746.0,2021,1,4,18,0.9999999999999988
2021-01-05,,2021,1,5,0,0.0
2021-01-06,9362123170296876.0,2021,1,6,18,0.9999999999999988
2021-01-07,1301280720928045.8,2021,1,7,2,0.0166851230747767
2021-01-08,1.0227767023092408e+16,2021,1,8,8,0.378416823768409
2021-01-09,6264351150165816.0,2021,1,9,16,0.8777291150369614
2021-01-10,,2021,1,10,0,0.0
2021-01-11,5709778573726831.0,2021,1,11,13,0.7919547302848351
2021-01-12,,2021,1,12,0,0.0
2021-01-13,6330401238039285.0,2021,1,13,14,0.8047816383181844
2021-01-14,,2021,1,14,0,0.0
2021-01-15,3689259176717630.5,2021,1,15,13,0.6641029876338357
2021-01-16,1.6725190359779218e+16,2021,1,16,14,0.9679498994900748
2021-01-17,,2021,1,17,0,0.0
2021-01-18,1.2012213444139756e+16,2021,1,18,18,0.9999999999999988
2021-01-19,,2021,1,19,0,0.0
2021-01-20,8294443277430542.0,2021,1,20,12,0.7790253673971484
2021-01-21,,2021,1,21,0,0.0
2021-01-22,7802244162752435.0,2021,1,22,18,0.9999999999999988
2021-01-23,4691304394033650.0,2021,1,23,5,0.2081477245695012
2021-01-24,,2021,1,24,0,0.0
2021-01-25,1.0027720478167604e+16,2021,1,25,18,0.9999999999999988
2021-01-26,,2021,1,26,0,0.0
2021-01-27,6463486049605763.0,2021,1,27,18,0.9999999999999988
2021-01-28,,2021,1,28,0,0.0
2021-01-29,6638501499640146.0,2021,1,29,18,0.9999999999999988
2021-01-30,,2021,1,30,0,0.0
2021-01-31,4115812325775857.5,2021,1,31,18,0.9999999999999988
2021-02-01,3866518453824292.0,2021,2,32,18,0.9999999999999988
2021-02-02,,2021,2,33,0,0.0
2021-02-03,8965549270673070.0,2021,2,34,18,0.9999999999999988
2021-02-04,,2021,2,35,0,0.0
2021-02-05,1.1942107032746806e+16,2021,2,36,18,0.9999999999999988
2021-02-06,,2021,2,37,0,0.0
2021-02-07,3179106680126125.5,2021,2,38,18,0.9999999999999988
2021-02-08,2565094562033805.5,2021,2,39,5,0.2081477245695012
2021-02-09,9102497200378094.0,2021,2,40,13,0.7918522754304977
2021-02-10,4552030819446119.0,2021,2,41,17,0.930808283468312
2021-02-11,,2021,2,42,0,0.0
2021-02-12,3534954290417604.5,2021,2,43,18,0.9999999999999988
2021-02-13,,2021,2,44,0,0.0
2021-02-14,2195036861987502.5,2021,2,45,18,0.9999999999999988
2021-02-15,,2021,2,46,0,0.0
2021-02-16,3655372696733845.0,2021,2,47,18,0.9999999999999988
2021-02-17,8294252237697597.0,2021,2,48,18,0.9999999999999988
2021-02-18,,2021,2,49,0,0.0
2021-02-19,1.1928135505201656e+16,2021,2,50,18,0.9999999999999988
2021-02-20,,2021,2,51,0,0.0
2021-02-21,7204556139345006.0,2021,2,52,18,0.9999999999999988
2021-02-22,,2021,2,53,0,0.0
2021-02-23,5449601772881509.0,2021,2,54,18,0.9999999999999988
2021-02-24,6416767694616438.0,2021,2,55,5,0.2081477245695012
2021-02-25,7200310524550644.0,2021,2,56,14,0.8135436312588923
2021-02-26,8789803928167270.0,2021,2,57,18,0.9999999999999988
2021-02-27,,2021,2,58,0,0.0
2021-02-28,4009932308841921.5,2021,2,59,18,0.9999999999999988
2021-03-01,,2021,3,60,0,0.0
2021-03-02,2629945288669322.5,2021,3,61,18,0.9999999999999988
2021-03-03,,2021,3,62,0,0.0
2021-03-04,4579720165228112.0,2021,3,63,18,0.9999999999999988
2021-03-05,6163331082073990.0,2021,3,64,18,0.9999999999999988
2021-03-06,2315094973585878.5,2021,3,65,10,0.5966205345461196
2021-03-07,4300440762771253.0,2021,3,66,18,0.9999999999999988
2021-03-08,1961825296572232.8,2021,3,67,17,0.9962442398129088
2021-03-09,6047388378853019.0,2021,3,68,18,0.9999999999999988
2021-03-10,,2021,3,69,0,0.0
2021-03-11,5192719815639091.0,2021,3,70,18,0.9999999999999988
2021-03-12,8989964465903026.0,2021,3,71,18,0.9999999999999988
2021-03-13,6153533426081243.0,2021,3,72,18,0.9999999999999988
2021-03-14,4837448499639078.0,2021,3,73,18,0.9999999999999988
2021-03-15,3510128307124341.5,2021,3,74,17,0.8802682498059378
2021-03-16,4587152379994271.0,2021,3,75,18,0.9999999999999988
2021-03-17,,2021,3,76,0,0.0
2021-03-18,1804560646199440.0,2021,3,77,18,0.9999999999999988
2021-03-19,,2021,3,78,0,0.0
2021-03-20,1281207768630402.5,2021,3,79,10,0.4707428703494387
2021-03-21,5773728819748245.0,2021,3,80,18,0.9999999999999988
2021-03-22,6645492342441484.0,2021,3,81,12,0.6061393162878369
2021-03-23,7025102340956518.0,2021,3,82,18,0.9999999999999988
2021-03-24,1439585569874730.0,2021,3,83,17,0.9962442398129088
2021-03-25,6623684499623913.0,2021,3,84,18,0.9999999999999988
2021-03-26,,2021,3,85,0,0.0
2021-03-27,4577398666982123.0,2021,3,86,18,0.9999999999999988
2021-03-28,5403513502511865.0,2021,3,87,18,0.9999999999999988
2021-03-29,2052188648419548.0,2021,3,88,11,0.5127289677885797
2021-03-30,5466568931797524.0,2021,3,89,18,0.9999999999999988
2021-03-31,5152214764543210.0,2021,3,90,17,0.9849414496470644
2021-04-01,1886205035797802.5,2021,4,91,17,0.9991600370601866
2021-04-02,,2021,4,92,0,0.0
2021-04-03,2402032526554844.0,2021,4,93,18,0.9999999999999988
2021-04-04,,2021,4,94,0,0.0
2021-04-05,1433396238522517.8,2021,4,95,8,0.4048421243627387
2021-04-06,2268084520320895.0,2021,4,96,7,0.1909277096297173
2021-04-07,4523867696347002.0,2021,4,97,11,0.5932099534001503
2021-04-08,5932303299556581.0,2021,4,98,17,0.9962442398129088
2021-04-09,-1071684162045594.8,2021,4,99,16,0.927052523281222
2021-04-10,5201643752906707.0,2021,4,100,18,0.9999999999999988
2021-04-11,,2021,4,101,0,0.0
2021-04-12,1840682027918528.8,2021,4,102,13,0.6745706969140572
2021-04-13,5460001721527374.0,2021,4,103,15,0.8491041366621357
2021-04-14,,2021,4,104,0,0.0
2021-04-15,5273517614796251.0,2021,4,105,18,0.9999999999999988
2021-04-16,4423027133933363.0,2021,4,106,17,0.8802682498059378
2021-04-17,3894376528828593.0,2021,4,107,18,0.9999999999999988
2021-04-18,,2021,4,108,0,0.0
2021-04-19,3164756091800243.5,2021,4,109,18,0.9999999999999988
2021-04-20,,2021,4,110,0,0.0
2021-04-21,6380033331278765.0,2021,4,111,18,0.9999999999999988
2021-04-22,7523047203294666.0,2021,4,112,18,0.9999999999999988
2021-04-23,4028517011345703.0,2021,4,113,12,0.6061393162878369
2021-04-24,6149995752627137.0,2021,4,114,18,0.9999999999999988
2021-04-25,-2166851951651261.5,2021,4,115,16,0.949683665796779
2021-04-26,5153423319802823.0,2021,4,116,14,0.7842193914433501
2021-04-27,,2021,4,117,0,0.0
2021-04-28,2422994550773531.5,2021,4,118,18,0.9999999999999988
2021-04-29,5155779560858103.0,2021,4,119,17,0.930808283468312
2021-04-30,1262735677046961.2,2021,4,120,6,0.3509555627190975
2021-05-01,4099672267019341.0,2021,5,121,18,0.9999999999999988
2021-05-02,3956919060011379.0,2021,5,122,17,0.8802682498059378
2021-05-03,5289062380602009.0,2021,5,123,18,0.9999999999999988
2021-05-04,,2021,5,124,0,0.0
2021-05-05,2232747082891696.0,2021,5,125,5,0.169504864408622
2021-05-06,,2021,5,126,0,0.0
2021-05-07,3029555860290818.5,2021,5,127,15,0.8530264543595838
2021-05-08,4648416683853931.0,2021,5,128,17,0.953439425983869
2021-05-09,2274456575215098.5,2021,5,129,3,0.0730393855767262
2021-05-10,9308695960862602.0,2021,5,130,15,0.937301703203408
2021-05-11,1377202543157368.2,2021,5,131,4,0.1322668911424773
2021-05-12,2556034627403776.0,2021,5,132,1,0.0150585503529344
2021-05-13,,2021,5,133,0,0.0
2021-05-14,569431890233847.0,2021,5,134,3,0.0282943403228341
2021-05-15,4024487866222105.5,2021,5,135,8,0.378416823768409
2021-05-16,1622849634697216.0,2021,5,136,1,0.0008399629398123
2021-05-17,5577103428967362.0,2021,5,137,17,0.9477821863308344
2021-05-18,2477320960261336.0,2021,5,138,11,0.6452886770938113
2021-05-19,4592853299957679.0,2021,5,139,18,0.9999999999999988
2021-05-20,,2021,5,140,0,0.0
2021-05-21,3764230330113605.0,2021,5,141,17,0.9849414496470644
2021-05-22,,2021,5,142,0,0.0
2021-05-23,1199072188025777.5,2021,5,143,10,0.4402164125086687
2021-05-24,6027837782019450.0,2021,5,144,13,0.9028570223154286
2021-05-25,569166032856911.0,2021,5,145,7,0.3596412651872923
2021-05-26,4982117196171234.0,2021,5,146,16,0.9354002237374636
2021-05-27,2870789288402862.0,2021,5,147,17,0.9962442398129088
2021-05-28,4653367133039139.0,2021,5,148,18,0.9999999999999988
2021-05-29,,2021,5,149,0,0.0
2021-05-30,2327382100237501.0,2021,5,150,18,0.9999999999999988
2021-05-31,5456952974702498.0,2021,5,151,18,0.9999999999999988
2021-06-01,479793677270949.0,2021,6,152,8,0.3636262346829169
2021-06-02,601771487149770.0,2021,6,153,3,0.0716637675413272
2021-06-03,,2021,6,154,0,0.0
2021-06-04,,2021,6,155,0,0.0
2021-06-05,,2021,6,156,0,0.0
2021-06-06,2037542609820547.2,2021,6,157,14,0.8519739095025354
2021-06-07,,2021,6,158,0,0.0
2021-06-08,3867357462366707.0,2021,6,159,18,0.9999999999999988
2021-06-09,3409734623855452.5,2021,6,160,18,0.9999999999999988
2021-06-10,2920291609083904.0,2021,6,161,1,0.00375576018709
2021-06-11,,2021,6,162,0,0.0
2021-06-12,53254151846046.08,2021,6,163,4,0.0933551233697217
2021-06-13,,2021,6,164,0,0.0
2021-06-14,,2021,6,165,0,0.0
2021-06-15,2436326208289599.5,2021,6,166,7,0.2440749488794829
2021-06-16,2527010346826566.0,2021,6,167,17,0.9849414496470644
2021-06-17,,2021,6,168,0,0.0
2021-06-18,,2021,6,169,0,0.0
2021-06-19,,2021,6,170,0,0.0
2021-06-20,3022107912403940.5,2021,6,171,13,0.5871899581490837
2021-06-21,,2021,6,172,0,0.0
2021-06-22,,2021,6,173,0,0.0
2021-06-23,,2021,6,174,0,0.0
2021-06-24,,2021,6,175,0,0.0
2021-06-25,580896639543858.4,2021,6,176,7,0.4359667704302955
2021-06-26,977716928879130.4,2021,6,177,3,0.1172083407895429
2021-06-27,,2021,6,178,0,0.0
2021-06-28,,2021,6,179,0,0.0
2021-06-29,,2021,6,180,0,0.0
2021-06-30,,2021,6,181,0,0.0
2021-07-01,2896223149228032.0,2021,7,182,1,0.0008399629398123
2021-07-02,,2021,7,183,0,0.0
2021-07-03,,2021,7,184,0,0.0
2021-07-04,2428407707463024.0,2021,7,185,12,0.5653181379494939
2021-07-05,3308706913893134.0,2021,7,186,11,0.7868116068636172
2021-07-06,2242436135387937.2,2021,7,187,4,0.2335686882128581
2021-07-07,,2021,7,188,0,0.0
2021-07-08,,2021,7,189,0,0.0
2021-07-09,,2021,7,190,0,0.0
2021-07-10,841500761345857.1,2021,7,191,5,0.2271295389643176
2021-07-11,2902676584133897.5,2021,7,192,17,0.8802682498253696
2021-07-12,1835845466669741.5,2021,7,193,11,0.5520239868289998
2021-07-13,2453501838453785.5,2021,7,194,9,0.4789963529030523
2021-07-14,2385178084703077.5,2021,7,195,13,0.8758586166624456
2021-07-15,,2021,7,196,0,0.0
2021-07-16,,2021,7,197,0,0.0
2021-07-17,1067454339777938.2,2021,7,198,3,0.021661534847374
2021-07-18,3302501146703841.0,2021,7,199,17,0.9870706371123122
2021-07-19,1546756409243531.2,2021,7,200,14,0.7293723864875064
2021-07-20,3012234753232831.0,2021,7,201,17,0.9181736309164348
2021-07-21,2383312274771801.0,2021,7,202,15,0.807320773087161
2021-07-22,4697735566127988.0,2021,7,203,8,0.3534642736333865
2021-07-23,,2021,7,204,0,0.0
2021-07-24,5050814459326858.0,2021,7,205,18,0.9999999999999988
2021-07-25,,2021,7,206,0,0.0
2021-07-26,1826181635744948.5,2021,7,207,10,0.4402164125086687
2021-07-27,6037396049326134.0,2021,7,208,18,0.9999999999999988
2021-07-28,1085994919111754.0,2021,7,209,5,0.2393317097674853
2021-07-29,2542500824253262.5,2021,7,210,18,0.9999999999999988
2021-07-30,-729893069498748.0,2021,7,211,3,0.1172083407895429
2021-07-31,6217248193445567.0,2021,7,212,18,0.9999999999999988
2021-08-01,,2021,8,213,0,0.0
2021-08-02,2292726386754281.0,2021,8,214,15,0.7481545370379376
2021-08-03,3256023760155367.5,2021,8,215,6,0.5772040212208944
2021-08-04,825432584749056.0,2021,8,216,1,0.081826369083564
2021-08-05,4418461838833699.0,2021,8,217,18,0.9999999999999988
2021-08-06,1685126954990552.0,2021,8,218,15,0.807320773087161
2021-08-07,3574186081211743.0,2021,8,219,18,0.9999999999999988
2021-08-08,,2021,8,220,0,0.0
2021-08-09,3133720071742391.5,2021,8,221,18,0.9999999999999988
2021-08-10,,2021,8,222,0,0.0
2021-08-11,958486976525138.2,2021,8,223,16,0.8110765332742511
2021-08-12,6251215165822413.0,2021,8,224,18,0.9999999999999988
2021-08-13,2648879740747775.5,2021,8,225,2,0.0672763640220989
2021-08-14,1142863125909301.0,2021,8,226,11,0.5406154772721166
2021-08-15,301792831508533.3,2021,8,227,17,0.9962442398129088
2021-08-16,2137869641827523.2,2021,8,228,14,0.8406444917662128
2021-08-17,,2021,8,229,0,0.0
2021-08-18,4769496307046960.0,2021,8,230,18,0.9999999999999988
2021-08-19,2385267892147093.5,2021,8,231,18,0.9999999999999988
2021-08-20,,2021,8,232,0,0.0
2021-08-21,,2021,8,233,0,0.0
2021-08-22,1304733875361208.0,2021,8,234,3,0.1172083407895429
2021-08-23,1449938707929187.8,2021,8,235,9,0.3765555975706036
2021-08-24,,2021,8,236,0,0.0
2021-08-25,,2021,8,237,0,0.0
2021-08-26,,2021,8,238,0,0.0
2021-08-27,,2021,8,239,0,0.0
2021-08-28,,2021,8,240,0,0.0
2021-08-29,966516623278080.0,2021,8,241,1,0.0057630215546273
2021-08-30,,2021,8,242,0,0.0
2021-08-31,,2021,8,243,0,0.0
2021-09-01,,2021,9,244,0,0.0
2021-09-02,,2021,9,245,0,0.0
2021-09-03,626985488228132.2,2021,9,246,3,0.1491027331056629
2021-09-04,2607927974394451.5,2021,9,247,18,0.9999999999999988
2021-09-05,611985568026031.9,2021,9,248,6,0.3509555627190975
2021-09-06,3086966948899712.0,2021,9,249,11,0.6044143332494997
2021-09-07,,2021,9,250,0,0.0
2021-09-08,1057164325043926.0,2021,9,251,9,0.4703701504967713
2021-09-09,,2021,9,252,0,0.0
2021-09-10,1995245207685406.8,2021,9,253,9,0.6738039717011426
2021-09-11,,2021,9,254,0,0.0
2021-09-12,,2021,9,255,0,0.0
2021-09-13,,2021,9,256,0,0.0
2021-09-14,2010692072459540.0,2021,9,257,5,0.350122483445575
2021-09-15,6502800978253461.0,2021,9,258,17,0.9962442398129088
2021-09-16,-141856970096335.5,2021,9,259,10,0.5089732076014897
2021-09-17,-1102186788421632.0,2021,9,260,1,0.0463845361880279
2021-09-18,,2021,9,261,0,0.0
2021-09-19,507826035399169.3,2021,9,262,2,0.0672763640220989
2021-09-20,4875183170967249.0,2021,9,263,14,0.9222431528504736
2021-09-21,2665116860998853.0,2021,9,264,18,0.9999999999999988
2021-09-22,2277089684441247.0,2021,9,265,18,0.9999999999999988
2021-09-23,4333250509429853.0,2021,9,266,15,0.9346251154438444
2021-09-24,4011238081271867.0,2021,9,267,16,0.9383808756309346
2021-09-25,,2021,9,268,0,0.0
2021-09-26,1170864040791508.0,2021,9,269,3,0.1491027331056629
2021-09-27,,2021,9,270,0,0.0
2021-09-28,1533554531793091.2,2021,9,271,7,0.3526243106935742
2021-09-29,7453920501995325.0,2021,9,272,15,0.8530264543595838
2021-09-30,3252682349346816.0,2021,9,273,1,0.0057630215546273
2021-10-01,-942928797106176.0,2021,10,274,2,0.0947557319712507
2021-10-02,-3136209028741430.0,2021,10,275,11,0.6835842417491383
2021-10-03,4611378261672075.0,2021,10,276,16,0.92609083050244
2021-10-04,,2021,10,277,0,0.0
2021-10-05,,2021,10,278,0,0.0
2021-10-06,2114293085452269.2,2021,10,279,3,0.0858768396064635
2021-10-07,2432043047070776.0,2021,10,280,14,0.8135436312588923
2021-10-08,-48143270122701.17,2021,10,281,11,0.551943829621829
2021-10-09,6452426212798709.0,2021,10,282,4,0.1620320959933496
2021-10-10,2914452973832944.0,2021,10,283,18,0.9999999999999988
2021-10-11,,2021,10,284,0,0.0
2021-10-12,4413360512936912.0,2021,10,285,18,0.9999999999999988
2021-10-13,,2021,10,286,0,0.0
2021-10-14,3636722784724190.5,2021,10,287,18,0.9999999999999988
2021-10-15,5635326701306804.0,2021,10,288,18,0.9999999999999988
2021-10-16,,2021,10,289,0,0.0
2021-10-17,,2021,10,290,0,0.0
2021-10-18,,2021,10,291,0,0.0
2021-10-19,1.2447246518153074e+16,2021,10,292,17,0.9477821863308344
2021-10-20,,2021,10,293,0,0.0
2021-10-21,2678023212483206.0,2021,10,294,4,0.12686660808994
2021-10-22,1300963188933425.2,2021,10,295,2,0.0821210794193735
2021-10-23,-2063986142649282.5,2021,10,296,5,0.1397396595577497
2021-10-24,2286945523139429.0,2021,10,297,4,0.1956633071217928
2021-10-25,,2021,10,298,0,0.0
2021-10-26,4597852692897657.0,2021,10,299,18,0.9999999999999988
2021-10-27,,2021,10,300,0,0.0
2021-10-28,1084371525876966.0,2021,10,301,9,0.3017717555510993
2021-10-29,,2021,10,302,0,0.0
2021-10-30,1476830133486168.2,2021,10,303,14,0.7163208013030002
2021-10-31,5346848034138812.0,2021,10,304,17,0.953439425983869
2021-11-01,,2021,11,305,0,0.0
2021-11-02,7681351558469118.0,2021,11,306,18,0.9999999999999988
2021-11-03,,2021,11,307,0,0.0
2021-11-04,1.1032563998561278e+16,2021,11,308,18,0.9999999999999988
2021-11-05,,2021,11,309,0,0.0
2021-11-06,4246121408239543.0,2021,11,310,18,0.9999999999999988
2021-11-07,508586899703814.2,2021,11,311,4,0.1864563687411067
2021-11-08,5873521607792878.0,2021,11,312,14,0.8135436312588923
2021-11-09,9484365640400724.0,2021,11,313,18,0.9999999999999988
2021-11-10,,2021,11,314,0,0.0
2021-11-11,5499267300872973.0,2021,11,315,18,0.9999999999999988
2021-11-12,,2021,11,316,0,0.0
2021-11-13,2371119611463323.0,2021,11,317,17,0.9942369784453716
2021-11-14,,2021,11,318,0,0.0
2021-11-15,4187608731573287.0,2021,11,319,18,0.9999999999999988
2021-11-16,1.2052753368001714e+16,2021,11,320,18,0.9999999999999988
2021-11-17,,2021,11,321,0,0.0
2021-11-18,1.1666879203612936e+16,2021,11,322,18,0.9999999999999988
2021-11-19,,2021,11,323,0,0.0
2021-11-20,8796183043072554.0,2021,11,324,18,0.9999999999999988
2021-11-21,,2021,11,325,0,0.0
2021-11-22,2416778080822572.5,2021,11,326,14,0.6921311192576527
2021-11-23,,2021,11,327,0,0.0
2021-11-24,607254822780928.0,2021,11,328,3,0.1491027331056629
2021-11-25,4997887608947879.0,2021,11,329,17,0.930808283468312
2021-11-26,,2021,11,330,0,0.0
2021-11-27,7666081531719770.0,2021,11,331,18,0.9999999999999988
2021-11-28,,2021,11,332,0,0.0
2021-11-29,4922488169318847.0,2021,11,333,18,0.9999999999999988
2021-11-30,,2021,11,334,0,0.0
2021-12-01,2168878170698702.8,2021,12,335,15,0.6913447830996217
2021-12-02,7203969646805822.0,2021,12,336,18,0.9999999999999988
2021-12-03,,2021,12,337,0,0.0
2021-12-04,1.0057995930059534e+16,2021,12,338,18,0.9999999999999988
2021-12-05,,2021,12,339,0,0.0
2021-12-06,1.1637667243550406e+16,2021,12,340,18,0.9999999999999988
2021-12-07,,2021,12,341,0,0.0
2021-12-08,6600163199058272.0,2021,12,342,18,0.9999999999999988
2021-12-09,3848325228282806.5,2021,12,343,5,0.2081477245695012
2021-12-10,1.0309710415233962e+16,2021,12,344,13,0.7918522754304977
2021-12-11,9586945693680148.0,2021,12,345,18,0.9999999999999988
2021-12-12,,2021,12,346,0,0.0
2021-12-13,1.1084638811746432e+16,2021,12,347,18,0.9999999999999988
2021-12-14,,2021,12,348,0,0.0
2021-12-15,7492772152947643.0,2021,12,349,18,0.9999999999999988
2021-12-16,,2021,12,350,0,0.0
2021-12-17,1536132141051954.5,2021,12,351,7,0.2851103741881094
2021-12-18,1.1774399146572554e+16,2021,12,352,14,0.8617163906839754
2021-12-19,,2021,12,353,0,0.0
2021-12-20,5482953919360128.0,2021,12,354,3,0.0681163269619112
2021-12-21,,2021,12,355,0,0.0
2021-12-22,1.1354021496662908e+16,2021,12,356,18,0.9999999999999988
2021-12-23,,2021,12,357,0,0.0
2021-12-24,5607717908523163.0,2021,12,358,18,0.9999999999999988
2021-12-25,-934967597318550.0,2021,12,359,5,0.2081477245695012
2021-12-26,5528675296076643.0,2021,12,360,13,0.7918522754304977
2021-12-27,1.1562739991625634e+16,2021,12,361,18,0.9999999999999988
2021-12-28,,2021,12,362,0,0.0
2021-12-29,7108630530424669.0,2021,12,363,18,0.9999999999999988
2021-12-30,,2021,12,364,0,0.0
2021-12-31,5841136415733007.0,2021,12,365,18,0.9999999999999988
2022-01-01,,2022,1,1,0,0.0
2022-01-02,3784522794727790.5,2022,1,2,18,0.9999999999999988
2022-01-03,1.2206033363081114e+16,2022,1,3,18,0.9999999999999988
2022-01-04,,2022,1,4,0,0.0
2022-01-05,1.1268088848415634e+16,2022,1,5,18,0.9999999999999988
2022-01-06,,2022,1,6,0,0.0
2022-01-07,1.8083252253810436e+16,2022,1,7,15,0.8193952432311404
2022-01-08,,2022,1,8,0,0.0
2022-01-09,4688637830661220.0,2022,1,9,18,0.9999999999999988
2022-01-10,5076536157012736.0,2022,1,10,5,0.2081477245695012
2022-01-11,,2022,1,11,0,0.0
2022-01-12,1.1069262943704856e+16,2022,1,12,18,0.9999999999999988
2022-01-13,,2022,1,13,0,0.0
2022-01-14,1.2287021029354848e+16,2022,1,14,18,0.9999999999999988
2022-01-15,,2022,1,15,0,0.0
2022-01-16,3774630385046043.0,2022,1,16,18,0.9999999999999988
2022-01-17,,2022,1,17,0,0.0
2022-01-18,6955694766743113.0,2022,1,18,10,0.5423877403591344
2022-01-19,1.4286350539708882e+16,2022,1,19,18,0.9999999999999988
2022-01-20,,2022,1,20,0,0.0
2022-01-21,,2022,1,21,0,0.0
2022-01-22,,2022,1,22,0,0.0
2022-01-23,7551703471947059.0,2022,1,23,18,0.9999999999999988
2022-01-24,,2022,1,24,0,0.0
2022-01-25,2913803289229468.0,2022,1,25,18,0.9999999999999988
2022-01-26,4991570820339248.0,2022,1,26,5,0.2081477245695012
2022-01-27,6185293414923258.0,2022,1,27,12,0.6721205252364365
2022-01-28,1.0224715479320738e+16,2022,1,28,18,0.9999999999999988
2022-01-29,,2022,1,29,0,0.0
2022-01-30,3602804573295794.5,2022,1,30,18,0.9999999999999988
2022-01-31,,2022,1,31,0,0.0
2022-02-01,4414533034815168.0,2022,2,32,18,0.9999999999999988
2022-02-02,,2022,2,33,0,0.0
2022-02-03,4895608314273939.0,2022,2,34,18,0.9999999999999988
2022-02-04,7475908090348758.0,2022,2,35,18,0.9999999999999988
2022-02-05,,2022,2,36,0,0.0
2022-02-06,3529688250920178.0,2022,2,37,15,0.937301703203408
2022-02-07,,2022,2,38,0,0.0
2022-02-08,9790785665528154.0,2022,2,39,12,0.6722229801102058
2022-02-09,,2022,2,40,0,0.0
2022-02-10,3567702652218745.5,2022,2,41,17,0.987618037406628
2022-02-11,-1090476085485568.0,2022,2,42,5,0.2081477245695012
2022-02-12,1242715635318784.0,2022,2,43,3,0.1491027331056629
2022-02-13,382199414740348.5,2022,2,44,9,0.4913170509870588
2022-02-14,,2022,2,45,0,0.0
2022-02-15,9502917515008450.0,2022,2,46,17,0.953439425983869
2022-02-16,,2022,2,47,0,0.0
2022-02-17,5924888073283332.0,2022,2,48,18,0.9999999999999988
2022-02-18,,2022,2,49,0,0.0
2022-02-19,5697739941243415.0,2022,2,50,18,0.9999999999999988
2022-02-20,6117909876964261.0,2022,2,51,18,0.9999999999999988
2022-02-21,,2022,2,52,0,0.0
2022-02-22,8227597902323357.0,2022,2,53,18,0.9999999999999988
2022-02-23,,2022,2,54,0,0.0
2022-02-24,1.1359892560077246e+16,2022,2,55,18,0.9999999999999988
2022-02-25,,2022,2,56,0,0.0
2022-02-26,5230450633318053.0,2022,2,57,18,0.9999999999999988
2022-02-27,3612603397829158.5,2022,2,58,4,0.1864563687411067
2022-02-28,5814561222823654.0,2022,2,59,14,0.8135436312588923
2022-03-01,9508449030851196.0,2022,3,60,18,0.9999999999999988
2022-03-02,,2022,3,61,0,0.0
2022-03-03,7362193139720798.0,2022,3,62,18,0.9999999999999988
2022-03-04,,2022,3,63,0,0.0
2022-03-05,3158072995756253.5,2022,3,64,18,0.9999999999999988
2022-03-06,,2022,3,65,0,0.0
2022-03-07,209087506654519.8,2022,3,66,10,0.4995978563339894
2022-03-08,3873643540870095.0,2022,3,67,18,0.9999999999999988
2022-03-09,3417440885023121.0,2022,3,68,13,0.725871066481898
2022-03-10,4860487880852478.0,2022,3,69,18,0.9999999999999988
2022-03-11,3737102495037929.5,2022,3,70,17,0.9962442398129088
2022-03-12,5541250977625008.0,2022,3,71,18,0.9999999999999988
2022-03-13,,2022,3,72,0,0.0
2022-03-14,3966781392691896.0,2022,3,73,18,0.9999999999999988
2022-03-15,5672561891290846.0,2022,3,74,16,0.9720120867593778
2022-03-16,-333023572221562.25,2022,3,75,2,0.0066029844944396
2022-03-17,6832626928495301.0,2022,3,76,18,0.9999999999999988
2022-03-18,6595357773060837.0,2022,3,77,17,0.953439425983869
2022-03-19,2452122048769401.0,2022,3,78,17,0.953439425983869
2022-03-20,,2022,3,79,0,0.0
2022-03-21,2337297256714351.0,2022,3,80,18,0.9999999999999988
2022-03-22,,2022,3,81,0,0.0
2022-03-23,3581868302470038.5,2022,3,82,18,0.9999999999999988
2022-03-24,1.2552514667982538e+16,2022,3,83,18,0.9999999999999988
2022-03-25,3381837557070658.5,2022,3,84,13,0.725871066481898
2022-03-26,8186128661123928.0,2022,3,85,18,0.9999999999999988
2022-03-27,1463503645371061.8,2022,3,86,17,0.9962442398129088
2022-03-28,6934216523465243.0,2022,3,87,18,0.9999999999999988
2022-03-29,,2022,3,88,0,0.0
2022-03-30,4838558471921682.0,2022,3,89,18,0.9999999999999988
2022-03-31,8481829182919294.0,2022,3,90,18,0.9999999999999988
2022-04-01,4922303151924000.0,2022,4,91,18,0.9999999999999988
2022-04-02,8372003033109282.0,2022,4,92,18,0.9999999999999988
2022-04-03,5591002170987387.0,2022,4,93,18,0.9999999999999988
2022-04-04,7144329454874946.0,2022,4,94,18,0.9999999999999988
2022-04-05,,2022,4,95,0,0.0
2022-04-06,4048364372144040.0,2022,4,96,18,0.9999999999999988
2022-04-07,,2022,4,97,0,0.0
2022-04-08,-425942246721018.6,2022,4,98,9,0.3204846623340394
2022-04-09,3458871935181704.5,2022,4,99,17,0.9477821863308344
2022-04-10,2271319545302439.5,2022,4,100,8,0.4211546076547638
2022-04-11,5690826708151888.0,2022,4,101,18,0.9999999999999988
2022-04-12,-4406571550116358.5,2022,4,102,16,0.9498597036248811
2022-04-13,8249851175734115.0,2022,4,103,15,0.8861630619617701
2022-04-14,,2022,4,104,0,0.0
2022-04-15,1939976876893134.5,2022,4,105,10,0.3638534421696037
2022-04-16,3977254538053371.0,2022,4,106,18,0.9999999999999988
2022-04-17,3260039716683776.0,2022,4,107,18,0.9999999999999988
2022-04-18,3860622658560481.0,2022,4,108,18,0.9999999999999988
2022-04-19,2578384909236268.5,2022,4,109,6,0.1521216221511207
2022-04-20,4326023998770433.5,2022,4,110,18,0.9999999999999988
2022-04-21,,2022,4,111,0,0.0
2022-04-22,429693455984442.56,2022,4,112,16,0.9327236359779
2022-04-23,,2022,4,113,0,0.0
2022-04-24,260266331659875.4,2022,4,114,9,0.4185250566802742
2022-04-25,5181191847240877.0,2022,4,115,18,0.9999999999999988
2022-04-26,-712270459069745.0,2022,4,116,7,0.3596412651872923
2022-04-27,3473525673844430.5,2022,4,117,18,0.9999999999999988
2022-04-28,-2073437179777700.5,2022,4,118,17,0.9962442398129088
2022-04-29,5315452646690997.0,2022,4,119,18,0.9999999999999988
2022-04-30,,2022,4,120,0,0.0
2022-05-01,343194083998064.56,2022,5,121,14,0.7015939630218075
2022-05-02,5981812303766863.0,2022,5,122,17,0.9849414496470644
2022-05-03,3965793768536217.0,2022,5,123,18,0.9999999999999988
2022-05-04,4800176518701052.0,2022,5,124,18,0.9999999999999988
2022-05-05,5887834928844798.0,2022,5,125,17,0.9962442398129088
2022-05-06,3443059729097151.5,2022,5,126,18,0.9999999999999988
2022-05-07,,2022,5,127,0,0.0
2022-05-08,-162379560023991.97,2022,5,128,14,0.7145817974020142
2022-05-09,,2022,5,129,0,0.0
2022-05-10,3560241368628378.5,2022,5,130,18,0.9999999999999988
2022-05-11,2287189828868724.0,2022,5,131,18,0.9999999999999988
2022-05-12,2767135489899531.5,2022,5,132,13,0.725871066481898
2022-05-13,5090129471708807.0,2022,5,133,18,0.9999999999999988
2022-05-14,2282494086232392.5,2022,5,134,17,0.9962442398129088
2022-05-15,2926201059789170.5,2022,5,135,18,0.9999999999999988
2022-05-16,,2022,5,136,0,0.0
2022-05-17,3046588786278355.5,2022,5,137,18,0.9999999999999988
2022-05-18,5557895328732909.0,2022,5,138,18,0.9999999999999988
2022-05-19,3766971390446681.0,2022,5,139,16,0.927052523281222
2022-05-20,6128396221914622.0,2022,5,140,18,0.9999999999999988
2022-05-21,5823053144733639.0,2022,5,141,18,0.9999999999999988
2022-05-22,,2022,5,142,0,0.0
2022-05-23,,2022,5,143,0,0.0
2022-05-24,1566883266126710.8,2022,5,144,12,0.7100259063469336
2022-05-25,,2022,5,145,0,0.0
2022-05-26,804319654813163.8,2022,5,146,16,0.8110765332742511
2022-05-27,2518877051336842.0,2022,5,147,18,0.9999999999999988
2022-05-28,2362989641814644.0,2022,5,148,12,0.6061393162878369
2022-05-29,3477930100348454.0,2022,5,149,17,0.9477821863308344
2022-05-30,650669238023355.5,2022,5,150,16,0.983862277219538
2022-05-31,487357229642868.3,2022,5,151,9,0.2404667326913016
2022-06-01,,2022,6,152,0,0.0
2022-06-02,1314671167245123.8,2022,6,153,4,0.1499426960454752
2022-06-03,4178857470932497.0,2022,6,154,18,0.9999999999999988
2022-06-04,2607396418546848.0,2022,6,155,13,0.7918522754304977
2022-06-05,1866945478473669.5,2022,6,156,15,0.873973354849871
2022-06-06,5216433209555030.0,2022,6,157,18,0.9999999999999988
2022-06-07,5481315218944866.0,2022,6,158,18,0.9999999999999988
2022-06-08,,2022,6,159,0,0.0
2022-06-09,,2022,6,160,0,0.0
2022-06-10,,2022,6,161,0,0.0
2022-06-11,1428487473303620.2,2022,6,162,15,0.8530264543595838
2022-06-12,2746000540550000.5,2022,6,163,18,0.9999999999999988
2022-06-13,4251036223012864.0,2022,6,164,1,0.0129293628876867
2022-06-14,410634131956752.06,2022,6,165,4,0.1013587164656903
2022-06-15,-940866706673560.8,2022,6,166,5,0.1397396595577497
2022-06-16,1821248880804612.8,2022,6,167,2,0.0672763640220989
2022-06-17,,2022,6,168,0,0.0
2022-06-18,1236233592027217.0,2022,6,169,3,0.0730393855767262
2022-06-19,1771562559020722.2,2022,6,170,13,0.8216636237158303
2022-06-20,2993876491148785.0,2022,6,171,12,0.6473054333799153
2022-06-21,1876276633123301.5,2022,6,172,5,0.260266146566504
2022-06-22,,2022,6,173,0,0.0
2022-06-23,7267458093073123.0,2022,6,174,18,0.9999999999999988
2022-06-24,,2022,6,175,0,0.0
2022-06-25,,2022,6,176,0,0.0
2022-06-26,,2022,6,177,0,0.0
2022-06-27,,2022,6,178,0,0.0
2022-06-28,2208140804390857.2,2022,6,179,9,0.4214895988648912
2022-06-29,3275216238850221.5,2022,6,180,11,0.7091859434071214
2022-06-30,5121841175293499.0,2022,6,181,18,0.9999999999999988
2022-07-01,-333515243828956.7,2022,7,182,17,0.9962442398129088
2022-07-02,4411055584001601.5,2022,7,183,18,0.9999999999999988
2022-07-03,,2022,7,184,0,0.0
2022-07-04,1601656219987930.5,2022,7,185,6,0.1434954197448397
2022-07-05,4389868985221821.0,2022,7,186,16,0.9412335012186002
2022-07-06,2578865305831132.0,2022,7,187,14,0.8379679040066494
2022-07-07,2653329058430976.0,2022,7,188,2,0.0947557319712507
2022-07-08,2189940677156238.5,2022,7,189,16,0.9385569134590366
2022-07-09,2109736200171777.5,2022,7,190,13,0.5785637557428027
2022-07-10,,2022,7,191,0,0.0
2022-07-11,130538388974468.95,2022,7,192,7,0.2440749488794829
2022-07-12,,2022,7,193,0,0.0
2022-07-13,,2022,7,194,0,0.0
2022-07-14,1994054339700041.2,2022,7,195,4,0.0933551233697217
2022-07-15,,2022,7,196,0,0.0
2022-07-16,1351120915313071.0,2022,7,197,4,0.1013587164656903
2022-07-17,737488523173867.9,2022,7,198,17,0.9962442398129088
2022-07-18,,2022,7,199,0,0.0
2022-07-19,,2022,7,200,0,0.0
2022-07-20,2096664819738188.0,2022,7,201,18,0.9999999999999988
2022-07-21,5607588973158734.0,2022,7,202,18,0.9999999999999988
2022-07-22,2238194956664859.2,2022,7,203,12,0.6440581835799196
2022-07-23,1992356817558841.5,2022,7,204,15,0.8264729941465789
2022-07-24,3159573002078432.0,2022,7,205,7,0.2915753095827752
2022-07-25,2033112024350720.0,2022,7,206,1,0.0522178136691645
2022-07-26,,2022,7,207,0,0.0
2022-07-27,,2022,7,208,0,0.0
2022-07-28,,2022,7,209,0,0.0
2022-07-29,548766378462336.5,2022,7,210,4,0.1712734361498805
2022-07-30,4127075150457389.5,2022,7,211,18,0.9999999999999988
2022-07-31,-834581012685029.9,2022,7,212,4,0.2335686882128581
2022-08-01,,2022,8,213,0,0.0
2022-08-02,-1173394896003538.2,2022,8,214,12,0.6587842613738617
2022-08-03,4253834933101593.0,2022,8,215,18,0.9999999999999988
2022-08-04,,2022,8,216,0,0.0
2022-08-05,3099948005761708.0,2022,8,217,18,0.9999999999999988
2022-08-06,2997268485764105.0,2022,8,218,17,0.987618037406628
2022-08-07,5230879264857231.0,2022,8,219,8,0.4411043821737491
2022-08-08,-2427412877728005.5,2022,8,220,7,0.1564247826325264
2022-08-09,,2022,8,221,0,0.0
2022-08-10,5255346774465180.0,2022,8,222,18,0.9999999999999988
2022-08-11,,2022,8,223,0,0.0
2022-08-12,,2022,8,224,0,0.0
2022-08-13,,2022,8,225,0,0.0
2022-08-14,,2022,8,226,0,0.0
2022-08-15,,2022,8,227,0,0.0
2022-08-16,,2022,8,228,0,0.0
2022-08-17,5371055931119056.0,2022,8,229,15,0.8861630619617701
2022-08-18,-1287274656496689.0,2022,8,230,7,0.3598704744958269
2022-08-19,740639077339228.8,2022,8,231,6,0.2385498001719795
2022-08-20,,2022,8,232,0,0.0
2022-08-21,967157623803583.8,2022,8,233,8,0.3534642736333865
2022-08-22,5460834592142004.0,2022,8,234,17,0.9870706371123122
2022-08-23,1428449042105242.2,2022,8,235,11,0.4906952222768472
2022-08-24,3369549809028486.5,2022,8,236,18,0.9999999999999988
2022-08-25,875257846079502.2,2022,8,237,10,0.5185471278140078
2022-08-26,4255980048632974.5,2022,8,238,14,0.8464777692473493
2022-08-27,,2022,8,239,0,0.0
2022-08-28,853940171384768.9,2022,8,240,13,0.7984850809059579
2022-08-29,,2022,8,241,0,0.0
2022-08-30,,2022,8,242,0,0.0
2022-08-31,3347752731091940.0,2022,8,243,15,0.8530264543595838
2022-09-01,1167730321880902.5,2022,9,244,7,0.3596412651872923
2022-09-02,2074547426124692.8,2022,9,245,3,0.1639474485029375
2022-09-03,-1080285769682196.4,2022,9,246,12,0.7691147008485912
2022-09-04,,2022,9,247,0,0.0
2022-09-05,,2022,9,248,0,0.0
2022-09-06,,2022,9,249,0,0.0
2022-09-07,3434022117234882.5,2022,9,250,10,0.7415197235739077
2022-09-08,,2022,9,251,0,0.0
2022-09-09,4512068449535685.0,2022,9,252,18,0.9999999999999988
2022-09-10,2710883849988521.0,2022,9,253,16,0.9385569134590366
2022-09-11,2031778390212855.5,2022,9,254,18,0.9999999999999988
2022-09-12,,2022,9,255,0,0.0
2022-09-13,68583723892736.0,2022,9,256,1,0.0008399629398123
2022-09-14,,2022,9,257,0,0.0
2022-09-15,,2022,9,258,0,0.0
2022-09-16,2586418341116442.5,2022,9,259,6,0.3558855050002023
2022-09-17,561027674309076.75,2022,9,260,3,0.1172083407895429
2022-09-18,,2022,9,261,0,0.0
2022-09-19,-489373748127538.6,2022,9,262,9,0.5487939412215748
2022-09-20,1513962041477925.5,2022,9,263,15,0.8530264543595838
2022-09-21,,2022,9,264,0,0.0
2022-09-22,2518987226342999.5,2022,9,265,18,0.9999999999999988
2022-09-23,3595583428061894.5,2022,9,266,14,0.8192549972237092
2022-09-24,470494127471871.3,2022,9,267,2,0.0066029844944396
2022-09-25,926223221285448.4,2022,9,268,12,0.6473054333799153
2022-09-26,1706213119799004.0,2022,9,269,4,0.2157806085566488
2022-09-27,-3035539540279296.0,2022,9,270,1,0.00375576018709
2022-09-28,,2022,9,271,0,0.0
2022-09-29,1812575858692579.2,2022,9,272,16,0.947852442257344
2022-09-30,,2022,9,273,0,0.0
2022-10-01,3350068201411153.5,2022,10,274,18,0.9999999999999988
2022-10-02,3527676919735153.0,2022,10,275,18,0.9999999999999988
2022-10-03,3884517738233648.0,2022,10,276,11,0.7091859434071214
2022-10-04,4513079025701550.0,2022,10,277,10,0.6220435018085911
2022-10-05,-84204913131839.94,2022,10,278,12,0.7691147008485912
2022-10-06,-884901507235840.0,2022,10,279,3,0.1813508745436936
2022-10-07,,2022,10,280,0,0.0
2022-10-08,1429751211574448.8,2022,10,281,6,0.3283244201841088
2022-10-09,714790111886389.0,2022,10,282,4,0.1864563687411067
2022-10-10,2900806215214826.5,2022,10,283,7,0.6252807677301229
2022-10-11,994981526998013.0,2022,10,284,5,0.2510925438659073
2022-10-12,,2022,10,285,0,0.0
2022-10-13,3910777994544370.5,2022,10,286,18,0.9999999999999988
2022-10-14,,2022,10,287,0,0.0
2022-10-15,2303287730623036.5,2022,10,288,18,0.9999999999999988
2022-10-16,,2022,10,289,0,0.0
2022-10-17,4080040159377860.0,2022,10,290,7,0.3599034229013588
2022-10-18,,2022,10,291,0,0.0
2022-10-19,,2022,10,292,0,0.0
2022-10-20,7772333297633405.0,2022,10,293,8,0.4666143903096813
2022-10-21,,2022,10,294,0,0.0
2022-10-22,8553741761016282.0,2022,10,295,16,0.8659558172472706
2022-10-23,,2022,10,296,0,0.0
2022-10-24,3194333929611850.5,2022,10,297,17,0.9477821863308344
2022-10-25,5907021076182102.0,2022,10,298,4,0.1952183616818145
2022-10-26,5204487946668872.0,2022,10,299,11,0.6644408981532293
2022-10-27,227403890403500.72,2022,10,300,13,0.6832552086932536
2022-10-28,,2022,10,301,0,0.0
2022-10-29,6049279810527313.0,2022,10,302,17,0.9849414496470644
2022-10-30,,2022,10,303,0,0.0
2022-10-31,2251637487411347.2,2022,10,304,11,0.5737850332798349
2022-11-01,,2022,11,305,0,0.0
2022-11-02,3063681517644468.5,2022,11,306,18,0.9999999999999988
2022-11-03,3045649687892593.5,2022,11,307,15,0.7981471703865644
2022-11-04,,2022,11,308,0,0.0
2022-11-05,8204568155705722.0,2022,11,309,18,0.9999999999999988
2022-11-06,,2022,11,310,0,0.0
2022-11-07,7935486672978250.0,2022,11,311,18,0.9999999999999988
2022-11-08,,2022,11,312,0,0.0
2022-11-09,5297085647533739.0,2022,11,313,18,0.9999999999999988
2022-11-10,2601806322823799.0,2022,11,314,4,0.1864563687411067
2022-11-11,1.0259433111624296e+16,2022,11,315,14,0.8135436312588923
2022-11-12,8052786375310787.0,2022,11,316,18,0.9999999999999988
2022-11-13,,2022,11,317,0,0.0
2022-11-14,5954242147502938.0,2022,11,318,18,0.9999999999999988
2022-11-15,,2022,11,319,0,0.0
2022-11-16,3297757737660953.0,2022,11,320,18,0.9999999999999988
2022-11-17,,2022,11,321,0,0.0
2022-11-18,579715126088857.5,2022,11,322,8,0.2987933065056448
2022-11-19,1.1189922179325468e+16,2022,11,323,14,0.8681099866717212
2022-11-20,,2022,11,324,0,0.0
2022-11-21,2926259527294222.0,2022,11,325,15,0.8641305270449084
2022-11-22,,2022,11,326,0,0.0
2022-11-23,3669671467186346.5,2022,11,327,14,0.6657807676600578
2022-11-24,,2022,11,328,0,0.0
2022-11-25,3043945703926065.0,2022,11,329,16,0.9933970155055594
2022-11-26,510399771052601.1,2022,11,330,4,0.1864563687411067
2022-11-27,4762575316277404.0,2022,11,331,11,0.5275195568740719
2022-11-28,5455910546297953.0,2022,11,332,15,0.7780109406645044
2022-11-29,,2022,11,333,0,0.0
2022-11-30,216368205418513.03,2022,11,334,17,0.8994204708653557
2022-12-01,,2022,12,335,0,0.0
2022-12-02,6319731232557595.0,2022,12,336,18,0.9999999999999988
2022-12-03,,2022,12,337,0,0.0
2022-12-04,3369529953749102.0,2022,12,338,18,0.9999999999999988
2022-12-05,1.1567928589121072e+16,2022,12,339,18,0.9999999999999988
2022-12-06,,2022,12,340,0,0.0
2022-12-07,1.0830221943233326e+16,2022,12,341,18,0.9999999999999988
2022-12-08,,2022,12,342,0,0.0
2022-12-09,1.1549639992719324e+16,2022,12,343,18,0.9999999999999988
2022-12-10,,2022,12,344,0,0.0
2022-12-11,3306546003751328.0,2022,12,345,18,0.9999999999999988
2022-12-12,6023640729026241.0,2022,12,346,3,0.0858768396064635
2022-12-13,9558956680744896.0,2022,12,347,16,0.9833148769252222
2022-12-14,1.2694322105379436e+16,2022,12,348,18,0.9999999999999988
2022-12-15,,2022,12,349,0,0.0
2022-12-16,1.0680089129452602e+16,2022,12,350,18,0.9999999999999988
2022-12-17,,2022,12,351,0,0.0
2022-12-18,3400227327245605.5,2022,12,352,18,0.9999999999999988
2022-12-19,,2022,12,353,0,0.0
2022-12-20,6892270829217930.0,2022,12,354,18,0.9999999999999988
2022-12-21,1.074370298539434e+16,2022,12,355,18,0.9999999999999988
2022-12-22,,2022,12,356,0,0.0
2022-12-23,7532686711443235.0,2022,12,357,18,0.9999999999999988
2022-12-24,,2022,12,358,0,0.0
2022-12-25,,2022,12,359,0,0.0
2022-12-26,,2022,12,360,0,0.0
2022-12-27,5359756736808939.0,2022,12,361,17,0.9870706371123122
2022-12-28,-314675438701936.75,2022,12,362,4,0.1864563687411067
2022-12-29,553720905176191.4,2022,12,363,2,0.0066029844944396
2022-12-30,7049541979527932.0,2022,12,364,10,0.6427495423248348
2022-12-31,,2022,12,365,0,0.0
2023-01-01,5121967243069956.0,2023,1,1,18,0.9999999999999988
2023-01-02,,2023,1,2,0,0.0
2023-01-03,4320721216954743.0,2023,1,3,18,0.9999999999999988
2023-01-04,,2023,1,4,0,0.0
2023-01-05,5442845148669100.0,2023,1,5,18,0.9999999999999988
2023-01-06,1.1887127591781176e+16,2023,1,6,18,0.9999999999999988
2023-01-07,,2023,1,7,0,0.0
2023-01-08,8185395818437722.0,2023,1,8,18,0.9999999999999988
2023-01-09,,2023,1,9,0,0.0
2023-01-10,1.1269237032849382e+16,2023,1,10,17,0.9181736309164348
2023-01-11,,2023,1,11,0,0.0
2023-01-12,5713002869206930.0,2023,1,12,18,0.9999999999999988
2023-01-13,1845630103449221.2,2023,1,13,5,0.2081477245695012
2023-01-14,1.0575289658100088e+16,2023,1,14,14,0.8135436312588923
2023-01-15,8506172779617949.0,2023,1,15,18,0.9999999999999988
2023-01-16,,2023,1,16,0,0.0
2023-01-17,1.3427153694517228e+16,2023,1,17,18,0.9999999999999988
2023-01-18,,2023,1,18,0,0.0
2023-01-19,5777393730695206.0,2023,1,19,18,0.9999999999999988
2023-01-20,,2023,1,20,0,0.0
2023-01-21,6029569584193939.0,2023,1,21,18,0.9999999999999988
2023-01-22,7801482525348429.0,2023,1,22,18,0.9999999999999988
2023-01-23,,2023,1,23,0,0.0
2023-01-24,8150492186291000.0,2023,1,24,18,0.9999999999999988
2023-01-25,,2023,1,25,0,0.0
2023-01-26,1.3558579751856062e+16,2023,1,26,18,0.9999999999999988
2023-01-27,,2023,1,27,0,0.0
2023-01-28,6514685441466262.0,2023,1,28,18,0.9999999999999988
2023-01-29,3904275952530529.0,2023,1,29,3,0.0858768396064635
2023-01-30,9977771995683220.0,2023,1,30,16,0.9833148769252222
2023-01-31,1.1348433917372372e+16,2023,1,31,18,0.9999999999999988
2023-02-01,,2023,2,32,0,0.0
2023-02-02,,2023,2,33,0,0.0
2023-02-03,,2023,2,34,0,0.0
2023-02-04,7308313475817709.0,2023,2,35,18,0.9999999999999988
2023-02-05,,2023,2,36,0,0.0
2023-02-06,5680339532751690.0,2023,2,37,18,0.9999999999999988
2023-02-07,1.1969178595493996e+16,2023,2,38,18,0.9999999999999988
2023-02-08,,2023,2,39,0,0.0
2023-02-09,3255636517014621.0,2023,2,40,15,0.7960179829213166
2023-02-10,,2023,2,41,0,0.0
2023-02-11,4935378023260983.0,2023,2,42,18,0.9999999999999988
2023-02-12,,2023,2,43,0,0.0
2023-02-13,4984104813555795.0,2023,2,44,18,0.9999999999999988
2023-02-14,-1030623774900224.0,2023,2,45,1,0.00375576018709
2023-02-15,5905136911905462.0,2023,2,46,17,0.9962442398129088
2023-02-16,1.0784101385482912e+16,2023,2,47,18,0.9999999999999988
2023-02-17,,2023,2,48,0,0.0
2023-02-18,6482258696966958.0,2023,2,49,18,0.9999999999999988
2023-02-19,,2023,2,50,0,0.0
2023-02-20,5967677975284190.0,2023,2,51,18,0.9999999999999988
2023-02-21,,2023,2,52,0,0.0
2023-02-22,5305483629014372.0,2023,2,53,18,0.9999999999999988
2023-02-23,1.235567873327693e+16,2023,2,54,18,0.9999999999999988
2023-02-24,,2023,2,55,0,0.0
2023-02-25,4386049360017533.0,2023,2,56,18,0.9999999999999988
2023-02-26,,2023,2,57,0,0.0
2023-02-27,7718768753933592.0,2023,2,58,18,0.9999999999999988
2023-02-28,,2023,2,59,0,0.0
2023-03-01,6841163053519280.0,2023,3,60,18,0.9999999999999988
2023-03-02,1634943707447708.8,2023,3,61,5,0.2081477245695012
2023-03-03,5506195896557509.0,2023,3,62,13,0.7918522754304977
2023-03-04,8467767800392314.0,2023,3,63,18,0.9999999999999988
2023-03-05,870971163034595.1,2023,3,64,5,0.2085926700094795
2023-03-06,6638608725799096.0,2023,3,65,18,0.9999999999999988
2023-03-07,,2023,3,66,0,0.0
2023-03-08,4299714751151876.0,2023,3,67,18,0.9999999999999988
2023-03-09,,2023,3,68,0,0.0
2023-03-10,6706841822416206.0,2023,3,69,18,0.9999999999999988
2023-03-11,7572918681651459.0,2023,3,70,18,0.9999999999999988
2023-03-12,,2023,3,71,0,0.0
2023-03-13,2897470257226656.5,2023,3,72,6,0.2328559005948646
2023-03-14,-3511309342358781.5,2023,3,73,10,0.5894541932130603
2023-03-15,5185727466191507.0,2023,3,74,5,0.1397396595577497
2023-03-16,,2023,3,75,0,0.0
2023-03-17,4062512734044632.0,2023,3,76,18,0.9999999999999988
2023-03-18,602396842389423.8,2023,3,77,16,0.8885546807650833
2023-03-19,347724711363252.94,2023,3,78,18,0.9999999999999988
2023-03-20,6453852724694888.0,2023,3,79,18,0.9999999999999988
2023-03-21,1.0125553059954066e+16,2023,3,80,18,0.9999999999999988
2023-03-22,6636365029233318.0,2023,3,81,18,0.9999999999999988
2023-03-23,,2023,3,82,0,0.0
2023-03-24,5731622054931769.0,2023,3,83,18,0.9999999999999988
2023-03-25,1952352549950554.5,2023,3,84,4,0.1864563687411067
2023-03-26,3867418557465878.5,2023,3,85,18,0.9999999999999988
2023-03-27,4862815772580699.0,2023,3,86,18,0.9999999999999988
2023-03-28,4950361036486460.0,2023,3,87,18,0.9999999999999988
2023-03-29,7348420422045094.0,2023,3,88,18,0.9999999999999988
2023-03-30,,2023,3,89,0,0.0
2023-03-31,5645382466229143.0,2023,3,90,18,0.9999999999999988
2023-04-01,,2023,4,91,0,0.0
2023-04-02,3951947951398422.5,2023,4,92,18,0.9999999999999988
2023-04-03,7314511493154954.0,2023,4,93,18,0.9999999999999988
2023-04-04,3276026757478387.0,2023,4,94,15,0.9141231603935356
2023-04-05,5768829534189739.0,2023,4,95,18,0.9999999999999988
2023-04-06,-3724441102148631.0,2023,4,96,17,0.9962442398129088
2023-04-07,2214528453162914.5,2023,4,97,15,0.9810150529121884
2023-04-08,,2023,4,98,0,0.0
2023-04-09,1809915236466301.2,2023,4,99,10,0.4309025987050158
2023-04-10,2583901124201131.0,2023,4,100,17,0.9962442398129088
2023-04-11,728906706667078.9,2023,4,101,4,0.0933551233697217
2023-04-12,507371475445801.0,2023,4,102,18,0.9999999999999988
2023-04-13,6865007144655129.0,2023,4,103,10,0.4996187532551403
2023-04-14,5463069443345341.0,2023,4,104,18,0.9999999999999988
2023-04-15,,2023,4,105,0,0.0
2023-04-16,2064082631891479.2,2023,4,106,15,0.9717056596771648
2023-04-17,3327816896610304.0,2023,4,107,1,0.00375576018709
2023-04-18,1442993141802160.2,2023,4,108,12,0.4752987614045193
2023-04-19,3429661384324045.5,2023,4,109,18,0.9999999999999988
2023-04-20,2392510185553194.0,2023,4,110,12,0.8218301812261884
2023-04-21,-214992736308816.62,2023,4,111,13,0.615741272168357
2023-04-22,,2023,4,112,0,0.0
2023-04-23,997127162877004.0,2023,4,113,9,0.3030174854889838
2023-04-24,,2023,4,114,0,0.0
2023-04-25,6726943436205033.0,2023,4,115,18,0.9999999999999988
2023-04-26,7704377862866741.0,2023,4,116,18,0.9999999999999988
2023-04-27,2186725888868984.8,2023,4,117,6,0.4351268074904832
2023-04-28,4489624236454225.0,2023,4,118,18,0.9999999999999988
2023-04-29,-6322475476179421.0,2023,4,119,18,0.9999999999999988
2023-04-30,,2023,4,120,0,0.0
2023-05-01,,2023,5,121,0,0.0
2023-05-02,3984375263910433.5,2023,5,122,18,0.9999999999999988
2023-05-03,6350615498818041.0,2023,5,123,13,0.8176284245018669
2023-05-04,1014092125254658.4,2023,5,124,2,0.0672763640220989
2023-05-05,1459721462214423.8,2023,5,125,6,0.2338027793852665
2023-05-06,3559482377836067.0,2023,5,126,13,0.7847422455173153
2023-05-07,3876547372040789.5,2023,5,127,18,0.9999999999999988
2023-05-08,,2023,5,128,0,0.0
2023-05-09,-532906199011286.3,2023,5,129,3,0.0282804758861177
2023-05-10,1723555075063808.0,2023,5,130,1,0.0129293628876867
2023-05-11,1745155325135127.2,2023,5,131,7,0.4194130263453547
2023-05-12,5364236893265667.0,2023,5,132,9,0.600319901793504
2023-05-13,567039836028928.0,2023,5,133,1,0.00375576018709
2023-05-14,2428437217126368.0,2023,5,134,5,0.1557057176001025
2023-05-15,-4723476644435889.0,2023,5,135,7,0.3990791028081114
2023-05-16,,2023,5,136,0,0.0
2023-05-17,,2023,5,137,0,0.0
2023-05-18,4494472797411465.5,2023,5,138,6,0.5247012385954797
2023-05-19,4271509350824535.0,2023,5,139,11,0.7848043454960799
2023-05-20,1129953785751933.2,2023,5,140,3,0.1172083407895429
2023-05-21,3074945051520784.0,2023,5,141,12,0.7650204272878726
2023-05-22,-1981470724056880.5,2023,5,142,16,0.941057463390498
2023-05-23,6552088377609887.0,2023,5,143,13,0.7995869609145898
2023-05-24,,2023,5,144,0,0.0
2023-05-25,1742685331565459.2,2023,5,145,15,0.79869457068088
2023-05-26,3791013826531320.0,2023,5,146,15,0.9028203702276912
2023-05-27,3520064947446556.0,2023,5,147,15,0.8530264543595838
2023-05-28,3940922052328968.0,2023,5,148,8,0.283185153010378
2023-05-29,-9234898828122240.0,2023,5,149,7,0.2668821292231418
2023-05-30,3520344716051533.5,2023,5,150,17,0.9477821863308344
2023-05-31,,2023,5,151,0,0.0
2023-06-01,1559364335200331.8,2023,6,152,15,0.7814898621400751
2023-06-02,5506850104432745.0,2023,6,153,12,0.653138710861052
2023-06-03,1508679348824091.2,2023,6,154,15,0.7139759256151785
2023-06-04,792244661733365.0,2023,6,155,18,0.9999999999999988
2023-06-05,4427211291901625.5,2023,6,156,15,0.8508972668943361
2023-06-06,3856930854396577.0,2023,6,157,15,0.9259989130375637
2023-06-07,,2023,6,158,0,0.0
2023-06-08,458307696295422.06,2023,6,159,11,0.3934723923209553
2023-06-09,,2023,6,160,0,0.0
2023-06-10,1388844697081308.5,2023,6,161,13,0.5573006003468932
2023-06-11,3434110678907756.0,2023,6,162,16,0.9383808756309346
2023-06-12,1842005395388865.5,2023,6,163,14,0.8796143768495356
2023-06-13,5063046372555567.0,2023,6,164,18,0.9999999999999988
2023-06-14,1387581221857768.0,2023,6,165,14,0.8135436312588923
2023-06-15,4216439299043917.0,2023,6,166,18,0.9999999999999988
2023-06-16,,2023,6,167,0,0.0
2023-06-17,2551101655998298.0,2023,6,168,17,0.9962442398129088
2023-06-18,3524702682594437.0,2023,6,169,18,0.9999999999999988
2023-06-19,3591254044210004.5,2023,6,170,15,0.9141231603935356
2023-06-20,4870262081830962.0,2023,6,171,18,0.9999999999999988
2023-06-21,,2023,6,172,0,0.0
2023-06-22,1243991101075524.0,2023,6,173,18,0.9999999999999988
2023-06-23,,2023,6,174,0,0.0
2023-06-24,2521612544723825.0,2023,6,175,18,0.9999999999999988
2023-06-25,1941193740732396.0,2023,6,176,13,0.7914073299905194
2023-06-26,,2023,6,177,0,0.0
2023-06-27,5339583884709255.0,2023,6,178,18,0.9999999999999988
2023-06-28,-1.0710460281708574e+16,2023,6,179,2,0.0729474767187768
2023-06-29,,2023,6,180,0,0.0
2023-06-30,,2023,6,181,0,0.0
2023-07-01,705028320439644.2,2023,7,182,15,0.8635831267505928
2023-07-02,3770744181883807.0,2023,7,183,11,0.6009208971918875
2023-07-03,1089782922870784.0,2023,7,184,1,0.0150585503529344
2023-07-04,8174814914707514.0,2023,7,185,16,0.9746886745189411
2023-07-05,4593007861191445.0,2023,7,186,4,0.0933551233697217
2023-07-06,,2023,7,187,0,0.0
2023-07-07,,2023,7,188,0,0.0
2023-07-08,57783196523605.69,2023,7,189,4,0.1712734361498805
2023-07-09,,2023,7,190,0,0.0
2023-07-10,72063771475968.0,2023,7,191,1,0.0150585503529344
2023-07-11,4743340265336973.0,2023,7,192,18,0.9999999999999988
2023-07-12,4502172059993909.0,2023,7,193,15,0.9259989130375637
2023-07-13,3418184543000341.0,2023,7,194,18,0.9999999999999988
2023-07-14,-1713095196819762.8,2023,7,195,12,0.7910123124906855
2023-07-15,2772861754093722.0,2023,7,196,18,0.9999999999999988
2023-07-16,,2023,7,197,0,0.0
2023-07-17,1764284139122959.8,2023,7,198,12,0.6119855119812669
2023-07-18,6187188978920038.0,2023,7,199,18,0.9999999999999988
2023-07-19,2078677586020275.2,2023,7,200,12,0.7129417035942114
2023-07-20,3933847679502011.0,2023,7,201,18,0.9999999999999988
2023-07-21,-1256547569565842.2,2023,7,202,17,0.987618037406628
2023-07-22,3237250883237738.5,2023,7,203,5,0.1397396595577497
2023-07-23,,2023,7,204,0,0.0
2023-07-24,,2023,7,205,0,0.0
2023-07-25,4991399465253414.0,2023,7,206,18,0.9999999999999988
2023-07-26,6063399903275031.0,2023,7,207,10,0.445693187790508
2023-07-27,,2023,7,208,0,0.0
2023-07-28,4404097364845422.5,2023,7,209,10,0.3055275157381893
2023-07-29,1306636568481355.8,2023,7,210,18,0.9999999999999988
2023-07-30,,2023,7,211,0,0.0
2023-07-31,3554483864658598.0,2023,7,212,2,0.0066029844944396
2023-08-01,4977368477075188.0,2023,8,213,13,0.814553593802648
2023-08-02,3785352619262598.5,2023,8,214,11,0.6009208971918875
2023-08-03,,2023,8,215,0,0.0
2023-08-04,3250638898752696.0,2023,8,216,10,0.5447091479786
2023-08-05,3777384784455699.0,2023,8,217,9,0.5182545651685113
2023-08-06,,2023,8,218,0,0.0
2023-08-07,2679171629988901.0,2023,8,219,5,0.1397396595577497
2023-08-08,4048924166972416.0,2023,8,220,7,0.2908140565928775
2023-08-09,3892702456972228.0,2023,8,221,18,0.9999999999999988
2023-08-10,1598630832129134.0,2023,8,222,17,0.9870706371123122
2023-08-11,3353807548944994.5,2023,8,223,12,0.6281861607260294
2023-08-12,4272985044354185.0,2023,8,224,17,0.9181736309164348
2023-08-13,,2023,8,225,0,0.0
2023-08-14,,2023,8,226,0,0.0
2023-08-15,,2023,8,227,0,0.0
2023-08-16,,2023,8,228,0,0.0
2023-08-17,3270440569662224.5,2023,8,229,9,0.5154756238228387
2023-08-18,,2023,8,230,0,0.0
2023-08-19,3313749848864763.0,2023,8,231,16,0.871789094728407
2023-08-20,-3124448887107806.0,2023,8,232,11,0.7091859434071214
2023-08-21,1669074334198041.5,2023,8,233,17,0.8802682498253696
2023-08-22,,2023,8,234,0,0.0
2023-08-23,,2023,8,235,0,0.0
2023-08-24,,2023,8,236,0,0.0
2023-08-25,,2023,8,237,0,0.0
2023-08-26,412836266173228.0,2023,8,238,5,0.0971108835568117
2023-08-27,-1060003986644775.0,2023,8,239,18,0.9999999999999988
2023-08-28,,2023,8,240,0,0.0
2023-08-29,,2023,8,241,0,0.0
2023-08-30,3064125497899765.0,2023,8,242,18,0.9999999999999988
2023-08-31,1720706831778844.0,2023,8,243,9,0.4789963529030523
2023-09-01,1637354844415319.0,2023,9,244,11,0.6257992619956811
2023-09-02,4064708826772707.0,2023,9,245,18,0.9999999999999988
2023-09-03,3892794120736553.5,2023,9,246,17,0.9849414496470644
2023-09-04,3870836210247030.5,2023,9,247,18,0.9999999999999988
2023-09-05,,2023,9,248,0,0.0
2023-09-06,2680251342190147.5,2023,9,249,18,0.9999999999999988
2023-09-07,3912793222254163.0,2023,9,250,18,0.9999999999999988
2023-09-08,2959734575912064.5,2023,9,251,14,0.8379679040066494
2023-09-09,2612050267684510.5,2023,9,252,18,0.9999999999999988
2023-09-10,3357321139199249.0,2023,9,253,18,0.9999999999999988
2023-09-11,2862388892502408.5,2023,9,254,18,0.9999999999999988
2023-09-12,,2023,9,255,0,0.0
2023-09-13,1620432853177463.2,2023,9,256,18,0.9999999999999988
2023-09-14,7703577278777306.0,2023,9,257,14,0.8062671628629342
2023-09-15,3841132491736473.5,2023,9,258,7,0.317241698494889
2023-09-16,2170540033705586.5,2023,9,259,15,0.8714943843925975
2023-09-17,3175718540239555.5,2023,9,260,6,0.2910926832207568
2023-09-18,1811696393912320.0,2023,9,261,2,0.0066029844944396
2023-09-19,,2023,9,262,0,0.0
2023-09-20,1987362380591628.0,2023,9,263,18,0.9999999999999988
2023-09-21,8003556221259798.0,2023,9,264,8,0.4105458067869386
2023-09-22,2873491493291895.0,2023,9,265,18,0.9999999999999988
2023-09-23,4138056604117790.5,2023,9,266,18,0.9999999999999988
2023-09-24,3192383231253955.0,2023,9,267,18,0.9999999999999988
2023-09-25,2236014657913001.5,2023,9,268,18,0.9999999999999988
2023-09-26,,2023,9,269,0,0.0
2023-09-27,1772632376489591.8,2023,9,270,18,0.9999999999999988
2023-09-28,1292897362116608.0,2023,9,271,1,0.00375576018709
2023-09-29,2095760175715887.5,2023,9,272,3,0.1491027331056629
2023-09-30,2870925195211704.5,2023,9,273,17,0.9962442398129088
2023-10-01,4594501474139737.0,2023,10,274,15,0.8186491254563052
2023-10-02,1880375744095040.8,2023,10,275,11,0.5645784821737062
2023-10-03,-633577306081309.6,2023,10,276,3,0.0740010869624353
2023-10-04,2177335509502084.8,2023,10,277,14,0.8047816383181844
2023-10-05,,2023,10,278,0,0.0
2023-10-06,3806036965043995.0,2023,10,279,18,0.9999999999999988
2023-10-07,2386005272194433.5,2023,10,280,10,0.7093644771043862
2023-10-08,5826548377129844.0,2023,10,281,2,0.0821210794193735
2023-10-09,,2023,10,282,0,0.0
2023-10-10,,2023,10,283,0,0.0
2023-10-11,,2023,10,284,0,0.0
2023-10-12,,2023,10,285,0,0.0
2023-10-13,495358550714228.56,2023,10,286,8,0.3741030846047328
2023-10-14,3405096131433596.0,2023,10,287,8,0.4518119305652599
2023-10-15,,2023,10,288,0,0.0
2023-10-16,,2023,10,289,0,0.0
2023-10-17,,2023,10,290,0,0.0
2023-10-18,1.1443368074337886e+16,2023,10,291,18,0.9999999999999988
2023-10-19,,2023,10,292,0,0.0
2023-10-20,6247820847595137.0,2023,10,293,18,0.9999999999999988
2023-10-21,8925817073534818.0,2023,10,294,18,0.9999999999999988
2023-10-22,2846923836414808.5,2023,10,295,7,0.3990791028081114
2023-10-23,9393042822029062.0,2023,10,296,18,0.9999999999999988
2023-10-24,,2023,10,297,0,0.0
2023-10-25,,2023,10,298,0,0.0
2023-10-26,,2023,10,299,0,0.0
2023-10-27,1152079578895183.0,2023,10,300,17,0.930808283468312
2023-10-28,6479127221056388.0,2023,10,301,18,0.9999999999999988
2023-10-29,4547946289878668.0,2023,10,302,12,0.7910123124906855
2023-10-30,3928104357889800.0,2023,10,303,18,0.9999999999999988
2023-10-31,,2023,10,304,0,0.0
2023-11-01,3521213747897095.5,2023,11,305,14,0.8562597962115612
2023-11-02,,2023,11,306,0,0.0
2023-11-03,1599714177569858.2,2023,11,307,10,0.3483323295672292
2023-11-04,7115790701067064.0,2023,11,308,18,0.9999999999999988
2023-11-05,6790152544406498.0,2023,11,309,14,0.8135436312588923
2023-11-06,8779960210615691.0,2023,11,310,18,0.9999999999999988
2023-11-07,,2023,11,311,0,0.0
2023-11-08,3639965351899081.5,2023,11,312,18,0.9999999999999988
2023-11-09,,2023,11,313,0,0.0
2023-11-10,253461500759345.0,2023,11,314,11,0.755925051120516
2023-11-11,6520814469973397.0,2023,11,315,18,0.9999999999999988
2023-11-12,7543679853259434.0,2023,11,316,13,0.6564401461732906
2023-11-13,5770305164448342.0,2023,11,317,18,0.9999999999999988
2023-11-14,,2023,11,318,0,0.0
2023-11-15,5921801969346809.0,2023,11,319,18,0.9999999999999988
2023-11-16,,2023,11,320,0,0.0
2023-11-17,7066949894914206.0,2023,11,321,18,0.9999999999999988
2023-11-18,7494557178541088.0,2023,11,322,18,0.9999999999999988
2023-11-19,7037809459187029.0,2023,11,323,17,0.9962442398129088
2023-11-20,7033737968981484.0,2023,11,324,18,0.9999999999999988
2023-11-21,,2023,11,325,0,0.0
2023-11-22,,2023,11,326,0,0.0
2023-11-23,,2023,11,327,0,0.0
2023-11-24,8848091790724786.0,2023,11,328,18,0.9999999999999988
2023-11-25,7190648091926120.0,2023,11,329,18,0.9999999999999988
2023-11-26,5448410223047351.0,2023,11,330,13,0.6410284488964016
2023-11-27,1.5852263751117762e+16,2023,11,331,16,0.9745528839845145
2023-11-28,,2023,11,332,0,0.0
2023-11-29,962386673682398.0,2023,11,333,4,0.1013587164656903
2023-11-30,,2023,11,334,0,0.0
2023-12-01,906904385502356.4,2023,12,335,6,0.3283244201841088
2023-12-02,875686118031360.0,2023,12,336,1,0.0150585503529344
2023-12-04,,2023,12,338,0,0.0
2023-12-05,,2023,12,339,0,0.0
2023-12-06,,2023,12,340,0,0.0
2023-12-07,,2023,12,341,0,0.0
2023-12-08,4561113365034119.0,2023,12,342,18,0.9999999999999988
2023-12-09,8106359083694979.0,2023,12,343,18,0.9999999999999988
2023-12-10,2860257158669884.5,2023,12,344,8,0.2888423926634126
2023-12-11,,2023,12,345,0,0.0
2023-12-12,,2023,12,346,0,0.0
2023-12-13,,2023,12,347,0,0.0
2023-12-14,,2023,12,348,0,0.0
2023-12-15,,2023,12,349,0,0.0
2023-12-16,6666195617084394.0,2023,12,350,18,0.9999999999999988
2023-12-17,6277518278673443.0,2023,12,351,15,0.9141231603935356
2023-12-18,1.3528734558869858e+16,2023,12,352,18,0.9999999999999988
2023-12-19,,2023,12,353,0,0.0
2023-12-20,8557368979212600.0,2023,12,354,18,0.9999999999999988
2023-12-21,,2023,12,355,0,0.0
2023-12-22,7954650776916013.0,2023,12,356,18,0.9999999999999988
2023-12-23,1.6560229940947132e+16,2023,12,357,18,0.9999999999999988
2023-12-24,6128252741155035.0,2023,12,358,6,0.3718138392739695
2023-12-25,4304496859586759.0,2023,12,359,18,0.9999999999999988
2023-12-26,,2023,12,360,0,0.0
2023-12-27,,2023,12,361,0,0.0
2023-12-28,,2023,12,362,0,0.0
2023-12-29,1.0301660491292298e+16,2023,12,363,18,0.9999999999999988
2023-12-30,9457263170896280.0,2023,12,364,18,0.9999999999999988
2023-12-31,4021044207842982.5,2023,12,365,12,0.7910123124906855
2024-01-01,3638518619637329.5,2024,1,1,18,0.9999999999999988
2024-01-02,,2024,1,2,0,0.0
2024-01-03,7113557373782607.0,2024,1,3,18,0.9999999999999988
2024-01-04,,2024,1,4,0,0.0
2024-01-05,1934395075391214.5,2024,1,5,18,0.9999999999999988
2024-01-06,4443215047782203.0,2024,1,6,18,0.9999999999999988
2024-01-07,,2024,1,7,0,0.0
2024-01-08,4064041596819489.0,2024,1,8,18,0.9999999999999988
2024-01-09,,2024,1,9,0,0.0
2024-01-10,3837329744005861.0,2024,1,10,18,0.9999999999999988
2024-01-11,,2024,1,11,0,0.0
2024-01-12,7539301821635315.0,2024,1,12,18,0.9999999999999988
2024-01-13,3800930154775856.0,2024,1,13,12,0.4712724396346328
2024-01-14,1978925099629669.5,2024,1,14,2,0.0616191243690643
2024-01-15,1.3053718521474892e+16,2024,1,15,18,0.9999999999999988
2024-01-16,,2024,1,16,0,0.0
2024-01-17,5021149317085082.0,2024,1,17,10,0.5333856096903177
2024-01-18,,2024,1,18,0,0.0
2024-01-19,4649723289805243.0,2024,1,19,10,0.6569681297379569
2024-01-20,2192613163802462.0,2024,1,20,3,0.1469735456404152
2024-01-21,,2024,1,21,0,0.0
2024-01-22,8312311032259701.0,2024,1,22,17,0.9849414496470644
2024-01-23,,2024,1,23,0,0.0
2024-01-24,3296035095791813.0,2024,1,24,18,0.9999999999999988
2024-01-25,,2024,1,25,0,0.0
2024-01-26,3932153690559065.5,2024,1,26,18,0.9999999999999988
2024-01-27,1.377502510564103e+16,2024,1,27,18,0.9999999999999988
2024-01-28,,2024,1,28,0,0.0
2024-01-29,5718304933267707.0,2024,1,29,11,0.6452886770938113
2024-01-30,,2024,1,30,0,0.0
2024-01-31,6446290685457436.0,2024,1,31,18,0.9999999999999988
2024-02-01,,2024,2,32,0,0.0
2024-02-02,8107798812582418.0,2024,2,33,18,0.9999999999999988
2024-02-03,4543206348047204.0,2024,2,34,18,0.9999999999999988
2024-02-04,,2024,2,35,0,0.0
2024-02-05,3285575792792106.0,2024,2,36,18,0.9999999999999988
2024-02-06,,2024,2,37,0,0.0
2024-02-07,6757502886346050.0,2024,2,38,18,0.9999999999999988
2024-02-08,,2024,2,39,0,0.0
2024-02-09,6081066570604019.0,2024,2,40,18,0.9999999999999988
2024-02-10,6929674912873547.0,2024,2,41,18,0.9999999999999988
2024-02-12,6353501413150641.0,2024,2,43,16,0.7605364996313086
2024-02-13,,2024,2,44,0,0.0
2024-02-14,,2024,2,45,0,0.0
2024-02-15,,2024,2,46,0,0.0
2024-02-16,-2416695956209664.0,2024,2,47,1,0.0150585503529344
2024-02-17,,2024,2,48,0,0.0
2024-02-18,,2024,2,49,0,0.0
2024-02-19,8859697276370301.0,2024,2,50,18,0.9999999999999988
2024-02-20,,2024,2,51,0,0.0
2024-02-21,5875557533056461.0,2024,2,52,18,0.9999999999999988
2024-02-22,386660571283456.0,2024,2,53,1,0.00375576018709
2024-02-23,9895596027141024.0,2024,2,54,18,0.9999999999999988
2024-02-24,1.0742550128097422e+16,2024,2,55,18,0.9999999999999988
2024-02-25,,2024,2,56,0,0.0
2024-02-26,9360792553407020.0,2024,2,57,18,0.9999999999999988
2024-02-27,,2024,2,58,0,0.0
2024-02-28,4700154650731862.0,2024,2,59,18,0.9999999999999988
2024-02-29,3934974362246495.0,2024,2,60,8,0.4105458067869386
2024-03-01,7887580059852229.0,2024,3,61,18,0.9999999999999988
2024-03-02,1.0517893502076128e+16,2024,3,62,18,0.9999999999999988
2024-03-03,,2024,3,63,0,0.0
2024-03-04,7027245503095231.0,2024,3,64,18,0.9999999999999988
2024-03-05,,2024,3,65,0,0.0
2024-03-06,4812533260554391.0,2024,3,66,18,0.9999999999999988
2024-03-07,5404883227493912.0,2024,3,67,18,0.9999999999999988
2024-03-08,6674234294407235.0,2024,3,68,18,0.9999999999999988
2024-03-09,1.0726614235342758e+16,2024,3,69,18,0.9999999999999988
2024-03-10,-2274580530833568.5,2024,3,70,18,0.9999999999999988
2024-03-11,1.0636232026330306e+16,2024,3,71,18,0.9999999999999988
2024-03-12,,2024,3,72,0,0.0
2024-03-13,6099835299043915.0,2024,3,73,18,0.9999999999999988
2024-03-14,7157410015750724.0,2024,3,74,18,0.9999999999999988
2024-03-15,9867520463103816.0,2024,3,75,16,0.9833148769252222
2024-03-16,6178268509289949.0,2024,3,76,18,0.9999999999999988
2024-03-17,-1040428518412130.6,2024,3,77,18,0.9999999999999988
2024-03-18,4657321826497341.0,2024,3,78,18,0.9999999999999988
2024-03-19,,2024,3,79,0,0.0
2024-03-20,11531550668015.531,2024,3,80,6,0.3283244201841088
2024-03-21,4429994420688155.0,2024,3,81,18,0.9999999999999988
2024-03-22,2454121030270398.0,2024,3,82,13,0.6376753457318242
2024-03-23,6756930388713538.0,2024,3,83,18,0.9999999999999988
2024-03-24,1426780862342728.2,2024,3,84,13,0.7918522754304977
2024-03-25,3479355280023087.5,2024,3,85,14,0.7473145740981253
2024-03-26,,2024,3,86,0,0.0
2024-03-27,5584829040930358.0,2024,3,87,18,0.9999999999999988
2024-03-28,8935240197924755.0,2024,3,88,18,0.9999999999999988
2024-03-29,6027997917812571.0,2024,3,89,17,0.987618037406628
2024-03-30,4945144501072395.0,2024,3,90,18,0.9999999999999988
2024-03-31,2161855131816086.5,2024,3,91,2,0.0589425366095009
2024-04-01,4436076776276310.5,2024,4,92,18,0.9999999999999988
2024-04-02,-83959102832640.0,2024,4,93,1,0.00375576018709
2024-04-03,1321060337498303.0,2024,4,94,17,0.9536154638119712
2024-04-04,1248339250584991.8,2024,4,95,17,0.8802682498253696
2024-04-05,7384175620462275.0,2024,4,96,18,0.9999999999999988
2024-04-06,7578703018800923.0,2024,4,97,18,0.9999999999999988
2024-04-07,,2024,4,98,0,0.0
2024-04-08,4141359234301523.0,2024,4,99,18,0.9999999999999988
2024-04-09,2693940415352387.5,2024,4,100,12,0.653138710861052
2024-04-10,3621461167212175.0,2024,4,101,18,0.9999999999999988
2024-04-11,4863195154115142.0,2024,4,102,18,0.9999999999999988
2024-04-12,6156231482019808.0,2024,4,103,17,0.953439425983869
2024-04-13,5068194784417592.0,2024,4,104,18,0.9999999999999988
2024-04-14,,2024,4,105,0,0.0
2024-04-15,3425747246472186.5,2024,4,106,18,0.9999999999999988
2024-04-16,6085779097502331.0,2024,4,107,18,0.9999999999999988
2024-04-17,1026648628788352.4,2024,4,108,17,0.9962442398129088
2024-04-18,8943600344738170.0,2024,4,109,16,0.927052523281222
2024-04-19,-4557885174780806.0,2024,4,110,12,0.6099358835770378
2024-04-20,415131270147681.5,2024,4,111,11,0.3934723923209553
2024-04-21,,2024,4,112,0,0.0
2024-04-22,,2024,4,113,0,0.0
2024-04-23,2807298714073350.0,2024,4,114,14,0.6563816746807706
2024-04-24,2019274713464832.0,2024,4,115,1,0.0150585503529344
2024-04-25,4153490924997254.5,2024,4,116,8,0.4390418747535134
2024-04-26,-2012052414029360.0,2024,4,117,18,0.9999999999999988
2024-04-27,1070065190708439.6,2024,4,118,13,0.5723993690635916
2024-04-28,,2024,4,119,0,0.0
2024-04-29,1937637804569874.0,2024,4,120,17,0.9783086441716043
2024-04-30,1.1184413559449224e+16,2024,4,121,18,0.9999999999999988
2024-05-01,2594433817537969.5,2024,5,122,13,0.6997037114202752
2024-05-02,2552145599667313.0,2024,5,123,16,0.7737047983827106
2024-05-03,-2118813563238312.5,2024,5,124,3,0.0740010869624353
2024-05-04,1945481725438790.8,2024,5,125,17,0.953439425983869
2024-05-05,,2024,5,126,0,0.0
2024-05-06,3017066998625887.0,2024,5,127,8,0.378416823768409
2024-05-07,5582743113729823.0,2024,5,128,18,0.9999999999999988
2024-05-08,2118732927068010.5,2024,5,129,7,0.2267376541574778
2024-05-09,5365503788991740.0,2024,5,130,18,0.9999999999999988
2024-05-10,,2024,5,131,0,0.0
2024-05-11,2366001798437211.0,2024,5,132,18,0.9999999999999988
2024-05-12,3350765856999514.0,2024,5,133,16,0.941057463390498
2024-05-13,3933212350084997.0,2024,5,134,7,0.1723908406748792
2024-05-14,6104897860603072.0,2024,5,135,18,0.9999999999999988
2024-05-15,3499074849073716.5,2024,5,136,18,0.9999999999999988
2024-05-16,4832159531697794.0,2024,5,137,18,0.9999999999999988
2024-05-17,,2024,5,138,0,0.0
2024-05-18,2314050954783000.0,2024,5,139,18,0.9999999999999988
2024-05-19,3430414201001504.5,2024,5,140,18,0.9999999999999988
2024-05-20,3370127254418251.0,2024,5,141,17,0.9962442398129088
2024-05-21,5104120967770879.0,2024,5,142,18,0.9999999999999988
2024-05-22,-70512029903784.28,2024,5,143,18,0.9999999999999988
2024-05-23,2523285086412462.5,2024,5,144,18,0.9999999999999988
2024-05-24,,2024,5,145,0,0.0
2024-05-25,3385664566495967.5,2024,5,146,11,0.5134256536540084
2024-05-26,4231831722897573.0,2024,5,147,18,0.9999999999999988
2024-05-27,7164960731091364.0,2024,5,148,16,0.941057463390498
2024-05-28,6920740756251486.0,2024,5,149,18,0.9999999999999988
2024-05-29,-3798270434344960.0,2024,5,150,1,0.012381962593371
2024-05-30,3183284861987278.0,2024,5,151,18,0.9999999999999988
2024-05-31,4834355401632708.0,2024,5,152,3,0.0858768396064635
2024-06-01,4486006276334538.5,2024,6,153,18,0.9999999999999988
2024-06-02,2688465579915955.0,2024,6,154,18,0.9999999999999988
2024-06-03,4808555987637356.0,2024,6,155,18,0.9999999999999988
2024-06-04,118087344768481.92,2024,6,156,9,0.3663936365210732
2024-06-05,,2024,6,157,0,0.0
2024-06-06,2556672887972197.0,2024,6,158,18,0.9999999999999988
2024-06-07,4492313095098606.5,2024,6,159,18,0.9999999999999988
2024-06-08,2908250710833357.0,2024,6,160,14,0.8492706941724938
2024-06-09,1214805883171783.5,2024,6,161,11,0.6137866534500477
2024-06-10,-1808214688159017.5,2024,6,162,18,0.9999999999999988
2024-06-11,1974054137819491.2,2024,6,163,18,0.9999999999999988
2024-06-12,,2024,6,164,0,0.0
2024-06-13,3654589879973283.0,2024,6,165,18,0.9999999999999988
2024-06-14,1607668042487655.8,2024,6,166,18,0.9999999999999988
2024-06-15,1494433967339571.8,2024,6,167,12,0.6226167953983216
2024-06-16,2518964403310769.0,2024,6,168,18,0.9999999999999988
2024-06-17,256300248689537.7,2024,6,169,8,0.4641398858549991
2024-06-18,2685849532821971.0,2024,6,170,18,0.9999999999999988
2024-06-19,,2024,6,171,0,0.0
2024-06-20,,2024,6,172,0,0.0
2024-06-21,,2024,6,173,0,0.0
2024-06-22,,2024,6,174,0,0.0
2024-06-23,,2024,6,175,0,0.0
2024-06-24,,2024,6,176,0,0.0
2024-06-25,,2024,6,177,0,0.0
2024-06-26,1884212622249328.8,2024,6,178,4,0.1180483037293552
2024-06-27,,2024,6,179,0,0.0
2024-06-28,,2024,6,180,0,0.0
2024-06-29,588211283645104.8,2024,6,181,18,0.9999999999999988
2024-06-30,,2024,6,182,0,0.0
2024-07-01,,2024,7,183,0,0.0
2024-07-02,358977329537467.56,2024,7,184,5,0.3004767529509189
2024-07-03,3611611157651529.5,2024,7,185,8,0.3822714040099226
2024-07-04,1697880725347832.2,2024,7,186,13,0.7918522754304977
2024-07-05,5170629572969885.0,2024,7,187,18,0.9999999999999988
2024-07-06,-232896841053360.4,2024,7,188,16,0.9833148769252222
2024-07-07,2713325817654650.5,2024,7,189,17,0.9849414496470644
2024-07-08,,2024,7,190,0,0.0
2024-07-09,,2024,7,191,0,0.0
2024-07-10,,2024,7,192,0,0.0
2024-07-11,,2024,7,193,0,0.0
2024-07-12,4106206722324413.0,2024,7,194,10,0.5516512669763325
2024-07-13,,2024,7,195,0,0.0
2024-07-14,1339381905266181.2,2024,7,196,13,0.6959077328694211
2024-07-15,2206725054909257.2,2024,7,197,9,0.4604594839482142
2024-07-16,,2024,7,198,0,0.0
2024-07-17,3692920501337139.0,2024,7,199,15,0.807320773087161
2024-07-18,-1112130086023144.2,2024,7,200,10,0.5192313840099287
2024-07-19,,2024,7,201,0,0.0
2024-07-20,,2024,7,202,0,0.0
2024-07-21,1199002206342015.8,2024,7,203,2,0.0066029844944396
2024-07-22,2767167132056835.0,2024,7,204,8,0.4666143903096813
2024-07-23,,2024,7,205,0,0.0
2024-07-24,6142504599068822.0,2024,7,206,5,0.1455729370388863
2024-07-25,273851616622890.47,2024,7,207,17,0.9962442398129088
2024-07-26,1961213428514840.5,2024,7,208,9,0.3012243552567836
2024-07-27,,2024,7,209,0,0.0
2024-07-28,,2024,7,210,0,0.0
2024-07-29,2464470983039839.0,2024,7,211,14,0.6809103330054318
2024-07-30,1444097876892827.8,2024,7,212,8,0.4666143903096813
2024-07-31,4770359062264537.0,2024,7,213,11,0.5546204173813924
2024-08-01,,2024,8,214,0,0.0
2024-08-02,837643176771584.0,2024,8,215,2,0.0947557319712507
2024-08-03,5514556823490629.0,2024,8,216,15,0.9259989130375637
2024-08-04,3795227036046089.5,2024,8,217,17,0.9870706371123122
2024-08-05,3353640506634433.0,2024,8,218,17,0.930808283468312
2024-08-06,-214353087451778.62,2024,8,219,16,0.8280504361367733
2024-08-07,949071078372199.0,2024,8,220,15,0.8549569243443118
2024-08-08,,2024,8,221,0,0.0
2024-08-09,1193476998365181.5,2024,8,222,16,0.9933970155055594
2024-08-10,591141561463778.2,2024,8,223,8,0.3636262346829169
2024-08-11,,2024,8,224,0,0.0
2024-08-12,,2024,8,225,0,0.0
2024-08-13,-221083898268428.25,2024,8,226,11,0.7091859434071214
2024-08-14,1730552601798653.0,2024,8,227,17,0.9942369784453716
2024-08-15,,2024,8,228,0,0.0
2024-08-16,,2024,8,229,0,0.0
2024-08-17,2687362311649312.5,2024,8,230,14,0.7233840376363972
2024-08-18,2447187713580573.5,2024,8,231,18,0.9999999999999988
2024-08-19,4667648272383821.0,2024,8,232,17,0.9181736309164348
2024-08-20,,2024,8,233,0,0.0
2024-08-21,1437001939775405.2,2024,8,234,18,0.9999999999999988
2024-08-22,2123399726292324.0,2024,8,235,13,0.5950305115985803
2024-08-23,-244195113566208.0,2024,8,236,1,0.081826369083564
2024-08-24,4710817899257579.0,2024,8,237,18,0.9999999999999988
2024-08-25,-768622987096946.4,2024,8,238,18,0.9999999999999988
2024-08-26,3028054299557388.0,2024,8,239,18,0.9999999999999988
2024-08-27,,2024,8,240,0,0.0
2024-08-28,-1033954790473728.0,2024,8,241,2,0.0066029844944396
2024-08-29,5565514979734318.0,2024,8,242,17,0.9962442398129088
2024-08-30,1923440569411440.8,2024,8,243,13,0.7918522754304977
2024-08-31,3746457014486306.5,2024,8,244,16,0.8678862872125668
2024-09-01,,2024,9,245,0,0.0
2024-09-02,1058511433070502.4,2024,9,246,12,0.8565045802551592
2024-09-03,7450830949858491.0,2024,9,247,12,0.8570959762936224
2024-09-04,1068992296392358.8,2024,9,248,12,0.6705421369018081
2024-09-05,-920025103834419.4,2024,9,249,3,0.0262870789552968
2024-09-06,-1652832306210942.5,2024,9,250,14,0.7145817974020142
2024-09-07,,2024,9,251,0,0.0
2024-09-08,,2024,9,252,0,0.0
2024-09-09,,2024,9,253,0,0.0
2024-09-10,3140514156375533.0,2024,9,254,5,0.1445801667282501
2024-09-11,,2024,9,255,0,0.0
2024-09-12,3695536700341262.5,2024,9,256,11,0.473440517007102
2024-09-13,-1460978222891008.0,2024,9,257,1,0.012381962593371
2024-09-14,2278113295187114.0,2024,9,258,16,0.9327236359779
2024-09-15,,2024,9,259,0,0.0
2024-09-16,,2024,9,260,0,0.0
2024-09-17,3796787963438856.0,2024,9,261,9,0.4014919653795102
2024-09-18,848145304679825.8,2024,9,262,18,0.9999999999999988
2024-09-19,4603320983953877.0,2024,9,263,18,0.9999999999999988
2024-09-20,,2024,9,264,0,0.0
2024-09-21,1492609536708827.5,2024,9,265,15,0.7645159592775528
2024-09-22,1405710018982592.8,2024,9,266,18,0.9999999999999988
2024-09-23,2287024451092480.0,2024,9,267,1,0.0008399629398123
2024-09-24,,2024,9,268,0,0.0
2024-09-25,-558391910796748.06,2024,9,269,3,0.0740010869624353
2024-09-26,,2024,9,270,0,0.0
2024-09-27,,2024,9,271,0,0.0
2024-09-28,,2024,9,272,0,0.0
2024-09-29,,2024,9,273,0,0.0
2024-09-30,3360528891004427.0,2024,9,274,13,0.8273965631803711
2024-10-01,3527408321822720.0,2024,10,275,3,0.1813508745436936
2024-10-02,,2024,10,276,0,0.0
2024-10-03,5436184653696352.0,2024,10,277,10,0.4827521130901423
2024-10-04,-1183971492366288.2,2024,10,278,2,0.0066029844944396
2024-10-05,,2024,10,279,0,0.0
2024-10-06,,2024,10,280,0,0.0
2024-10-07,,2024,10,281,0,0.0
2024-10-08,,2024,10,282,0,0.0
2024-10-09,,2024,10,283,0,0.0
2024-10-10,3442122308113888.5,2024,10,284,18,0.9999999999999988
2024-10-11,6393395182528616.0,2024,10,285,18,0.9999999999999988
2024-10-12,,2024,10,286,0,0.0
2024-10-13,1827421176949063.2,2024,10,287,10,0.469684756820012
2024-10-14,,2024,10,288,0,0.0
2024-10-15,-448890421936720.06,2024,10,289,8,0.3534642736333865
2024-10-16,6036590513498405.0,2024,10,290,17,0.9849414496470644
2024-10-17,,2024,10,291,0,0.0
2024-10-18,5968167565037705.0,2024,10,292,18,0.9999999999999988
2024-10-19,,2024,10,293,0,0.0
2024-10-20,,2024,10,294,0,0.0
2024-10-21,5160912941402031.0,2024,10,295,2,0.0947557319712507
2024-10-22,4339798962707291.0,2024,10,296,18,0.9999999999999988
2024-10-23,6700499116374422.0,2024,10,297,18,0.9999999999999988
2024-10-24,,2024,10,298,0,0.0
2024-10-25,4961559920366566.0,2024,10,299,18,0.9999999999999988
2024-10-26,,2024,10,300,0,0.0
2024-10-27,-3923426318221312.0,2024,10,301,1,0.00375576018709
2024-10-28,1.064968702311881e+16,2024,10,302,14,0.8169713454300833
2024-10-29,,2024,10,303,0,0.0
2024-10-30,1.543479587524642e+16,2024,10,304,15,0.859231094306934
2024-10-31,,2024,10,305,0,0.0
2024-11-01,2006116148763800.0,2024,11,306,2,0.0158985132927467
2024-11-02,8190717849132955.0,2024,11,307,18,0.9999999999999988
2024-11-03,,2024,11,308,0,0.0
2024-11-04,8939117691073453.0,2024,11,309,18,0.9999999999999988
2024-11-05,,2024,11,310,0,0.0
2024-11-06,4381241787614129.5,2024,11,311,18,0.9999999999999988
2024-11-07,,2024,11,312,0,0.0
2024-11-08,6461730237026003.0,2024,11,313,18,0.9999999999999988
2024-11-09,5113693760260862.0,2024,11,314,18,0.9999999999999988
2024-11-10,,2024,11,315,0,0.0
2024-11-11,4019786453376265.0,2024,11,316,18,0.9999999999999988
2024-11-12,,2024,11,317,0,0.0
2024-11-13,4006776784304114.5,2024,11,318,18,0.9999999999999988
2024-11-14,,2024,11,319,0,0.0
2024-11-15,,2024,11,320,0,0.0
2024-11-16,6984371236792794.0,2024,11,321,18,0.9999999999999988
2024-11-17,,2024,11,322,0,0.0
2024-11-18,3854535689956545.0,2024,11,323,18,0.9999999999999988
2024-11-19,1.2498282548792046e+16,2024,11,324,16,0.941057463390498
2024-11-20,,2024,11,325,0,0.0
2024-11-21,8370500240829070.0,2024,11,326,16,0.9383808756309346
2024-11-22,,2024,11,327,0,0.0
2024-11-23,5499763674196228.0,2024,11,328,18,0.9999999999999988
2024-11-24,,2024,11,329,0,0.0
2024-11-25,5745435674761508.0,2024,11,330,18,0.9999999999999988
2024-11-26,8300196955617907.0,2024,11,331,18,0.9999999999999988
2024-11-27,,2024,11,332,0,0.0
2024-11-28,1.1946376774872306e+16,2024,11,333,18,0.9999999999999988
2024-11-29,,2024,11,334,0,0.0
2024-11-30,4868915093424604.0,2024,11,335,18,0.9999999999999988
2024-12-01,5885989302280979.0,2024,12,336,18,0.9999999999999988
2024-12-02,,2024,12,337,0,0.0
2024-12-03,6018129001974034.0,2024,12,338,18,0.9999999999999988
2024-12-04,,2024,12,339,0,0.0
2024-12-05,8028509482519387.0,2024,12,340,18,0.9999999999999988
2024-12-06,1.2427222587442848e+16,2024,12,341,18,0.9999999999999988
2024-12-07,7660069662316589.0,2024,12,342,15,0.9141231603935356
2024-12-08,7964484357159434.0,2024,12,343,18,0.9999999999999988
2024-12-09,,2024,12,344,0,0.0
2024-12-10,6751993642137139.0,2024,12,345,18,0.9999999999999988
2024-12-11,,2024,12,346,0,0.0
2024-12-12,7565356030470782.0,2024,12,347,16,0.927052523281222
2024-12-13,7644760774713576.0,2024,12,348,18,0.9999999999999988
2024-12-14,,2024,12,349,0,0.0
2024-12-15,3213248179667784.5,2024,12,350,18,0.9999999999999988
2024-12-16,,2024,12,351,0,0.0
2024-12-17,,2024,12,352,0,0.0
2024-12-18,1.4739942084343418e+16,2024,12,353,16,0.8659558172472706
2024-12-19,,2024,12,354,0,0.0
2024-12-20,9431124660017418.0,2024,12,355,17,0.9181736309164348
2024-12-21,,2024,12,356,0,0.0
2024-12-22,,2024,12,357,0,0.0
2024-12-23,1.2697953931812346e+16,2024,12,358,10,0.7059699204760483
2024-12-24,1.2862031038896474e+16,2024,12,359,4,0.2854182025979845
2024-12-25,3037112886623746.0,2024,12,360,18,0.9999999999999988
2024-12-26,,2024,12,361,0,0.0
2024-12-27,6494710769440995.0,2024,12,362,18,0.9999999999999988
2024-12-28,,2024,12,363,0,0.0
2024-12-29,5447103986921191.0,2024,12,364,18,0.9999999999999988
2024-12-30,1.1476938927492378e+16,2024,12,365,18,0.9999999999999988
2024-12-31,,2024,12,366,0,0.0
